asset_no,device_type,brand,model,serial,building,floor,department,location,department_code,status,site,contract_no,ip,mac,remote_id,updated_at,updated_by,remark,vendor,install_date,uninstall_date,warranty_end,device_group,cost_center,meter_required,meter_mode,asset_site_code
1,BARCODE SCANNERS,ZEBRA,DS2208,S22149010554027,PCU 1,1,ศูนย์ส่งเสริมสุขภาพชุม 1,บขส.ใหม่,เวชปฏิบัติครอบครัว/ปฐมภูมิ,Active,โรงพยาบาลศูนย์อุดรธานี,อด 0033.1/380/2568 ลงวันที่ 26 สิงหาคม 2568,,,,2026-05-14 17:43:14,System,,,,,,COMPANY,,FALSE,TOTAL,UDH-00001
2,BARCODE SCANNERS,ZEBRA,DS2208,S22149010554081,PCU 1,1,ศูนย์ส่งเสริมสุขภาพชุม 1,บขส.ใหม่,เวชปฏิบัติครอบครัว/ปฐมภูมิ,Active,โรงพยาบาลศูนย์อุดรธานี,อด 0033.1/380/2568 ลงวันที่ 26 สิงหาคม 2568,,,,2026-05-31 03:05:10,nikorn2527@gmail.com,,,,,,COMPANY,,FALSE,TOTAL,UDH-00002
3,BARCODE SCANNERS,ZEBRA,DS2208,S22149010554090,PCU 1,1,ศูนย์ส่งเสริมสุขภาพชุม 1,บขส.ใหม่,เวชปฏิบัติครอบครัว/ปฐมภูมิ,Active,โรงพยาบาลศูนย์อุดรธานี,อด 0033.1/380/2568 ลงวันที่ 26 สิงหาคม 2568,,,,2026-05-14 17:43:14,System,,,,,,COMPANY,,FALSE,TOTAL,UDH-00003
4,BARCODE SCANNERS,ZEBRA,DS2208,S22149010554075,PCU 1,1,ศูนย์ส่งเสริมสุขภาพชุม 1,บขส.ใหม่,เวชปฏิบัติครอบครัว/ปฐมภูมิ,Active,โรงพยาบาลศูนย์อุดรธานี,อด 0033.1/380/2568 ลงวันที่ 26 สิงหาคม 2568,,,,2026-05-14 17:43:14,System,,,,,,COMPANY,,FALSE,TOTAL,UDH-00004
5,BARCODE SCANNERS,ZEBRA,DS2208,S22149010554089,PCU 1,1,ศูนย์ส่งเสริมสุขภาพชุม 1,บขส.ใหม่,เวชปฏิบัติครอบครัว/ปฐมภูมิ,Active,โรงพยาบาลศูนย์อุดรธานี,อด 0033.1/380/2568 ลงวันที่ 26 สิงหาคม 2568,,,,2026-05-14 17:43:14,System,,,,,,COMPANY,,FALSE,TOTAL,UDH-00005
6,BARCODE SCANNERS,ZEBRA,DS2208,S22149010554074,PCU 1,1,ศูนย์ส่งเสริมสุขภาพชุม 1,บขส.ใหม่,เวชปฏิบัติครอบครัว/ปฐมภูมิ,Active,โรงพยาบาลศูนย์อุดรธานี,อด 0033.1/380/2568 ลงวันที่ 26 สิงหาคม 2568,,,,2026-05-14 17:43:14,System,,,,,,COMPANY,,FALSE,TOTAL,UDH-00006
7,BARCODE SCANNERS,ZEBRA,DS2208,S22149010554083,PCU 1,1,ศูนย์ส่งเสริมสุขภาพชุม 1,บขส.ใหม่,เวชปฏิบัติครอบครัว/ปฐมภูมิ,Active,โรงพยาบาลศูนย์อุดรธานี,อด 0033.1/380/2568 ลงวันที่ 26 สิงหาคม 2568,,,,2026-05-14 17:43:14,System,,,,,,COMPANY,,FALSE,TOTAL,UDH-00007
8,BARCODE SCANNERS,ZEBRA,DS2208,S22149010554092,PCU 1,1,ศูนย์ส่งเสริมสุขภาพชุม 1,บขส.ใหม่,เวชปฏิบัติครอบครัว/ปฐมภูมิ,Active,โรงพยาบาลศูนย์อุดรธานี,อด 0033.1/380/2568 ลงวันที่ 26 สิงหาคม 2568,,,,2026-05-14 17:43:14,System,,,,,,COMPANY,,FALSE,TOTAL,UDH-00008
9,BARCODE SCANNERS,ZEBRA,DS2208,S22179010552299,PCU 1,1,ศูนย์ส่งเสริมสุขภาพชุม 1,บขส.ใหม่,เวชปฏิบัติครอบครัว/ปฐมภูมิ,Active,โรงพยาบาลศูนย์อุดรธานี,อด 0033.1/380/2568 ลงวันที่ 26 สิงหาคม 2568,,,,2026-05-14 17:43:14,System,,,,,,COMPANY,,FALSE,TOTAL,UDH-00009
10,BARCODE SCANNERS,ZEBRA,DS2208,S22179010552140,PCU 1,1,ศูนย์ส่งเสริมสุขภาพชุม 1,บขส.ใหม่,เวชปฏิบัติครอบครัว/ปฐมภูมิ,Active,โรงพยาบาลศูนย์อุดรธานี,อด 0033.1/380/2568 ลงวันที่ 26 สิงหาคม 2568,,,,2026-05-14 17:43:14,System,,,,,,COMPANY,,FALSE,TOTAL,UDH-00010
11,PRINTER INKJET AIO,EPSON,L5290,X8H2029609,PCU 1,1,ศูนย์ส่งเสริมสุขภาพชุม 1,บขส.ใหม่,เวชปฏิบัติครอบครัว/ปฐมภูมิ,Active,โรงพยาบาลศูนย์อุดรธานี,อด 0033.1/380/2568 ลงวันที่ 26 สิงหาคม 2568,,,,2026-05-14 17:43:14,System,,,,,,COMPANY,,TRUE,TOTAL,UDH-00011
12,PRINTER INKJET AIO,EPSON,L5290,X8H2029631,PCU 1,1,ศูนย์ส่งเสริมสุขภาพชุม 1,บขส.ใหม่,เวชปฏิบัติครอบครัว/ปฐมภูมิ,Active,โรงพยาบาลศูนย์อุดรธานี,อด 0033.1/380/2568 ลงวันที่ 26 สิงหาคม 2568,,,,2026-05-14 17:43:14,System,,,,,,COMPANY,,TRUE,TOTAL,UDH-00012
13,PRINTER INKJET AIO,EPSON,L5290,X8H2029174,PCU 1,1,ศูนย์ส่งเสริมสุขภาพชุม 1,บขส.ใหม่,เวชปฏิบัติครอบครัว/ปฐมภูมิ,Active,โรงพยาบาลศูนย์อุดรธานี,อด 0033.1/380/2568 ลงวันที่ 26 สิงหาคม 2568,,,,2026-05-14 17:43:14,System,,,,,,COMPANY,,TRUE,TOTAL,UDH-00013
14,PRINTER INKJET AIO,EPSON,L5290,X8H2029147,PCU 1,1,ศูนย์ส่งเสริมสุขภาพชุม 1,บขส.ใหม่,เวชปฏิบัติครอบครัว/ปฐมภูมิ,Active,โรงพยาบาลศูนย์อุดรธานี,อด 0033.1/380/2568 ลงวันที่ 26 สิงหาคม 2568,,,,2026-05-14 17:43:14,System,,,,,,COMPANY,,TRUE,TOTAL,UDH-00014
15,PRINTER INKJET AIO,EPSON,L5290,X8H2029446,PCU 1,1,ศูนย์ส่งเสริมสุขภาพชุม 1,บขส.ใหม่,เวชปฏิบัติครอบครัว/ปฐมภูมิ,Active,โรงพยาบาลศูนย์อุดรธานี,อด 0033.1/380/2568 ลงวันที่ 26 สิงหาคม 2568,,,,2026-05-14 17:43:14,System,,,,,,COMPANY,,TRUE,TOTAL,UDH-00015
16,PRINTER THERMAL,ZEBRA,ZD421,D6J222613642,PCU 1,1,ศูนย์ส่งเสริมสุขภาพชุม 1,บขส.ใหม่,เวชปฏิบัติครอบครัว/ปฐมภูมิ,Active,โรงพยาบาลศูนย์อุดรธานี,อด 0033.1/380/2568 ลงวันที่ 26 สิงหาคม 2568,,,,2026-05-14 17:43:14,System,,,,,,COMPANY,,FALSE,TOTAL,UDH-00016
17,PRINTER THERMAL,ZEBRA,ZD421,D6J222702210,PCU 1,1,ศูนย์ส่งเสริมสุขภาพชุม 1,บขส.ใหม่,เวชปฏิบัติครอบครัว/ปฐมภูมิ,Active,โรงพยาบาลศูนย์อุดรธานี,อด 0033.1/380/2568 ลงวันที่ 26 สิงหาคม 2568,,,,2026-05-14 17:43:14,System,,,,,,COMPANY,,FALSE,TOTAL,UDH-00017
18,BARCODE SCANNERS,ZEBRA,DS2208,S22149010555104,PCU 2,1,ศูนย์ส่งเสริมสุขภาพชุม 2,ศูนย์จุฬา,เวชปฏิบัติครอบครัว/ปฐมภูมิ,Active,โรงพยาบาลศูนย์อุดรธานี,อด 0033.1/380/2568 ลงวันที่ 26 สิงหาคม 2568,,,,2026-05-14 17:43:14,System,,,,,,COMPANY,,FALSE,TOTAL,UDH-00018
19,BARCODE SCANNERS,ZEBRA,DS2208,S22179010552266,PCU 2,1,ศูนย์ส่งเสริมสุขภาพชุม 2,ศูนย์จุฬา,เวชปฏิบัติครอบครัว/ปฐมภูมิ,Active,โรงพยาบาลศูนย์อุดรธานี,อด 0033.1/380/2568 ลงวันที่ 26 สิงหาคม 2568,,,,2026-05-14 17:43:14,System,,,,,,COMPANY,,FALSE,TOTAL,UDH-00019
20,BARCODE SCANNERS,ZEBRA,DS2208,S22179010552272,PCU 2,1,ศูนย์ส่งเสริมสุขภาพชุม 2,ศูนย์จุฬา,เวชปฏิบัติครอบครัว/ปฐมภูมิ,Active,โรงพยาบาลศูนย์อุดรธานี,อด 0033.1/380/2568 ลงวันที่ 26 สิงหาคม 2568,,,,2026-05-14 17:43:14,System,,,,,,COMPANY,,FALSE,TOTAL,UDH-00020
21,BARCODE SCANNERS,ZEBRA,DS2208,S22179010552262,PCU 2,1,ศูนย์ส่งเสริมสุขภาพชุม 2,ศูนย์จุฬา,เวชปฏิบัติครอบครัว/ปฐมภูมิ,Active,โรงพยาบาลศูนย์อุดรธานี,อด 0033.1/380/2568 ลงวันที่ 26 สิงหาคม 2568,,,,2026-05-14 17:43:14,System,,,,,,COMPANY,,FALSE,TOTAL,UDH-00021
22,BARCODE SCANNERS,ZEBRA,DS2208,S22146010559442,PCU 2,1,ศูนย์ส่งเสริมสุขภาพชุม 2,ศูนย์จุฬา,เวชปฏิบัติครอบครัว/ปฐมภูมิ,Active,โรงพยาบาลศูนย์อุดรธานี,อด 0033.1/380/2568 ลงวันที่ 26 สิงหาคม 2568,,,,2026-05-14 17:43:14,System,,,,,,COMPANY,,FALSE,TOTAL,UDH-00022
23,BARCODE SCANNERS,ZEBRA,DS2208,S22149010555105,PCU 2,1,ศูนย์ส่งเสริมสุขภาพชุม 2,ศูนย์จุฬา,เวชปฏิบัติครอบครัว/ปฐมภูมิ,Active,โรงพยาบาลศูนย์อุดรธานี,อด 0033.1/380/2568 ลงวันที่ 26 สิงหาคม 2568,,,,2026-05-14 17:43:14,System,,,,,,COMPANY,,FALSE,TOTAL,UDH-00023
24,BARCODE SCANNERS,ZEBRA,DS2208,S22149010555468,PCU 2,1,ศูนย์ส่งเสริมสุขภาพชุม 2,ศูนย์จุฬา,เวชปฏิบัติครอบครัว/ปฐมภูมิ,Active,โรงพยาบาลศูนย์อุดรธานี,อด 0033.1/380/2568 ลงวันที่ 26 สิงหาคม 2568,,,,2026-05-14 17:43:14,System,,,,,,COMPANY,,FALSE,TOTAL,UDH-00024
25,BARCODE SCANNERS,ZEBRA,DS2208,S22150010551719,PCU 2,1,ศูนย์ส่งเสริมสุขภาพชุม 2,ศูนย์จุฬา,เวชปฏิบัติครอบครัว/ปฐมภูมิ,Active,โรงพยาบาลศูนย์อุดรธานี,อด 0033.1/380/2568 ลงวันที่ 26 สิงหาคม 2568,,,,2026-05-14 17:43:14,System,,,,,,COMPANY,,FALSE,TOTAL,UDH-00025
26,BARCODE SCANNERS,ZEBRA,DS2208,S22150010551723,PCU 2,1,ศูนย์ส่งเสริมสุขภาพชุม 2,ศูนย์จุฬา,เวชปฏิบัติครอบครัว/ปฐมภูมิ,Active,โรงพยาบาลศูนย์อุดรธานี,อด 0033.1/380/2568 ลงวันที่ 26 สิงหาคม 2568,,,,2026-05-14 17:43:14,System,,,,,,COMPANY,,FALSE,TOTAL,UDH-00026
27,BARCODE SCANNERS,ZEBRA,DS2208,S22149010555471,PCU 2,1,ศูนย์ส่งเสริมสุขภาพชุม 2,ศูนย์จุฬา,เวชปฏิบัติครอบครัว/ปฐมภูมิ,Active,โรงพยาบาลศูนย์อุดรธานี,อด 0033.1/380/2568 ลงวันที่ 26 สิงหาคม 2568,,,,2026-05-14 17:43:14,System,,,,,,COMPANY,,FALSE,TOTAL,UDH-00027
28,BARCODE SCANNERS,ZEBRA,DS2208,S22150010551724,PCU 2,1,ศูนย์ส่งเสริมสุขภาพชุม 2,ศูนย์จุฬา,เวชปฏิบัติครอบครัว/ปฐมภูมิ,Active,โรงพยาบาลศูนย์อุดรธานี,อด 0033.1/380/2568 ลงวันที่ 26 สิงหาคม 2568,,,,2026-05-14 17:43:14,System,,,,,,COMPANY,,FALSE,TOTAL,UDH-00028
29,BARCODE SCANNERS,ZEBRA,DS2208,S22149010555473,PCU 2,1,ศูนย์ส่งเสริมสุขภาพชุม 2,ศูนย์จุฬา,เวชปฏิบัติครอบครัว/ปฐมภูมิ,Active,โรงพยาบาลศูนย์อุดรธานี,อด 0033.1/380/2568 ลงวันที่ 26 สิงหาคม 2568,,,,2026-05-14 17:43:14,System,,,,,,COMPANY,,FALSE,TOTAL,UDH-00029
30,BARCODE SCANNERS,ZEBRA,DS2208,S22149010555480,PCU 2,1,ศูนย์ส่งเสริมสุขภาพชุม 2,ศูนย์จุฬา,เวชปฏิบัติครอบครัว/ปฐมภูมิ,Active,โรงพยาบาลศูนย์อุดรธานี,อด 0033.1/380/2568 ลงวันที่ 26 สิงหาคม 2568,,,,2026-05-14 17:43:14,System,,,,,,COMPANY,,FALSE,TOTAL,UDH-00030
31,BARCODE SCANNERS,ZEBRA,DS2208,S22179010552061,PCU 2,1,ศูนย์ส่งเสริมสุขภาพชุม 2,ศูนย์จุฬา,เวชปฏิบัติครอบครัว/ปฐมภูมิ,Active,โรงพยาบาลศูนย์อุดรธานี,อด 0033.1/380/2568 ลงวันที่ 26 สิงหาคม 2568,,,,2026-05-14 17:43:14,System,,,,,,COMPANY,,FALSE,TOTAL,UDH-00031
32,BARCODE SCANNERS,ZEBRA,DS2208,S22179010552066,PCU 2,1,ศูนย์ส่งเสริมสุขภาพชุม 2,ศูนย์จุฬา,เวชปฏิบัติครอบครัว/ปฐมภูมิ,Active,โรงพยาบาลศูนย์อุดรธานี,อด 0033.1/380/2568 ลงวันที่ 26 สิงหาคม 2568,,,,2026-05-14 17:43:14,System,,,,,,COMPANY,,FALSE,TOTAL,UDH-00032
33,BARCODE SCANNERS,ZEBRA,DS2208,S22179010552048,PCU 2,1,ศูนย์ส่งเสริมสุขภาพชุม 2,ศูนย์จุฬา,เวชปฏิบัติครอบครัว/ปฐมภูมิ,Active,โรงพยาบาลศูนย์อุดรธานี,อด 0033.1/380/2568 ลงวันที่ 26 สิงหาคม 2568,,,,2026-05-14 17:43:14,System,,,,,,COMPANY,,FALSE,TOTAL,UDH-00033
34,BARCODE SCANNERS,ZEBRA,DS2208,S22179010552058,PCU 2,1,ศูนย์ส่งเสริมสุขภาพชุม 2,ศูนย์จุฬา,เวชปฏิบัติครอบครัว/ปฐมภูมิ,Active,โรงพยาบาลศูนย์อุดรธานี,อด 0033.1/380/2568 ลงวันที่ 26 สิงหาคม 2568,,,,2026-05-14 17:43:14,System,,,,,,COMPANY,,FALSE,TOTAL,UDH-00034
35,BARCODE SCANNERS,ZEBRA,DS2208,S22179010552067,PCU 2,1,ศูนย์ส่งเสริมสุขภาพชุม 2,ศูนย์จุฬา,เวชปฏิบัติครอบครัว/ปฐมภูมิ,Active,โรงพยาบาลศูนย์อุดรธานี,อด 0033.1/380/2568 ลงวันที่ 26 สิงหาคม 2568,,,,2026-05-14 17:43:14,System,,,,,,COMPANY,,FALSE,TOTAL,UDH-00035
36,BARCODE SCANNERS,ZEBRA,DS2208,S22179010552055,PCU 2,1,ศูนย์ส่งเสริมสุขภาพชุม 2,ศูนย์จุฬา,เวชปฏิบัติครอบครัว/ปฐมภูมิ,Active,โรงพยาบาลศูนย์อุดรธานี,อด 0033.1/380/2568 ลงวันที่ 26 สิงหาคม 2568,,,,2026-05-14 17:43:14,System,,,,,,COMPANY,,FALSE,TOTAL,UDH-00036
37,BARCODE SCANNERS,ZEBRA,DS2208,S22179010552085,PCU 2,1,ศูนย์ส่งเสริมสุขภาพชุม 2,ศูนย์จุฬา,เวชปฏิบัติครอบครัว/ปฐมภูมิ,Active,โรงพยาบาลศูนย์อุดรธานี,อด 0033.1/380/2568 ลงวันที่ 26 สิงหาคม 2568,,,,2026-05-14 17:43:14,System,,,,,,COMPANY,,FALSE,TOTAL,UDH-00037
38,PRINTER INKJET AIO,EPSON,L5290,X8H2029237,PCU 2,1,ศูนย์ส่งเสริมสุขภาพชุม 2,ศูนย์จุฬา,เวชปฏิบัติครอบครัว/ปฐมภูมิ,Active,โรงพยาบาลศูนย์อุดรธานี,อด 0033.1/380/2568 ลงวันที่ 26 สิงหาคม 2568,,,,2026-05-14 17:43:14,System,,,,,,COMPANY,,TRUE,TOTAL,UDH-00038
39,PRINTER INKJET AIO,EPSON,L5290,X8H2025926,PCU 2,1,ศูนย์ส่งเสริมสุขภาพชุม 2,ศูนย์จุฬา,เวชปฏิบัติครอบครัว/ปฐมภูมิ,Active,โรงพยาบาลศูนย์อุดรธานี,อด 0033.1/380/2568 ลงวันที่ 26 สิงหาคม 2568,,,,2026-05-14 17:43:14,System,,,,,,COMPANY,,TRUE,TOTAL,UDH-00039
40,PRINTER INKJET AIO,EPSON,L5290,X8H2029622,PCU 2,1,ศูนย์ส่งเสริมสุขภาพชุม 2,ศูนย์จุฬา,เวชปฏิบัติครอบครัว/ปฐมภูมิ,Active,โรงพยาบาลศูนย์อุดรธานี,อด 0033.1/380/2568 ลงวันที่ 26 สิงหาคม 2568,,,,2026-05-14 17:43:14,System,,,,,,COMPANY,,TRUE,TOTAL,UDH-00040
41,PRINTER INKJET AIO,EPSON,L5290,X8H2029091,PCU 2,1,ศูนย์ส่งเสริมสุขภาพชุม 2,ศูนย์จุฬา,เวชปฏิบัติครอบครัว/ปฐมภูมิ,Active,โรงพยาบาลศูนย์อุดรธานี,อด 0033.1/380/2568 ลงวันที่ 26 สิงหาคม 2568,,,,2026-05-14 17:43:14,System,,,,,,COMPANY,,TRUE,TOTAL,UDH-00041
42,PRINTER INKJET AIO,EPSON,L5290,X8H2029628,PCU 2,1,ศูนย์ส่งเสริมสุขภาพชุม 2,ศูนย์จุฬา,เวชปฏิบัติครอบครัว/ปฐมภูมิ,Active,โรงพยาบาลศูนย์อุดรธานี,อด 0033.1/380/2568 ลงวันที่ 26 สิงหาคม 2568,,,,2026-05-14 17:43:14,System,,,,,,COMPANY,,TRUE,TOTAL,UDH-00042
43,PRINTER INKJET AIO,EPSON,L5290,X8H2029108,PCU 2,1,ศูนย์ส่งเสริมสุขภาพชุม 2,ศูนย์จุฬา,เวชปฏิบัติครอบครัว/ปฐมภูมิ,Active,โรงพยาบาลศูนย์อุดรธานี,อด 0033.1/380/2568 ลงวันที่ 26 สิงหาคม 2568,,,,2026-05-14 17:43:14,System,,,,,,COMPANY,,TRUE,TOTAL,UDH-00043
44,PRINTER LASER,SAMSUNG,M4020ND,CNB3L3M81P,PCU 2,1,ศูนย์ส่งเสริมสุขภาพชุม 2,ศูนย์จุฬา,เวชปฏิบัติครอบครัว/ปฐมภูมิ,Active,โรงพยาบาลศูนย์อุดรธานี,อด 0033.1/380/2568 ลงวันที่ 26 สิงหาคม 2568,,,,2026-05-14 17:43:14,System,,,,,,COMPANY,,TRUE,TOTAL,UDH-00044
45,PRINTER THERMAL,ZEBRA,ZD421,D6J222613709,PCU 2,1,ศูนย์ส่งเสริมสุขภาพชุม 2,ศูนย์จุฬา,เวชปฏิบัติครอบครัว/ปฐมภูมิ,Active,โรงพยาบาลศูนย์อุดรธานี,อด 0033.1/380/2568 ลงวันที่ 26 สิงหาคม 2568,,,,2026-05-14 17:43:14,System,,,,,,COMPANY,,FALSE,TOTAL,UDH-00045
46,PRINTER THERMAL,ZEBRA,ZD421,D6J222613521,PCU 2,1,ศูนย์ส่งเสริมสุขภาพชุม 2,ศูนย์จุฬา,เวชปฏิบัติครอบครัว/ปฐมภูมิ,Active,โรงพยาบาลศูนย์อุดรธานี,อด 0033.1/380/2568 ลงวันที่ 26 สิงหาคม 2568,,,,2026-05-14 17:43:14,System,,,,,,COMPANY,,FALSE,TOTAL,UDH-00046
47,PRINTER THERMAL,ZEBRA,ZD421,D6J222613528,PCU 2,1,ศูนย์ส่งเสริมสุขภาพชุม 2,ศูนย์จุฬา,เวชปฏิบัติครอบครัว/ปฐมภูมิ,Active,โรงพยาบาลศูนย์อุดรธานี,อด 0033.1/380/2568 ลงวันที่ 26 สิงหาคม 2568,,,,2026-05-14 17:43:14,System,,,,,,COMPANY,,FALSE,TOTAL,UDH-00047
48,BARCODE SCANNERS,ZEBRA,DS2208,S22179010552279,PCU 3,1,ศูนย์ส่งเสริมสุขภาพชุม 3,วัดป่าโนนิเวศ,เวชปฏิบัติครอบครัว/ปฐมภูมิ,Active,โรงพยาบาลศูนย์อุดรธานี,อด 0033.1/380/2568 ลงวันที่ 26 สิงหาคม 2568,,,,2026-05-14 17:43:14,System,,,,,,COMPANY,,FALSE,TOTAL,UDH-00048
49,BARCODE SCANNERS,ZEBRA,DS2208,S22179010552270,PCU 3,1,ศูนย์ส่งเสริมสุขภาพชุม 3,วัดป่าโนนิเวศ,เวชปฏิบัติครอบครัว/ปฐมภูมิ,Active,โรงพยาบาลศูนย์อุดรธานี,อด 0033.1/380/2568 ลงวันที่ 26 สิงหาคม 2568,,,,2026-05-14 17:43:14,System,,,,,,COMPANY,,FALSE,TOTAL,UDH-00049
50,BARCODE SCANNERS,ZEBRA,DS2208,S22179010552276,PCU 3,1,ศูนย์ส่งเสริมสุขภาพชุม 3,วัดป่าโนนิเวศ,เวชปฏิบัติครอบครัว/ปฐมภูมิ,Active,โรงพยาบาลศูนย์อุดรธานี,อด 0033.1/380/2568 ลงวันที่ 26 สิงหาคม 2568,,,,2026-05-14 17:43:14,System,,,,,,COMPANY,,FALSE,TOTAL,UDH-00050
51,BARCODE SCANNERS,ZEBRA,DS2208,S22149010552872,PCU 3,1,ศูนย์ส่งเสริมสุขภาพชุม 3,วัดป่าโนนิเวศ,เวชปฏิบัติครอบครัว/ปฐมภูมิ,Active,โรงพยาบาลศูนย์อุดรธานี,อด 0033.1/380/2568 ลงวันที่ 26 สิงหาคม 2568,,,,2026-05-14 17:43:14,System,,,,,,COMPANY,,FALSE,TOTAL,UDH-00051
52,BARCODE SCANNERS,ZEBRA,DS2208,S22149010553975,PCU 3,1,ศูนย์ส่งเสริมสุขภาพชุม 3,วัดป่าโนนิเวศ,เวชปฏิบัติครอบครัว/ปฐมภูมิ,Active,โรงพยาบาลศูนย์อุดรธานี,อด 0033.1/380/2568 ลงวันที่ 26 สิงหาคม 2568,,,,2026-05-14 17:43:14,System,,,,,,COMPANY,,FALSE,TOTAL,UDH-00052
53,BARCODE SCANNERS,ZEBRA,DS2208,S22149010555130,PCU 3,1,ศูนย์ส่งเสริมสุขภาพชุม 3,วัดป่าโนนิเวศ,เวชปฏิบัติครอบครัว/ปฐมภูมิ,Active,โรงพยาบาลศูนย์อุดรธานี,อด 0033.1/380/2568 ลงวันที่ 26 สิงหาคม 2568,,,,2026-05-14 17:43:14,System,,,,,,COMPANY,,FALSE,TOTAL,UDH-00053
54,BARCODE SCANNERS,ZEBRA,DS2208,S22149010555134,PCU 3,1,ศูนย์ส่งเสริมสุขภาพชุม 3,วัดป่าโนนิเวศ,เวชปฏิบัติครอบครัว/ปฐมภูมิ,Active,โรงพยาบาลศูนย์อุดรธานี,อด 0033.1/380/2568 ลงวันที่ 26 สิงหาคม 2568,,,,2026-05-14 17:43:14,System,,,,,,COMPANY,,FALSE,TOTAL,UDH-00054
55,BARCODE SCANNERS,ZEBRA,DS2208,S22178010553619,PCU 3,1,ศูนย์ส่งเสริมสุขภาพชุม 3,วัดป่าโนนิเวศ,เวชปฏิบัติครอบครัว/ปฐมภูมิ,Active,โรงพยาบาลศูนย์อุดรธานี,อด 0033.1/380/2568 ลงวันที่ 26 สิงหาคม 2568,,,,2026-05-14 17:43:14,System,,,,,,COMPANY,,FALSE,TOTAL,UDH-00055
56,BARCODE SCANNERS,ZEBRA,DS2208,S22179010552261,PCU 3,1,ศูนย์ส่งเสริมสุขภาพชุม 3,วัดป่าโนนิเวศ,เวชปฏิบัติครอบครัว/ปฐมภูมิ,Active,โรงพยาบาลศูนย์อุดรธานี,อด 0033.1/380/2568 ลงวันที่ 26 สิงหาคม 2568,,,,2026-05-14 17:43:14,System,,,,,,COMPANY,,FALSE,TOTAL,UDH-00056
57,BARCODE SCANNERS,ZEBRA,DS2208,S22179010552269,PCU 3,1,ศูนย์ส่งเสริมสุขภาพชุม 3,วัดป่าโนนิเวศ,เวชปฏิบัติครอบครัว/ปฐมภูมิ,Active,โรงพยาบาลศูนย์อุดรธานี,อด 0033.1/380/2568 ลงวันที่ 26 สิงหาคม 2568,,,,2026-05-14 17:43:14,System,,,,,,COMPANY,,FALSE,TOTAL,UDH-00057
58,BARCODE SCANNERS,ZEBRA,DS2208,S22179010552273,PCU 3,1,ศูนย์ส่งเสริมสุขภาพชุม 3,วัดป่าโนนิเวศ,เวชปฏิบัติครอบครัว/ปฐมภูมิ,Active,โรงพยาบาลศูนย์อุดรธานี,อด 0033.1/380/2568 ลงวันที่ 26 สิงหาคม 2568,,,,2026-05-14 17:43:14,System,,,,,,COMPANY,,FALSE,TOTAL,UDH-00058
59,BARCODE SCANNERS,ZEBRA,DS2208,S22179010552057,PCU 3,1,ศูนย์ส่งเสริมสุขภาพชุม 3,วัดป่าโนนิเวศ,เวชปฏิบัติครอบครัว/ปฐมภูมิ,Active,โรงพยาบาลศูนย์อุดรธานี,อด 0033.1/380/2568 ลงวันที่ 26 สิงหาคม 2568,,,,2026-05-14 17:43:14,System,,,,,,COMPANY,,FALSE,TOTAL,UDH-00059
60,BARCODE SCANNERS,ZEBRA,DS2208,S22179010552062,PCU 3,1,ศูนย์ส่งเสริมสุขภาพชุม 3,วัดป่าโนนิเวศ,เวชปฏิบัติครอบครัว/ปฐมภูมิ,Active,โรงพยาบาลศูนย์อุดรธานี,อด 0033.1/380/2568 ลงวันที่ 26 สิงหาคม 2568,,,,2026-05-14 17:43:14,System,,,,,,COMPANY,,FALSE,TOTAL,UDH-00060
61,BARCODE SCANNERS,ZEBRA,DS2208,S22178010553694,PCU 3,1,ศูนย์ส่งเสริมสุขภาพชุม 3,วัดป่าโนนิเวศ,เวชปฏิบัติครอบครัว/ปฐมภูมิ,Active,โรงพยาบาลศูนย์อุดรธานี,อด 0033.1/380/2568 ลงวันที่ 26 สิงหาคม 2568,,,,2026-05-14 17:43:14,System,,,,,,COMPANY,,FALSE,TOTAL,UDH-00061
62,BARCODE SCANNERS,ZEBRA,DS2208,S22179010552063,PCU 3,1,ศูนย์ส่งเสริมสุขภาพชุม 3,วัดป่าโนนิเวศ,เวชปฏิบัติครอบครัว/ปฐมภูมิ,Active,โรงพยาบาลศูนย์อุดรธานี,อด 0033.1/380/2568 ลงวันที่ 26 สิงหาคม 2568,,,,2026-05-14 17:43:14,System,,,,,,COMPANY,,FALSE,TOTAL,UDH-00062
63,PRINTER INKJET AIO,EPSON,L5290,X8H2029177,PCU 3,1,ศูนย์ส่งเสริมสุขภาพชุม 3,วัดป่าโนนิเวศ,เวชปฏิบัติครอบครัว/ปฐมภูมิ,Active,โรงพยาบาลศูนย์อุดรธานี,อด 0033.1/380/2568 ลงวันที่ 26 สิงหาคม 2568,,,,2026-05-14 17:43:14,System,,,,,,COMPANY,,TRUE,TOTAL,UDH-00063
64,PRINTER INKJET,EPSON,M3170,X5TT006783,PCU 3,1,ศูนย์ส่งเสริมสุขภาพชุม 3,วัดป่าโนนิเวศ,เวชปฏิบัติครอบครัว/ปฐมภูมิ,Active,โรงพยาบาลศูนย์อุดรธานี,อด 0033.1/380/2568 ลงวันที่ 26 สิงหาคม 2568,,,,2026-05-14 17:43:14,System,,,,,,COMPANY,,TRUE,TOTAL,UDH-00064
65,PRINTER INKJET AIO,EPSON,L5290,X8H2029235,PCU 3,1,ศูนย์ส่งเสริมสุขภาพชุม 3,วัดป่าโนนิเวศ,เวชปฏิบัติครอบครัว/ปฐมภูมิ,Active,โรงพยาบาลศูนย์อุดรธานี,อด 0033.1/380/2568 ลงวันที่ 26 สิงหาคม 2568,,,,2026-05-14 17:43:14,System,,,,,,COMPANY,,TRUE,TOTAL,UDH-00065
66,PRINTER INKJET AIO,EPSON,L5290,X8H2029239,PCU 3,1,ศูนย์ส่งเสริมสุขภาพชุม 3,วัดป่าโนนิเวศ,เวชปฏิบัติครอบครัว/ปฐมภูมิ,Active,โรงพยาบาลศูนย์อุดรธานี,อด 0033.1/380/2568 ลงวันที่ 26 สิงหาคม 2568,,,,2026-05-14 17:43:14,System,,,,,,COMPANY,,TRUE,TOTAL,UDH-00066
67,PRINTER INKJET AIO,EPSON,L5290,X8H2027145,PCU 3,1,ศูนย์ส่งเสริมสุขภาพชุม 3,วัดป่าโนนิเวศ,เวชปฏิบัติครอบครัว/ปฐมภูมิ,Active,โรงพยาบาลศูนย์อุดรธานี,อด 0033.1/380/2568 ลงวันที่ 26 สิงหาคม 2568,,,,2026-05-14 17:43:14,System,,,,,,COMPANY,,TRUE,TOTAL,UDH-00067
68,PRINTER INKJET AIO,EPSON,L5290,X8H2027172,PCU 3,1,ศูนย์ส่งเสริมสุขภาพชุม 3,วัดป่าโนนิเวศ,เวชปฏิบัติครอบครัว/ปฐมภูมิ,Active,โรงพยาบาลศูนย์อุดรธานี,อด 0033.1/380/2568 ลงวันที่ 26 สิงหาคม 2568,,,,2026-05-14 17:43:14,System,,,,,,COMPANY,,TRUE,TOTAL,UDH-00068
69,PRINTER INKJET AIO,EPSON,L5290,X8H2027160,PCU 3,1,ศูนย์ส่งเสริมสุขภาพชุม 3,วัดป่าโนนิเวศ,เวชปฏิบัติครอบครัว/ปฐมภูมิ,Active,โรงพยาบาลศูนย์อุดรธานี,อด 0033.1/380/2568 ลงวันที่ 26 สิงหาคม 2568,,,,2026-05-14 17:43:14,System,,,,,,COMPANY,,TRUE,TOTAL,UDH-00069
70,PRINTER INKJET AIO,EPSON,L5290,X8H2027163,PCU 3,1,ศูนย์ส่งเสริมสุขภาพชุม 3,วัดป่าโนนิเวศ,เวชปฏิบัติครอบครัว/ปฐมภูมิ,Active,โรงพยาบาลศูนย์อุดรธานี,อด 0033.1/380/2568 ลงวันที่ 26 สิงหาคม 2568,,,,2026-05-14 17:43:14,System,,,,,,COMPANY,,TRUE,TOTAL,UDH-00070
71,PRINTER INKJET AIO,EPSON,L5290,X8H2024867,PCU 3,1,ศูนย์ส่งเสริมสุขภาพชุม 3,วัดป่าโนนิเวศ,เวชปฏิบัติครอบครัว/ปฐมภูมิ,Active,โรงพยาบาลศูนย์อุดรธานี,อด 0033.1/380/2568 ลงวันที่ 26 สิงหาคม 2568,,,,2026-05-14 17:43:14,System,,,,,,COMPANY,,TRUE,TOTAL,UDH-00071
72,PRINTER THERMAL,ZEBRA,ZD421,D6J222613707,PCU 3,1,ศูนย์ส่งเสริมสุขภาพชุม 3,วัดป่าโนนิเวศ,เวชปฏิบัติครอบครัว/ปฐมภูมิ,Active,โรงพยาบาลศูนย์อุดรธานี,อด 0033.1/380/2568 ลงวันที่ 26 สิงหาคม 2568,,,,2026-05-14 17:43:14,System,,,,,,COMPANY,,FALSE,TOTAL,UDH-00072
73,PRINTER THERMAL,ZEBRA,ZD421,D6J222702212,PCU 3,1,ศูนย์ส่งเสริมสุขภาพชุม 3,วัดป่าโนนิเวศ,เวชปฏิบัติครอบครัว/ปฐมภูมิ,Retired,โรงพยาบาลศูนย์อุดรธานี,อด 0033.1/380/2568 ลงวันที่ 26 สิงหาคม 2568,,,,2026-05-14 17:43:14,System,,,,,,COMPANY,,FALSE,TOTAL,UDH-00073
74,BARCODE SCANNERS,ZEBRA,DS2208,S22179010552257,เซนทรัลอุดรธานี,3,ศูนย์บริการเซนทรัลอุดรธานี,,เวชปฏิบัติครอบครัว/ปฐมภูมิ,Active,โรงพยาบาลศูนย์อุดรธานี,อด 0033.1/380/2568 ลงวันที่ 26 สิงหาคม 2568,,,,2026-05-14 17:43:14,System,,,,,,COMPANY,,FALSE,TOTAL,UDH-00074
75,PRINTER INKJET,EPSON,M3170,X5TT015810,อาคารแพทย์แผนไทย,1,หอผู้ป่วยรวงผึ้ง,,จิตเวช,Active,โรงพยาบาลศูนย์อุดรธานี,อด 0033.1/380/2568 ลงวันที่ 26 สิงหาคม 2568,,,,2026-05-14 17:43:14,System,,,,,,COMPANY,,TRUE,TOTAL,UDH-00075
76,PRINTER INKJET,EPSON,M3170,X5TT024175,เซนทรัลอุดรธานี,3,ศูนย์บริการเซนทรัลอุดรธานี,,เวชปฏิบัติครอบครัว/ปฐมภูมิ,Retired,โรงพยาบาลศูนย์อุดรธานี,อด 0033.1/380/2568 ลงวันที่ 26 สิงหาคม 2568,,,,2026-05-14 17:43:14,System,,,,,,COMPANY,,TRUE,TOTAL,UDH-00076
77,PRINTER INKJET A4,EPSON,L3210,X8JV152715,เซนทรัลอุดรธานี,3,ศูนย์บริการเซนทรัลอุดรธานี,,เวชปฏิบัติครอบครัว/ปฐมภูมิ,Active,โรงพยาบาลศูนย์อุดรธานี,อด 0033.1/380/2568 ลงวันที่ 26 สิงหาคม 2568,,,,2026-05-14 17:43:14,System,เครื่องหน่วยงาน,,,,,DEPT,,TRUE,TOTAL,UDH-00077
78,PRINTER INKJET AIO,EPSON,L5290,X8H2029038,เซนทรัลอุดรธานี,3,ศูนย์บริการเซนทรัลอุดรธานี,,เวชปฏิบัติครอบครัว/ปฐมภูมิ,Active,โรงพยาบาลศูนย์อุดรธานี,อด 0033.1/380/2568 ลงวันที่ 26 สิงหาคม 2568,,,,2026-05-14 17:43:14,System,,,,,,COMPANY,,TRUE,TOTAL,UDH-00078
79,PRINTER THERMAL,ZEBRA,ZD421,D6J222614731,เซนทรัลอุดรธานี,3,ศูนย์บริการเซนทรัลอุดรธานี,,เวชปฏิบัติครอบครัว/ปฐมภูมิ,Active,โรงพยาบาลศูนย์อุดรธานี,อด 0033.1/380/2568 ลงวันที่ 26 สิงหาคม 2568,,,,2026-05-14 17:43:14,System,,,,,,COMPANY,,FALSE,TOTAL,UDH-00079
80,SCANNERS,CANON,DR-C230,JU417480,เซนทรัลอุดรธานี,3,ศูนย์บริการเซนทรัลอุดรธานี,,เวชปฏิบัติครอบครัว/ปฐมภูมิ,Active,โรงพยาบาลศูนย์อุดรธานี,อด 0033.1/380/2568 ลงวันที่ 26 สิงหาคม 2568,,,,2026-05-14 17:43:14,System,,,,,,COMPANY,,FALSE,TOTAL,UDH-00080
431,PRINTER INKJET AIO,EPSON,L5190,X5NY067626,อาคารแพทย์แผนไทย,1,แพทย์แผนไทย ห้องวัตถุดิบ,,แพทย์แผนไทยและการแพทย์ทางเลือก,Active,โรงพยาบาลศูนย์อุดรธานี,อด 0033.1/380/2568 ลงวันที่ 26 สิงหาคม 2568,,,,2026-05-14 17:43:14,System,,,,,,COMPANY,,TRUE,TOTAL,UDH-00427
2212,PRINTER INKJET A3,BROTHER,HL-T4000DW,E78945J5H865455,อาคารแพทย์แผนไทย,1,แพทย์แผนไทย ห้องวัตถุดิบ,,แพทย์แผนไทยและการแพทย์ทางเลือก,Active,โรงพยาบาลศูนย์อุดรธานี,อด 0033.1/380/2568 ลงวันที่ 26 สิงหาคม 2568,,,,2026-05-14 17:43:14,System,,,,,,COMPANY,,TRUE,TOTAL,UDH-02183
118,PRINTER LASER,OKI,ES5112,BW21013646C0,ตึก 69 ปี,1,ห้องเก็บยา 69,,เภสัชกรรม,Active,โรงพยาบาลศูนย์อุดรธานี,อด 0033.1/380/2568 ลงวันที่ 26 สิงหาคม 2568,,,,2026-05-14 17:43:14,System,,,,,,COMPANY,,TRUE,TOTAL,UDH-00117
1130,PRINTER THERMAL,ZEBRA,ZD421,D6J222613566,ตึกสูตินรีเวช,1,ห้องคลอด /ผ่าตัดสูติ,,สูตินรีเวชกรรม,Retired,โรงพยาบาลศูนย์อุดรธานี,อด 0033.1/380/2568 ลงวันที่ 26 สิงหาคม 2568,,,,2026-07-09 15:39:20,nikorn2527@gmail.com,,,,2026-07-09,,COMPANY,,FALSE,TOTAL,UDH-01126
1131,PRINTER THERMAL,ZEBRA,ZD421,D6J222614765,ตึกสูตินรีเวช,1,ห้องคลอด /ผ่าตัดสูติ,,สูตินรีเวชกรรม,Active,โรงพยาบาลศูนย์อุดรธานี,อด 0033.1/380/2568 ลงวันที่ 26 สิงหาคม 2568,,,,2026-05-14 17:43:14,System,,,,,,COMPANY,,FALSE,TOTAL,UDH-01127
1695,BARCODE SCANNERS,ZEBRA,DS2208,S22179010552346,ตึกสูตินรีเวช,1,ห้องคลอด /ผ่าตัดสูติ,,สูตินรีเวชกรรม,Active,โรงพยาบาลศูนย์อุดรธานี,อด 0033.1/380/2568 ลงวันที่ 26 สิงหาคม 2568,,,,2026-05-14 17:43:14,System,,,,,,COMPANY,,FALSE,TOTAL,UDH-01684
1696,BARCODE SCANNERS,ZEBRA,DS2208,S22179010552352,ตึกสูตินรีเวช,1,ห้องคลอด /ผ่าตัดสูติ,,สูตินรีเวชกรรม,Active,โรงพยาบาลศูนย์อุดรธานี,อด 0033.1/380/2568 ลงวันที่ 26 สิงหาคม 2568,,,,2026-05-14 17:43:14,System,,,,,,COMPANY,,FALSE,TOTAL,UDH-01685
1697,BARCODE SCANNERS,ZEBRA,DS2208,S22179010552351,ตึกสูตินรีเวช,1,ห้องคลอด /ผ่าตัดสูติ,,สูตินรีเวชกรรม,Active,โรงพยาบาลศูนย์อุดรธานี,อด 0033.1/380/2568 ลงวันที่ 26 สิงหาคม 2568,,,,2026-05-14 17:43:14,System,,,,,,COMPANY,,FALSE,TOTAL,UDH-01686
1698,BARCODE SCANNERS,ZEBRA,DS2208,S22179010552108,ตึกสูตินรีเวช,1,ห้องคลอด /ผ่าตัดสูติ,,สูตินรีเวชกรรม,Active,โรงพยาบาลศูนย์อุดรธานี,อด 0033.1/380/2568 ลงวันที่ 26 สิงหาคม 2568,,,,2026-05-14 17:43:14,System,,,,,,COMPANY,,FALSE,TOTAL,UDH-01687
1699,PRINTER INKJET AIO,EPSON,L5290,X8H2029576,ตึกสูตินรีเวช,1,ห้องคลอด /ผ่าตัดสูติ,,สูตินรีเวชกรรม,Active,โรงพยาบาลศูนย์อุดรธานี,อด 0033.1/380/2568 ลงวันที่ 26 สิงหาคม 2568,,,,2026-05-14 17:43:14,System,,,,,,COMPANY,,TRUE,TOTAL,UDH-01688
1700,PRINTER INKJET AIO,EPSON,L5290,X8H2029418,ตึกสูตินรีเวช,1,ห้องคลอด /ผ่าตัดสูติ,,สูตินรีเวชกรรม,Active,โรงพยาบาลศูนย์อุดรธานี,อด 0033.1/380/2568 ลงวันที่ 26 สิงหาคม 2568,,,,2026-05-14 17:43:14,System,,,,,,COMPANY,,TRUE,TOTAL,UDH-01689
1701,PRINTER INKJET AIO,EPSON,L5290,X8H2028201,ตึกสูตินรีเวช,1,ห้องคลอด /ผ่าตัดสูติ,,สูตินรีเวชกรรม,Active,โรงพยาบาลศูนย์อุดรธานี,อด 0033.1/380/2568 ลงวันที่ 26 สิงหาคม 2568,,,,2026-05-14 17:43:14,System,,,,,,COMPANY,,TRUE,TOTAL,UDH-01690
1702,PRINTER LASER,HP,M402DN,PHCFB18521,ตึกสูตินรีเวช,1,ห้องคลอด /ผ่าตัดสูติ,,สูตินรีเวชกรรม,Active,โรงพยาบาลศูนย์อุดรธานี,อด 0033.1/380/2568 ลงวันที่ 26 สิงหาคม 2568,,,,2026-05-14 17:43:14,System,,,,,,COMPANY,,TRUE,TOTAL,UDH-01691
1703,PRINTER LASER,HP,M404DN,PHFXG18862,ตึกสูตินรีเวช,1,ห้องคลอด /ผ่าตัดสูติ,,สูตินรีเวชกรรม,Active,โรงพยาบาลศูนย์อุดรธานี,อด 0033.1/380/2568 ลงวันที่ 26 สิงหาคม 2568,,,,2026-05-14 17:43:14,System,,,,,,COMPANY,,TRUE,TOTAL,UDH-01692
1704,PRINTER LASER,OKI,ES5112,BW21042788C0,ตึกสูตินรีเวช,1,ห้องคลอด /ผ่าตัดสูติ,,สูตินรีเวชกรรม,Active,โรงพยาบาลศูนย์อุดรธานี,อด 0033.1/380/2568 ลงวันที่ 26 สิงหาคม 2568,,,,2026-05-14 17:43:14,System,,,,,,COMPANY,,TRUE,TOTAL,UDH-01693
1706,PRINTER THERMAL,ZEBRA,ZD421,D6J222613656,ตึกสูตินรีเวช,1,ห้องคลอด /ผ่าตัดสูติ,,สูตินรีเวชกรรม,Active,โรงพยาบาลศูนย์อุดรธานี,อด 0033.1/380/2568 ลงวันที่ 26 สิงหาคม 2568,,,,2026-05-14 17:43:14,System,,,,,,COMPANY,,FALSE,TOTAL,UDH-01695
1707,PRINTER THERMAL,ZEBRA,ZD421,D6J222613103,ตึกสูตินรีเวช,1,ห้องคลอด /ผ่าตัดสูติ,,สูตินรีเวชกรรม,Active,โรงพยาบาลศูนย์อุดรธานี,อด 0033.1/380/2568 ลงวันที่ 26 สิงหาคม 2568,,,,2026-05-14 17:43:14,System,,,,,,COMPANY,,FALSE,TOTAL,UDH-01696
98,PRINTER INKJET AIO,EPSON,L5290,X8H2029563,ตึก 69 ปี,1,การเงิน,ตึก 69  ปี,การเงิน,Active,โรงพยาบาลศูนย์อุดรธานี,อด 0033.1/380/2568 ลงวันที่ 26 สิงหาคม 2568,,,,2026-05-14 17:43:14,System,,,,,,COMPANY,,TRUE,TOTAL,UDH-00098
99,PRINTER INKJET AIO,EPSON,L5290,X8H2027148,ตึก 69 ปี,1,ธุรการ,เภสัชกรรม,บริหาร/ยุทธศาสตร์,Active,โรงพยาบาลศูนย์อุดรธานี,อด 0033.1/380/2568 ลงวันที่ 26 สิงหาคม 2568,,,,2026-05-14 17:43:14,System,,,,,,COMPANY,,TRUE,TOTAL,UDH-00099
100,PRINTER INKJET AIO,EPSON,L5290,X8H2029144,ตึก 69 ปี,1,ธุรการ,เภสัชกรรม,บริหาร/ยุทธศาสตร์,Active,โรงพยาบาลศูนย์อุดรธานี,อด 0033.1/380/2568 ลงวันที่ 26 สิงหาคม 2568,,,,2026-05-14 17:43:14,System,,,,,,COMPANY,,TRUE,TOTAL,UDH-00100
101,PRINTER INKJET AIO,EPSON,L5290,X8H2029097,ตึก 69 ปี,1,ธุรการ,เภสัชกรรม,บริหาร/ยุทธศาสตร์,Active,โรงพยาบาลศูนย์อุดรธานี,อด 0033.1/380/2568 ลงวันที่ 26 สิงหาคม 2568,,,,2026-05-14 17:43:14,System,,,,,,COMPANY,,TRUE,TOTAL,UDH-00101
1708,PRINTER THERMAL,ZEBRA,ZD421,D6J222702180,ตึกสูตินรีเวช,1,ห้องคลอด /ผ่าตัดสูติ,,สูตินรีเวชกรรม,Active,โรงพยาบาลศูนย์อุดรธานี,อด 0033.1/380/2568 ลงวันที่ 26 สิงหาคม 2568,,,,2026-05-14 17:43:14,System,,,,,,COMPANY,,FALSE,TOTAL,UDH-01697
1710,SCANNERS,CANON,DR-C230,JA491923,ตึกสูตินรีเวช,1,ห้องคลอด /ผ่าตัดสูติ,,สูตินรีเวชกรรม,Active,โรงพยาบาลศูนย์อุดรธานี,อด 0033.1/380/2568 ลงวันที่ 26 สิงหาคม 2568,,,,2026-05-14 17:43:14,System,,,,,,COMPANY,,FALSE,TOTAL,UDH-01699
1711,SCANNERS,CANON,DR-C230,JA491910,ตึกสูตินรีเวช,1,ห้องคลอด /ผ่าตัดสูติ,,สูตินรีเวชกรรม,Active,โรงพยาบาลศูนย์อุดรธานี,อด 0033.1/380/2568 ลงวันที่ 26 สิงหาคม 2568,,,,2026-05-14 17:43:14,System,,,,,,COMPANY,,FALSE,TOTAL,UDH-01700
1258,COPIER INKJET,EPSON,WF-C878R,X6GD002955,ตึกผู้ป่วยนอก (OPD),5,ห้องโครงสร้าง,,บริหาร/ยุทธศาสตร์,Active,โรงพยาบาลศูนย์อุดรธานี,อด 0033.1/380/2568 ลงวันที่ 26 สิงหาคม 2568,,,,2026-06-09 09:08:07,admin,,,,,,COMPANY,,TRUE,TOTAL,UDH-01254
1948,PRINTER INKJET AIO,EPSON,L5290,X8H2029574,อาคารจ่ายกลาง,1,ห้องจ่ายกลาง,,บริหาร/ยุทธศาสตร์,Active,โรงพยาบาลศูนย์อุดรธานี,อด 0033.1/380/2568 ลงวันที่ 26 สิงหาคม 2568,,,,2026-05-14 17:43:14,System,,,,,,COMPANY,,TRUE,TOTAL,UDH-01937
81,BARCODE SCANNERS,ZEBRA,DS2208,S22178010553489,ตึก 69 ปี,1,ห้องจ่ายยา,ตึก 69,เภสัชกรรม,Active,โรงพยาบาลศูนย์อุดรธานี,อด 0033.1/380/2568 ลงวันที่ 26 สิงหาคม 2568,,,,2026-06-24 11:04:09,nikorn2527@gmail.com,,,,,,COMPANY,,FALSE,TOTAL,UDH-00081
82,BARCODE SCANNERS,ZEBRA,DS2208,S22178010553503,ตึก 69 ปี,1,ห้องจ่ายยา,ตึก 69,เภสัชกรรม,Active,โรงพยาบาลศูนย์อุดรธานี,อด 0033.1/380/2568 ลงวันที่ 26 สิงหาคม 2568,,,,2026-06-24 11:04:09,nikorn2527@gmail.com,,,,,,COMPANY,,FALSE,TOTAL,UDH-00082
83,BARCODE SCANNERS,ZEBRA,DS2208,S22179010552220,ตึก 69 ปี,1,ห้องจ่ายยา,ตึก 69,เภสัชกรรม,Active,โรงพยาบาลศูนย์อุดรธานี,อด 0033.1/380/2568 ลงวันที่ 26 สิงหาคม 2568,,,,2026-06-24 11:04:09,nikorn2527@gmail.com,,,,,,COMPANY,,FALSE,TOTAL,UDH-00083
110,PRINTER INKJET AIO,EPSON,L5290,X8H2028224,PPIT,F1,PPIT,,,Retired,PPIT,,,,,2026-05-14 17:43:14,System,,,,,,COMPANY,,TRUE,TOTAL,PPIT-00001
111,COPIER INKJET,EPSON,WF-C878R,X6GD002992,ตึก 69 ปี,1,ธุรการ,เภสัชกรรม,บริหาร/ยุทธศาสตร์,Active,โรงพยาบาลศูนย์อุดรธานี,อด 0033.1/380/2568 ลงวันที่ 26 สิงหาคม 2568,,,,2026-06-09 09:07:48,admin,,,,,,COMPANY,,TRUE,TOTAL,UDH-00110
112,PRINTER LASER,HP,M402DN,PHCFD06070,ตึก 69 ปี,1,ธุรการ,เภสัชกรรม,บริหาร/ยุทธศาสตร์,Retired,โรงพยาบาลศูนย์อุดรธานี,อด 0033.1/380/2568 ลงวันที่ 26 สิงหาคม 2568,,,,2026-05-14 17:43:14,System,,,,,,COMPANY,,TRUE,TOTAL,UDH-00111
113,PRINTER LASER,HP,M402DN,PHCFD06246,ตึก 69 ปี,1,ธุรการ,เภสัชกรรม,บริหาร/ยุทธศาสตร์,Active,โรงพยาบาลศูนย์อุดรธานี,อด 0033.1/380/2568 ลงวันที่ 26 สิงหาคม 2568,,,,2026-05-14 17:43:14,System,,,,,,COMPANY,,TRUE,TOTAL,UDH-00112
114,PRINTER LASER,HP,M404DN,PHFXG18881,ตึก 69 ปี,1,ธุรการ,เภสัชกรรม,บริหาร/ยุทธศาสตร์,Active,โรงพยาบาลศูนย์อุดรธานี,อด 0033.1/380/2568 ลงวันที่ 26 สิงหาคม 2568,,,,2026-05-14 17:43:14,System,,,,,,COMPANY,,TRUE,TOTAL,UDH-00113
115,PRINTER LASER,HP,M404DN,PHFXG18939,ตึก 69 ปี,1,ธุรการ,เภสัชกรรม,บริหาร/ยุทธศาสตร์,Active,โรงพยาบาลศูนย์อุดรธานี,อด 0033.1/380/2568 ลงวันที่ 26 สิงหาคม 2568,,,,2026-05-14 17:43:14,System,,,,,,COMPANY,,TRUE,TOTAL,UDH-00114
116,PRINTER LASER,HP,M404DN,PHFXG18947,ตึก 69 ปี,1,ธุรการ,เภสัชกรรม,บริหาร/ยุทธศาสตร์,Active,โรงพยาบาลศูนย์อุดรธานี,อด 0033.1/380/2568 ลงวันที่ 26 สิงหาคม 2568,,,,2026-05-14 17:43:14,System,,,,,,COMPANY,,TRUE,TOTAL,UDH-00115
117,PRINTER LASER,HP,M404DN,PHFXG18952,ตึก 69 ปี,1,ธุรการ,เภสัชกรรม,บริหาร/ยุทธศาสตร์,Active,โรงพยาบาลศูนย์อุดรธานี,อด 0033.1/380/2568 ลงวันที่ 26 สิงหาคม 2568,,,,2026-05-14 17:43:14,System,,,,,,COMPANY,,TRUE,TOTAL,UDH-00116
84,BARCODE SCANNERS,ZEBRA,DS2208,S22179010552223,ตึก 69 ปี,1,ห้องจ่ายยา,ตึก 69,เภสัชกรรม,Active,โรงพยาบาลศูนย์อุดรธานี,อด 0033.1/380/2568 ลงวันที่ 26 สิงหาคม 2568,,,,2026-06-24 11:04:09,nikorn2527@gmail.com,,,,,,COMPANY,,FALSE,TOTAL,UDH-00084
85,BARCODE SCANNERS,ZEBRA,DS2208,S22178010553684,ตึก 69 ปี,1,ห้องจ่ายยา,ตึก 69,เภสัชกรรม,Active,โรงพยาบาลศูนย์อุดรธานี,อด 0033.1/380/2568 ลงวันที่ 26 สิงหาคม 2568,,,,2026-06-24 11:04:09,nikorn2527@gmail.com,,,,,,COMPANY,,FALSE,TOTAL,UDH-00085
86,BARCODE SCANNERS,ZEBRA,DS2208,S22178010553679,ตึก 69 ปี,1,ห้องจ่ายยา,ตึก 69,เภสัชกรรม,Active,โรงพยาบาลศูนย์อุดรธานี,อด 0033.1/380/2568 ลงวันที่ 26 สิงหาคม 2568,,,,2026-06-24 11:04:09,nikorn2527@gmail.com,,,,,,COMPANY,,FALSE,TOTAL,UDH-00086
87,BARCODE SCANNERS,ZEBRA,DS2208,S22178010553683,ตึก 69 ปี,1,ห้องจ่ายยา,ตึก 69,เภสัชกรรม,Active,โรงพยาบาลศูนย์อุดรธานี,อด 0033.1/380/2568 ลงวันที่ 26 สิงหาคม 2568,,,,2026-06-24 11:04:09,nikorn2527@gmail.com,,,,,,COMPANY,,FALSE,TOTAL,UDH-00087
122,PRINTER LASER,HP,M402DN,PHCFD06264,ตึกโภชนาการ,1,กลุ่มงานโภชนาศาสตร์,,บริหาร/ยุทธศาสตร์,Retired,โรงพยาบาลศูนย์อุดรธานี,อด 0033.1/380/2568 ลงวันที่ 26 สิงหาคม 2568,,,,2026-05-14 17:43:14,System,,,,,,COMPANY,,TRUE,TOTAL,UDH-00121
88,BARCODE SCANNERS,ZEBRA,DS2208,S22179010552113,ตึก 69 ปี,1,ห้องจ่ายยา,ตึก 69,เภสัชกรรม,Active,โรงพยาบาลศูนย์อุดรธานี,อด 0033.1/380/2568 ลงวันที่ 26 สิงหาคม 2568,,,,2026-06-24 11:04:09,nikorn2527@gmail.com,,,,,,COMPANY,,FALSE,TOTAL,UDH-00088
89,BARCODE SCANNERS,ZEBRA,DS2208,S22179010552106,ตึก 69 ปี,1,ห้องจ่ายยา,ตึก 69,เภสัชกรรม,Active,โรงพยาบาลศูนย์อุดรธานี,อด 0033.1/380/2568 ลงวันที่ 26 สิงหาคม 2568,,,,2026-06-24 11:04:09,nikorn2527@gmail.com,,,,,,COMPANY,,FALSE,TOTAL,UDH-00089
90,BARCODE SCANNERS,ZEBRA,DS2208,S22179010552120,ตึก 69 ปี,1,ห้องจ่ายยา,ตึก 69,เภสัชกรรม,Active,โรงพยาบาลศูนย์อุดรธานี,อด 0033.1/380/2568 ลงวันที่ 26 สิงหาคม 2568,,,,2026-06-24 11:04:09,nikorn2527@gmail.com,,,,,,COMPANY,,FALSE,TOTAL,UDH-00090
91,BARCODE SCANNERS,ZEBRA,DS2208,S22179010552147,ตึก 69 ปี,1,ห้องจ่ายยา,ตึก 69,เภสัชกรรม,Active,โรงพยาบาลศูนย์อุดรธานี,อด 0033.1/380/2568 ลงวันที่ 26 สิงหาคม 2568,,,,2026-06-24 11:04:09,nikorn2527@gmail.com,,,,,,COMPANY,,FALSE,TOTAL,UDH-00091
92,BARCODE SCANNERS,ZEBRA,DS2208,S22130010553846,ตึก 69 ปี,1,ห้องจ่ายยา,ตึก 69,เภสัชกรรม,Active,โรงพยาบาลศูนย์อุดรธานี,อด 0033.1/380/2568 ลงวันที่ 26 สิงหาคม 2568,,,,2026-06-24 11:04:09,nikorn2527@gmail.com,,,,,,COMPANY,,FALSE,TOTAL,UDH-00092
93,BARCODE SCANNERS,ZEBRA,DS2208,S22179010552225,ตึก 69 ปี,1,ห้องจ่ายยา,ตึก 69,เภสัชกรรม,Active,โรงพยาบาลศูนย์อุดรธานี,อด 0033.1/380/2568 ลงวันที่ 26 สิงหาคม 2568,,,,2026-06-24 11:04:09,nikorn2527@gmail.com,,,,,,COMPANY,,FALSE,TOTAL,UDH-00093
94,BARCODE SCANNERS,ZEBRA,DS2208,S22179010552248,ตึก 69 ปี,1,ห้องจ่ายยา,ตึก 69,เภสัชกรรม,Active,โรงพยาบาลศูนย์อุดรธานี,อด 0033.1/380/2568 ลงวันที่ 26 สิงหาคม 2568,,,,2026-06-24 11:04:09,nikorn2527@gmail.com,,,,,,COMPANY,,FALSE,TOTAL,UDH-00094
95,BARCODE SCANNERS,ZEBRA,DS2208,S22179010553868,ตึก 69 ปี,1,ห้องจ่ายยา,ตึก 69,เภสัชกรรม,Active,โรงพยาบาลศูนย์อุดรธานี,อด 0033.1/380/2568 ลงวันที่ 26 สิงหาคม 2568,,,,2026-06-24 11:04:09,nikorn2527@gmail.com,,,,,,COMPANY,,FALSE,TOTAL,UDH-00095
96,BARCODE SCANNERS,ZEBRA,DS2208,S22178010553620,ตึก 69 ปี,1,ห้องจ่ายยา,ตึก 69,เภสัชกรรม,Active,โรงพยาบาลศูนย์อุดรธานี,อด 0033.1/380/2568 ลงวันที่ 26 สิงหาคม 2568,,,,2026-06-24 11:04:09,nikorn2527@gmail.com,,,,,,COMPANY,,FALSE,TOTAL,UDH-00096
97,BARCODE SCANNERS,ZEBRA,DS2208,S22178010553623,ตึก 69 ปี,1,ห้องจ่ายยา,ตึก 69,เภสัชกรรม,Active,โรงพยาบาลศูนย์อุดรธานี,อด 0033.1/380/2568 ลงวันที่ 26 สิงหาคม 2568,,,,2026-06-24 11:04:09,nikorn2527@gmail.com,,,,,,COMPANY,,FALSE,TOTAL,UDH-00097
102,PRINTER INKJET AIO,EPSON,L5190,X5NY113512,ตึก 69 ปี,1,ห้องจ่ายยา,ตึก 69,เภสัชกรรม,Retired,โรงพยาบาลศูนย์อุดรธานี,อด 0033.1/380/2568 ลงวันที่ 26 สิงหาคม 2568,,,,2026-06-24 11:04:09,nikorn2527@gmail.com,,,,,,COMPANY,,TRUE,TOTAL,UDH-00102
103,PRINTER INKJET AIO,EPSON,L5190,X5NY113569,ตึก 69 ปี,1,ห้องจ่ายยา,ตึก 69,เภสัชกรรม,Active,โรงพยาบาลศูนย์อุดรธานี,อด 0033.1/380/2568 ลงวันที่ 26 สิงหาคม 2568,,,,2026-06-24 11:04:09,nikorn2527@gmail.com,,,,,,COMPANY,,TRUE,TOTAL,UDH-00103
104,PRINTER INKJET AIO,EPSON,L5290,X8H2029156,ตึก 69 ปี,1,ห้องจ่ายยา,ตึก 69,เภสัชกรรม,Active,โรงพยาบาลศูนย์อุดรธานี,อด 0033.1/380/2568 ลงวันที่ 26 สิงหาคม 2568,,,,2026-06-24 11:04:09,nikorn2527@gmail.com,,,,,,COMPANY,,TRUE,TOTAL,UDH-00104
105,PRINTER INKJET A4,EPSON,L3250,X8JVL25757,ตึก 69 ปี,1,ห้องจ่ายยา,ตึก 69,เภสัชกรรม,Active,โรงพยาบาลศูนย์อุดรธานี,อด 0033.1/380/2568 ลงวันที่ 26 สิงหาคม 2568,,,,2026-06-24 11:04:09,nikorn2527@gmail.com,,,,,,COMPANY,,TRUE,TOTAL,UDH-00105
106,PRINTER INKJET A4,EPSON,L3250,X8JVL25788,ตึก 69 ปี,1,ห้องจ่ายยา,ตึก 69,เภสัชกรรม,Retired,โรงพยาบาลศูนย์อุดรธานี,อด 0033.1/380/2568 ลงวันที่ 26 สิงหาคม 2568,,,,2026-06-24 11:04:09,nikorn2527@gmail.com,,,,,,COMPANY,,TRUE,TOTAL,UDH-00106
107,PRINTER INKJET AIO,EPSON,L5290,X8H2029431,ตึก 69 ปี,1,ห้องจ่ายยา,ตึก 69,เภสัชกรรม,Active,โรงพยาบาลศูนย์อุดรธานี,อด 0033.1/380/2568 ลงวันที่ 26 สิงหาคม 2568,,,,2026-06-24 11:04:09,nikorn2527@gmail.com,,,,,,COMPANY,,TRUE,TOTAL,UDH-00107
108,PRINTER INKJET AIO,EPSON,L5290,X8H2027147,ตึก 69 ปี,1,ห้องจ่ายยา,ตึก 69,เภสัชกรรม,Active,โรงพยาบาลศูนย์อุดรธานี,อด 0033.1/380/2568 ลงวันที่ 26 สิงหาคม 2568,,,,2026-06-24 11:04:09,nikorn2527@gmail.com,,,,,,COMPANY,,TRUE,TOTAL,UDH-00108
109,PRINTER INKJET AIO,EPSON,L5290,X8H2027173,ตึก 69 ปี,1,ห้องจ่ายยา,ตึก 69,เภสัชกรรม,Retired,โรงพยาบาลศูนย์อุดรธานี,อด 0033.1/380/2568 ลงวันที่ 26 สิงหาคม 2568,,,,2026-06-24 11:04:09,nikorn2527@gmail.com,,,,,,COMPANY,,TRUE,TOTAL,UDH-00109
119,PRINTER LASER,OKI,B412DN,BW47037274C0,ตึก 69 ปี,1,ห้องจ่ายยา,ตึก 69,เภสัชกรรม,Retired,โรงพยาบาลศูนย์อุดรธานี,อด 0033.1/380/2568 ลงวันที่ 26 สิงหาคม 2568,,,,2026-06-24 11:04:09,nikorn2527@gmail.com,,,,,,COMPANY,,TRUE,TOTAL,UDH-00118
120,PRINTER LASER,OKI,ES5112,BW21000091C0,ตึก 69 ปี,1,ห้องจ่ายยา,ตึก 69,เภสัชกรรม,Retired,โรงพยาบาลศูนย์อุดรธานี,อด 0033.1/380/2568 ลงวันที่ 26 สิงหาคม 2568,,,,2026-06-24 11:04:09,nikorn2527@gmail.com,,,,,,COMPANY,,TRUE,TOTAL,UDH-00119
121,PRINTER LASER,OKI,B412DN,BW49016483C0,ตึก 69 ปี,1,ห้องจ่ายยา,ตึก 69,เภสัชกรรม,Retired,โรงพยาบาลศูนย์อุดรธานี,อด 0033.1/380/2568 ลงวันที่ 26 สิงหาคม 2568,,,,2026-06-24 11:04:09,nikorn2527@gmail.com,,,,,,COMPANY,,TRUE,TOTAL,UDH-00120
123,PRINTER THERMAL,HONEYWELL,PC42E-T,24339W033B,ตึก 69 ปี,1,ห้องจ่ายยา,ตึก 69,เภสัชกรรม,Active,โรงพยาบาลศูนย์อุดรธานี,อด 0033.1/380/2568 ลงวันที่ 26 สิงหาคม 2568,,,,2026-06-24 11:04:09,nikorn2527@gmail.com,,,,,,COMPANY,,FALSE,TOTAL,UDH-00122
124,PRINTER THERMAL,HONEYWELL,PC42E-T,24339W04B6,ตึก 69 ปี,1,ห้องจ่ายยา,ตึก 69,เภสัชกรรม,Active,โรงพยาบาลศูนย์อุดรธานี,อด 0033.1/380/2568 ลงวันที่ 26 สิงหาคม 2568,,,,2026-06-24 11:04:09,nikorn2527@gmail.com,,,,,,COMPANY,,FALSE,TOTAL,UDH-00123
125,PRINTER THERMAL,HONEYWELL,PC42E-T,24339W0941,ตึก 69 ปี,1,ห้องจ่ายยา,ตึก 69,เภสัชกรรม,Active,โรงพยาบาลศูนย์อุดรธานี,อด 0033.1/380/2568 ลงวันที่ 26 สิงหาคม 2568,,,,2026-06-24 11:04:09,nikorn2527@gmail.com,,,,,,COMPANY,,FALSE,TOTAL,UDH-00124
126,PRINTER THERMAL,ZEBRA,ZD421,D6J222702136,ตึก 69 ปี,1,ห้องจ่ายยา,ตึก 69,เภสัชกรรม,Active,โรงพยาบาลศูนย์อุดรธานี,อด 0033.1/380/2568 ลงวันที่ 26 สิงหาคม 2568,,,,2026-06-24 11:04:09,nikorn2527@gmail.com,,,,,,COMPANY,,FALSE,TOTAL,UDH-00125
127,PRINTER THERMAL,ZEBRA,ZD421,D6J222613728,ตึก 69 ปี,1,ห้องจ่ายยา,ตึก 69,เภสัชกรรม,Active,โรงพยาบาลศูนย์อุดรธานี,อด 0033.1/380/2568 ลงวันที่ 26 สิงหาคม 2568,,,,2026-06-24 11:04:09,nikorn2527@gmail.com,,,,,,COMPANY,,FALSE,TOTAL,UDH-00126
149,BARCODE SCANNERS,ZEBRA,DS2208,S22178010553658,ตึก 69 ปี,2,หอผู้ป่วยตา หู คอ จมูก ชาย,,โสต ศอ นาสิกแพทย์ และจักษุแพทย์,Active,โรงพยาบาลศูนย์อุดรธานี,อด 0033.1/380/2568 ลงวันที่ 26 สิงหาคม 2568,,,,2026-05-14 17:43:14,System,,,,,,COMPANY,,FALSE,TOTAL,UDH-00148
150,BARCODE SCANNERS,ZEBRA,DS2208,S22178010553710,ตึก 69 ปี,2,หอผู้ป่วยตา หู คอ จมูก ชาย,,โสต ศอ นาสิกแพทย์ และจักษุแพทย์,Active,โรงพยาบาลศูนย์อุดรธานี,อด 0033.1/380/2568 ลงวันที่ 26 สิงหาคม 2568,,,,2026-05-14 17:43:14,System,,,,,,COMPANY,,FALSE,TOTAL,UDH-00149
151,BARCODE SCANNERS,ZEBRA,DS2208,S22149010552834,ตึก 69 ปี,2,หอผู้ป่วยตา หู คอ จมูก หญิง,,โสต ศอ นาสิกแพทย์ และจักษุแพทย์,Active,โรงพยาบาลศูนย์อุดรธานี,อด 0033.1/380/2568 ลงวันที่ 26 สิงหาคม 2568,,,,2026-05-14 17:43:14,System,,,,,,COMPANY,,FALSE,TOTAL,UDH-00150
152,BARCODE SCANNERS,ZEBRA,DS2208,S22149010552836,ตึก 69 ปี,2,หอผู้ป่วยตา หู คอ จมูก หญิง,,โสต ศอ นาสิกแพทย์ และจักษุแพทย์,Active,โรงพยาบาลศูนย์อุดรธานี,อด 0033.1/380/2568 ลงวันที่ 26 สิงหาคม 2568,,,,2026-05-14 17:43:14,System,,,,,,COMPANY,,FALSE,TOTAL,UDH-00151
153,BARCODE SCANNERS,ZEBRA,DS2208,S22149010552845,ตึก 69 ปี,2,หอผู้ป่วยตา หู คอ จมูก หญิง,,โสต ศอ นาสิกแพทย์ และจักษุแพทย์,Active,โรงพยาบาลศูนย์อุดรธานี,อด 0033.1/380/2568 ลงวันที่ 26 สิงหาคม 2568,,,,2026-05-14 17:43:14,System,,,,,,COMPANY,,FALSE,TOTAL,UDH-00152
154,PRINTER INKJET AIO,EPSON,L5290,X8H2029076,ตึก 69 ปี,2,ธุรการ,ออร์โธปิดิกส์,ออร์โธปิดิกส์,Active,โรงพยาบาลศูนย์อุดรธานี,อด 0033.1/380/2568 ลงวันที่ 26 สิงหาคม 2568,,,,2026-05-14 17:43:14,System,,,,,,COMPANY,,TRUE,TOTAL,UDH-00153
155,PRINTER INKJET AIO,EPSON,L5290,X8H2027590,ตึก 69 ปี,2,หอผู้ป่วยตา หู คอ จมูก ชาย,,โสต ศอ นาสิกแพทย์ และจักษุแพทย์,Active,โรงพยาบาลศูนย์อุดรธานี,อด 0033.1/380/2568 ลงวันที่ 26 สิงหาคม 2568,,,,2026-05-14 17:43:14,System,,,,,,COMPANY,,TRUE,TOTAL,UDH-00154
156,PRINTER INKJET AIO,EPSON,L5290,X8H2029179,ตึก 69 ปี,2,หอผู้ป่วยตา หู คอ จมูก ชาย,,โสต ศอ นาสิกแพทย์ และจักษุแพทย์,Active,โรงพยาบาลศูนย์อุดรธานี,อด 0033.1/380/2568 ลงวันที่ 26 สิงหาคม 2568,,,,2026-07-02 15:39:20,nikorn2527@gmail.com,,,2026-07-02,,,COMPANY,,TRUE,TOTAL,UDH-00155
157,PRINTER INKJET AIO,EPSON,L5290,X8H2029101,ตึก 69 ปี,2,หอผู้ป่วยตา หู คอ จมูก หญิง,,โสต ศอ นาสิกแพทย์ และจักษุแพทย์,Retired,โรงพยาบาลศูนย์อุดรธานี,อด 0033.1/380/2568 ลงวันที่ 26 สิงหาคม 2568,,,,2026-06-07 23:17:52,nikorn2527@gmail.com,,,2026-06-08,2026-06-08,,COMPANY,,TRUE,TOTAL,UDH-00156
158,PRINTER LASER,OKI,ES5112,BW21011732C0,ตึก 69 ปี,2,ธุรการ,ออร์โธปิดิกส์,ออร์โธปิดิกส์,Retired,โรงพยาบาลศูนย์อุดรธานี,อด 0033.1/380/2568 ลงวันที่ 26 สิงหาคม 2568,,,,2026-06-12 13:39:09,nikorn2527@gmail.com,,,,,,COMPANY,,TRUE,TOTAL,UDH-00157
159,PRINTER THERMAL,ZEBRA,ZD421,D6J222614753,ตึก 69 ปี,2,หอผู้ป่วยตา หู คอ จมูก ชาย,,โสต ศอ นาสิกแพทย์ และจักษุแพทย์,Active,โรงพยาบาลศูนย์อุดรธานี,อด 0033.1/380/2568 ลงวันที่ 26 สิงหาคม 2568,,,,2026-05-14 17:43:14,System,,,,,,COMPANY,,FALSE,TOTAL,UDH-00158
160,PRINTER THERMAL,ZEBRA,ZD421,D6J222613523,ตึก 69 ปี,2,หอผู้ป่วยตา หู คอ จมูก ชาย,,โสต ศอ นาสิกแพทย์ และจักษุแพทย์,Active,โรงพยาบาลศูนย์อุดรธานี,อด 0033.1/380/2568 ลงวันที่ 26 สิงหาคม 2568,,,,2026-05-14 17:43:14,System,,,,,,COMPANY,,FALSE,TOTAL,UDH-00159
161,PRINTER THERMAL,ZEBRA,ZD421,D6J222614724,ตึก 69 ปี,2,หอผู้ป่วยตา หู คอ จมูก ชาย,,โสต ศอ นาสิกแพทย์ และจักษุแพทย์,Retired,โรงพยาบาลศูนย์อุดรธานี,อด 0033.1/380/2568 ลงวันที่ 26 สิงหาคม 2568,,,,2026-05-14 17:43:14,System,,,,,,COMPANY,,FALSE,TOTAL,UDH-00160
162,PRINTER THERMAL,ZEBRA,ZD421,D6J222700817,ตึก 69 ปี,2,หอผู้ป่วยตา หู คอ จมูก หญิง,,โสต ศอ นาสิกแพทย์ และจักษุแพทย์,Active,โรงพยาบาลศูนย์อุดรธานี,อด 0033.1/380/2568 ลงวันที่ 26 สิงหาคม 2568,,,,2026-05-14 17:43:14,System,,,,,,COMPANY,,FALSE,TOTAL,UDH-00161
163,PRINTER THERMAL,ZEBRA,ZD421,D6J222613117,ตึก 69 ปี,2,หอผู้ป่วยตา หู คอ จมูก หญิง,,โสต ศอ นาสิกแพทย์ และจักษุแพทย์,Active,โรงพยาบาลศูนย์อุดรธานี,อด 0033.1/380/2568 ลงวันที่ 26 สิงหาคม 2568,,,,2026-05-14 17:43:14,System,,,,,,COMPANY,,FALSE,TOTAL,UDH-00162
164,SCANNERS,CANON,DR-C230,JA491903,ตึก 69 ปี,2,หอผู้ป่วยออร์โธปิดิกส์ชาย,,โสต ศอ นาสิกแพทย์ และจักษุแพทย์,Active,โรงพยาบาลศูนย์อุดรธานี,อด 0033.1/380/2568 ลงวันที่ 26 สิงหาคม 2568,,,,2026-05-14 17:43:14,System,,,,,,COMPANY,,FALSE,TOTAL,UDH-00163
165,SCANNERS,CANON,DR-C230,JA491940,ตึก 69 ปี,2,หอผู้ป่วยออร์โธปิดิกส์หญิง,,โสต ศอ นาสิกแพทย์ และจักษุแพทย์,Active,โรงพยาบาลศูนย์อุดรธานี,อด 0033.1/380/2568 ลงวันที่ 26 สิงหาคม 2568,,,,2026-05-14 17:43:14,System,,,,,,COMPANY,,FALSE,TOTAL,UDH-00164
166,BARCODE SCANNERS,ZEBRA,DS2208,S22150010551712,ตึก 69 ปี,3,Joint Unit,ห้อง 1,ออร์โธปิดิกส์,Active,โรงพยาบาลศูนย์อุดรธานี,อด 0033.1/380/2568 ลงวันที่ 26 สิงหาคม 2568,,,,2026-05-14 17:43:14,System,,,,,,COMPANY,,FALSE,TOTAL,UDH-00165
167,BARCODE SCANNERS,ZEBRA,DS2208,S22179010552134,ตึก 69 ปี,3,Joint Unit,ห้อง 1,ออร์โธปิดิกส์,Active,โรงพยาบาลศูนย์อุดรธานี,อด 0033.1/380/2568 ลงวันที่ 26 สิงหาคม 2568,,,,2026-05-14 17:43:14,System,,,,,,COMPANY,,FALSE,TOTAL,UDH-00166
168,BARCODE SCANNERS,ZEBRA,DS2208,S22149010555133,ตึก 69 ปี,3,Joint Unit,ห้อง 2,ออร์โธปิดิกส์,Active,โรงพยาบาลศูนย์อุดรธานี,อด 0033.1/380/2568 ลงวันที่ 26 สิงหาคม 2568,,,,2026-05-14 17:43:14,System,,,,,,COMPANY,,FALSE,TOTAL,UDH-00167
169,BARCODE SCANNERS,ZEBRA,DS2208,S22149010555136,ตึก 69 ปี,3,Joint Unit,ห้อง 2,ออร์โธปิดิกส์,Active,โรงพยาบาลศูนย์อุดรธานี,อด 0033.1/380/2568 ลงวันที่ 26 สิงหาคม 2568,,,,2026-05-14 17:43:14,System,,,,,,COMPANY,,FALSE,TOTAL,UDH-00168
170,BARCODE SCANNERS,ZEBRA,DS2208,S22149010555145,ตึก 69 ปี,3,หอผู้ป่วยออร์โธปิดิกส์ชาย,,ออร์โธปิดิกส์,Active,โรงพยาบาลศูนย์อุดรธานี,อด 0033.1/380/2568 ลงวันที่ 26 สิงหาคม 2568,,,,2026-05-14 17:43:14,System,,,,,,COMPANY,,FALSE,TOTAL,UDH-00169
171,BARCODE SCANNERS,ZEBRA,DS2208,S22179010552233,ตึก 69 ปี,3,หอผู้ป่วยออร์โธปิดิกส์ชาย,,ออร์โธปิดิกส์,Active,โรงพยาบาลศูนย์อุดรธานี,อด 0033.1/380/2568 ลงวันที่ 26 สิงหาคม 2568,,,,2026-05-14 17:43:14,System,,,,,,COMPANY,,FALSE,TOTAL,UDH-00170
172,PRINTER INKJET AIO,EPSON,L5290,X5TT021274,ตึก 69 ปี,3,Joint Unit,ห้อง 2,ออร์โธปิดิกส์,Retired,โรงพยาบาลศูนย์อุดรธานี,อด 0033.1/380/2568 ลงวันที่ 26 สิงหาคม 2568,,,,2026-05-14 17:43:14,System,,,,,,COMPANY,,TRUE,TOTAL,UDH-00171
173,PRINTER INKJET AIO,EPSON,L5290,X5TT0229591,ตึก 69 ปี,3,Joint Unit,ห้อง 2,ออร์โธปิดิกส์,Active,โรงพยาบาลศูนย์อุดรธานี,อด 0033.1/380/2568 ลงวันที่ 26 สิงหาคม 2568,,,,2026-05-14 17:43:14,System,,,,,,COMPANY,,TRUE,TOTAL,UDH-00172
174,PRINTER INKJET AIO,EPSON,L5290,X8H2029492,ตึก 69 ปี,3,Joint Unit,ห้อง 2,ออร์โธปิดิกส์,Active,โรงพยาบาลศูนย์อุดรธานี,อด 0033.1/380/2568 ลงวันที่ 26 สิงหาคม 2568,,,,2026-05-14 17:43:14,System,,,,,,COMPANY,,TRUE,TOTAL,UDH-00173
175,PRINTER INKJET AIO,EPSON,L5290,X8H2029157,ตึก 69 ปี,3,Joint Unit,ห้อง 2,ออร์โธปิดิกส์,Active,โรงพยาบาลศูนย์อุดรธานี,อด 0033.1/380/2568 ลงวันที่ 26 สิงหาคม 2568,,,,2026-05-14 17:43:14,System,,,,,,COMPANY,,TRUE,TOTAL,UDH-00174
128,PRINTER THERMAL,ZEBRA,ZD421,D6J222614698,ตึก 69 ปี,1,ห้องจ่ายยา,ตึก 69,เภสัชกรรม,Active,โรงพยาบาลศูนย์อุดรธานี,อด 0033.1/380/2568 ลงวันที่ 26 สิงหาคม 2568,,,,2026-06-24 11:04:09,nikorn2527@gmail.com,,,,,,COMPANY,,FALSE,TOTAL,UDH-00127
177,PRINTER INKJET AIO,EPSON,L5290,X8H2028218,ตึก 69 ปี,3,หอผู้ป่วยออร์โธปิดิกส์ชาย,,ออร์โธปิดิกส์,Active,โรงพยาบาลศูนย์อุดรธานี,อด 0033.1/380/2568 ลงวันที่ 26 สิงหาคม 2568,,,,2026-05-14 17:43:14,System,,,,,,COMPANY,,TRUE,TOTAL,UDH-00176
178,PRINTER THERMAL,ZEBRA,ZD421,D6J222613634,ตึก 69 ปี,3,Joint Unit,ห้อง 1,ออร์โธปิดิกส์,Active,โรงพยาบาลศูนย์อุดรธานี,อด 0033.1/380/2568 ลงวันที่ 26 สิงหาคม 2568,,,,2026-05-14 17:43:14,System,,,,,,COMPANY,,FALSE,TOTAL,UDH-00177
179,PRINTER THERMAL,ZEBRA,ZD421,D5J210702481,ตึก 69 ปี,3,Joint Unit,ห้อง 2,ออร์โธปิดิกส์,Active,โรงพยาบาลศูนย์อุดรธานี,อด 0033.1/380/2568 ลงวันที่ 26 สิงหาคม 2568,,,,2026-05-14 17:43:14,System,,,,,,COMPANY,,FALSE,TOTAL,UDH-00178
180,PRINTER THERMAL,ZEBRA,ZD421,D6J222613716,ตึก 69 ปี,3,หอผู้ป่วยออร์โธปิดิกส์ชาย,,ออร์โธปิดิกส์,Active,โรงพยาบาลศูนย์อุดรธานี,อด 0033.1/380/2568 ลงวันที่ 26 สิงหาคม 2568,,,,2026-05-14 17:43:14,System,,,,,,COMPANY,,FALSE,TOTAL,UDH-00179
181,PRINTER THERMAL,ZEBRA,ZD421,D6J222614794,ตึก 69 ปี,3,หอผู้ป่วยออร์โธปิดิกส์ชาย,,ออร์โธปิดิกส์,Active,โรงพยาบาลศูนย์อุดรธานี,อด 0033.1/380/2568 ลงวันที่ 26 สิงหาคม 2568,,,,2026-05-14 17:43:14,System,,,,,,COMPANY,,FALSE,TOTAL,UDH-00180
182,PRINTER THERMAL,DELI,S351,64455300001,ตึกผู้ป่วยนอกเดิม,1,คลินิกส่งเสริมการมีบุตร,,สูตินรีเวชกรรม,Active,โรงพยาบาลศูนย์อุดรธานี,อด 0033.1/380/2568 ลงวันที่ 26 สิงหาคม 2568,,,,2026-05-14 17:43:14,System,,,,,,COMPANY,,FALSE,TOTAL,UDH-00181
183,SCANNERS,CANON,DR-C230,JA491760,ตึก 69 ปี,3,Joint Unit,ห้อง 1,ออร์โธปิดิกส์,Active,โรงพยาบาลศูนย์อุดรธานี,อด 0033.1/380/2568 ลงวันที่ 26 สิงหาคม 2568,,,,2026-05-14 17:43:14,System,,,,,,COMPANY,,FALSE,TOTAL,UDH-00182
184,SCANNERS,CANON,DR-C230,JA491966,ตึก 69 ปี,3,Joint Unit,ห้อง 2,ออร์โธปิดิกส์,Active,โรงพยาบาลศูนย์อุดรธานี,อด 0033.1/380/2568 ลงวันที่ 26 สิงหาคม 2568,,,,2026-05-14 17:43:14,System,,,,,,COMPANY,,FALSE,TOTAL,UDH-00183
185,SCANNERS,CANON,DR-C230,JA491935,ตึก 69 ปี,3,หอผู้ป่วยออร์โธปิดิกส์ชาย,,ออร์โธปิดิกส์,Active,โรงพยาบาลศูนย์อุดรธานี,อด 0033.1/380/2568 ลงวันที่ 26 สิงหาคม 2568,,,,2026-05-14 17:43:14,System,,,,,,COMPANY,,FALSE,TOTAL,UDH-00184
186,BARCODE SCANNERS,ZEBRA,DS2208,S22179010552183,ตึก 69 ปี,4,Joint Unit,ห้อง 1,ออร์โธปิดิกส์,Active,โรงพยาบาลศูนย์อุดรธานี,อด 0033.1/380/2568 ลงวันที่ 26 สิงหาคม 2568,,,,2026-05-14 17:43:14,System,,,,,,COMPANY,,FALSE,TOTAL,UDH-00185
187,BARCODE SCANNERS,ZEBRA,DS2208,S22179010552194,ตึก 69 ปี,4,Joint Unit,ห้อง 1,ออร์โธปิดิกส์,Active,โรงพยาบาลศูนย์อุดรธานี,อด 0033.1/380/2568 ลงวันที่ 26 สิงหาคม 2568,,,,2026-05-14 17:43:14,System,,,,,,COMPANY,,FALSE,TOTAL,UDH-00186
188,BARCODE SCANNERS,ZEBRA,DS2208,S22179010552133,ตึก 69 ปี,4,หอผู้ป่วยออร์โธปิดิกส์หญิง,,ออร์โธปิดิกส์,Active,โรงพยาบาลศูนย์อุดรธานี,อด 0033.1/380/2568 ลงวันที่ 26 สิงหาคม 2568,,,,2026-05-14 17:43:14,System,,,,,,COMPANY,,FALSE,TOTAL,UDH-00187
189,BARCODE SCANNERS,ZEBRA,DS2208,S22179010552182,ตึก 69 ปี,4,หอผู้ป่วยออร์โธปิดิกส์หญิง,,ออร์โธปิดิกส์,Active,โรงพยาบาลศูนย์อุดรธานี,อด 0033.1/380/2568 ลงวันที่ 26 สิงหาคม 2568,,,,2026-05-14 17:43:14,System,,,,,,COMPANY,,FALSE,TOTAL,UDH-00188
190,PRINTER INKJET AIO,EPSON,L5290,X8H2027550,ตึก 69 ปี,4,Joint Unit,ห้อง 1,ออร์โธปิดิกส์,Active,โรงพยาบาลศูนย์อุดรธานี,อด 0033.1/380/2568 ลงวันที่ 26 สิงหาคม 2568,,,,2026-05-14 17:43:14,System,,,,,,COMPANY,,TRUE,TOTAL,UDH-00189
191,PRINTER INKJET AIO,EPSON,L5290,X8H2028199,ตึก 69 ปี,4,หอผู้ป่วยออร์โธปิดิกส์หญิง,,ออร์โธปิดิกส์,Active,โรงพยาบาลศูนย์อุดรธานี,อด 0033.1/380/2568 ลงวันที่ 26 สิงหาคม 2568,,,,2026-05-14 17:43:14,System,,,,,,COMPANY,,TRUE,TOTAL,UDH-00190
192,PRINTER INKJET AIO,EPSON,L5290,X8H2029117,ตึก 69 ปี,4,หอผู้ป่วยออร์โธปิดิกส์หญิง,,ออร์โธปิดิกส์,Active,โรงพยาบาลศูนย์อุดรธานี,อด 0033.1/380/2568 ลงวันที่ 26 สิงหาคม 2568,,,,2026-05-14 17:43:14,System,,,,,,COMPANY,,TRUE,TOTAL,UDH-00191
193,PRINTER INKJET AIO,EPSON,L5290,X8H2029096,ตึก 69 ปี,4,หอผู้ป่วยออร์โธปิดิกส์หญิง,ห้องหัวหน้า,ออร์โธปิดิกส์,Active,โรงพยาบาลศูนย์อุดรธานี,อด 0033.1/380/2568 ลงวันที่ 26 สิงหาคม 2568,,,,2026-05-14 17:43:14,System,,,,,,COMPANY,,TRUE,TOTAL,UDH-00192
194,PRINTER LASER,HP,M402DN,PHCFD06268,ตึก 69 ปี,4,Joint Unit,ห้อง 1,ออร์โธปิดิกส์,Retired,โรงพยาบาลศูนย์อุดรธานี,อด 0033.1/380/2568 ลงวันที่ 26 สิงหาคม 2568,,,,2026-05-14 17:43:14,System,,,,,,COMPANY,,TRUE,TOTAL,UDH-00193
195,PRINTER THERMAL,ZEBRA,ZD421,D6J222702183,ตึก 69 ปี,4,Joint Unit,ห้อง 1,ออร์โธปิดิกส์,Active,โรงพยาบาลศูนย์อุดรธานี,อด 0033.1/380/2568 ลงวันที่ 26 สิงหาคม 2568,,,,2026-05-14 17:43:14,System,,,,,,COMPANY,,FALSE,TOTAL,UDH-00194
196,PRINTER THERMAL,ZEBRA,ZD421,D6J222613133,ตึก 69 ปี,4,Joint Unit,ห้อง 1,ออร์โธปิดิกส์,Active,โรงพยาบาลศูนย์อุดรธานี,อด 0033.1/380/2568 ลงวันที่ 26 สิงหาคม 2568,,,,2026-05-14 17:43:14,System,,,,,,COMPANY,,FALSE,TOTAL,UDH-00195
197,PRINTER THERMAL,ZEBRA,ZD421,D6J222613131,ตึก 69 ปี,4,หอผู้ป่วยออร์โธปิดิกส์หญิง,,ออร์โธปิดิกส์,Retired,โรงพยาบาลศูนย์อุดรธานี,อด 0033.1/380/2568 ลงวันที่ 26 สิงหาคม 2568,,,,2026-05-14 17:43:14,System,,,,,,COMPANY,,FALSE,TOTAL,UDH-00196
198,PRINTER THERMAL,ZEBRA,ZD421,D6J222613586,ตึก 69 ปี,4,หอผู้ป่วยออร์โธปิดิกส์หญิง,,ออร์โธปิดิกส์,Active,โรงพยาบาลศูนย์อุดรธานี,อด 0033.1/380/2568 ลงวันที่ 26 สิงหาคม 2568,,,,2026-05-14 17:43:14,System,,,,,,COMPANY,,FALSE,TOTAL,UDH-00197
199,PRINTER THERMAL,ZEBRA,ZD421,D6J222700866,ตึก 69 ปี,4,หอผู้ป่วยออร์โธปิดิกส์หญิง,,ออร์โธปิดิกส์,Active,โรงพยาบาลศูนย์อุดรธานี,อด 0033.1/380/2568 ลงวันที่ 26 สิงหาคม 2568,,,,2026-05-14 17:43:14,System,,,,,,COMPANY,,FALSE,TOTAL,UDH-00198
200,SCANNERS,CANON,DR-C230,JA491926,ตึก 69 ปี,4,Joint Unit,ห้อง 1,ออร์โธปิดิกส์,Active,โรงพยาบาลศูนย์อุดรธานี,อด 0033.1/380/2568 ลงวันที่ 26 สิงหาคม 2568,,,,2026-05-14 17:43:14,System,,,,,,COMPANY,,FALSE,TOTAL,UDH-00199
201,SCANNERS,CANON,DR-C230,JA491979,ตึก 69 ปี,4,หอผู้ป่วยออร์โธปิดิกส์หญิง,,ออร์โธปิดิกส์,Active,โรงพยาบาลศูนย์อุดรธานี,อด 0033.1/380/2568 ลงวันที่ 26 สิงหาคม 2568,,,,2026-05-14 17:43:14,System,,,,,,COMPANY,,FALSE,TOTAL,UDH-00200
202,SCANNERS,CANON,DR-C230,JA491995,ตึก 69 ปี,4,หอผู้ป่วยออร์โธปิดิกส์หญิง,,ออร์โธปิดิกส์,Active,โรงพยาบาลศูนย์อุดรธานี,อด 0033.1/380/2568 ลงวันที่ 26 สิงหาคม 2568,,,,2026-05-14 17:43:14,System,,,,,,COMPANY,,FALSE,TOTAL,UDH-00201
203,BARCODE SCANNERS,ZEBRA,DS2208,S22149010555137,ตึก 69 ปี,5,หอผู้ป่วยออร์โธปิดิกส์พิเศษ,,ออร์โธปิดิกส์,Active,โรงพยาบาลศูนย์อุดรธานี,อด 0033.1/380/2568 ลงวันที่ 26 สิงหาคม 2568,,,,2026-05-14 17:43:14,System,,,,,,COMPANY,,FALSE,TOTAL,UDH-00202
204,BARCODE SCANNERS,ZEBRA,DS2208,S22150010551686,ตึก 69 ปี,5,หอผู้ป่วยออร์โธปิดิกส์พิเศษ,,ออร์โธปิดิกส์,Active,โรงพยาบาลศูนย์อุดรธานี,อด 0033.1/380/2568 ลงวันที่ 26 สิงหาคม 2568,,,,2026-05-14 17:43:14,System,,,,,,COMPANY,,FALSE,TOTAL,UDH-00203
205,BARCODE SCANNERS,ZEBRA,DS2208,S22149010555143,ตึก 69 ปี,5,หอผู้ป่วยออร์โธปิดิกส์ชาย,,ออร์โธปิดิกส์,Active,โรงพยาบาลศูนย์อุดรธานี,อด 0033.1/380/2568 ลงวันที่ 26 สิงหาคม 2568,,,,2026-05-14 17:43:14,System,,,,,,COMPANY,,FALSE,TOTAL,UDH-00204
206,BARCODE SCANNERS,ZEBRA,DS2208,S22149010555141,ตึก 69 ปี,5,หอผู้ป่วยออร์โธปิดิกส์ชาย,,ออร์โธปิดิกส์,Active,โรงพยาบาลศูนย์อุดรธานี,อด 0033.1/380/2568 ลงวันที่ 26 สิงหาคม 2568,,,,2026-05-14 17:43:14,System,,,,,,COMPANY,,FALSE,TOTAL,UDH-00205
207,BARCODE SCANNERS,ZEBRA,DS2208,S22150010551678,ตึก 69 ปี,5,หอผู้ป่วยออร์โธปิดิกส์ชาย,,ออร์โธปิดิกส์,Active,โรงพยาบาลศูนย์อุดรธานี,อด 0033.1/380/2568 ลงวันที่ 26 สิงหาคม 2568,,,,2026-05-14 17:43:14,System,,,,,,COMPANY,,FALSE,TOTAL,UDH-00206
208,PRINTER INKJET AIO,EPSON,L5290,X8H2029570,ตึก 69 ปี,5,หอผู้ป่วยออร์โธปิดิกส์พิเศษ,,ออร์โธปิดิกส์,Active,โรงพยาบาลศูนย์อุดรธานี,อด 0033.1/380/2568 ลงวันที่ 26 สิงหาคม 2568,,,,2026-05-14 17:43:14,System,,,,,,COMPANY,,TRUE,TOTAL,UDH-00207
209,PRINTER INKJET AIO,EPSON,L5290,X8H2027581,ตึก 69 ปี,5,หอผู้ป่วยออร์โธปิดิกส์พิเศษ,,ออร์โธปิดิกส์,Active,โรงพยาบาลศูนย์อุดรธานี,อด 0033.1/380/2568 ลงวันที่ 26 สิงหาคม 2568,,,,2026-05-14 17:43:14,System,,,,,,COMPANY,,TRUE,TOTAL,UDH-00208
210,PRINTER INKJET AIO,EPSON,L5290,X8H2028211,ตึก 69 ปี,5,หอผู้ป่วยออร์โธปิดิกส์ชาย,,ออร์โธปิดิกส์,Active,โรงพยาบาลศูนย์อุดรธานี,อด 0033.1/380/2568 ลงวันที่ 26 สิงหาคม 2568,,,,2026-05-14 17:43:14,System,,,,,,COMPANY,,TRUE,TOTAL,UDH-00209
211,PRINTER INKJET AIO,EPSON,L5290,X8H2029063,ตึก 69 ปี,5,หอผู้ป่วยออร์โธปิดิกส์ชาย,,ออร์โธปิดิกส์,Active,โรงพยาบาลศูนย์อุดรธานี,อด 0033.1/380/2568 ลงวันที่ 26 สิงหาคม 2568,,,,2026-05-14 17:43:14,System,,,,,,COMPANY,,TRUE,TOTAL,UDH-00210
212,PRINTER LASER,SAMSUNG,M4020ND,CNB3L3WSXZ,ตึก 69 ปี,5,หอผู้ป่วยออร์โธปิดิกส์ชาย,,ออร์โธปิดิกส์,Retired,โรงพยาบาลศูนย์อุดรธานี,อด 0033.1/380/2568 ลงวันที่ 26 สิงหาคม 2568,,,,2026-05-14 17:43:14,System,,,,,,COMPANY,,TRUE,TOTAL,UDH-00211
213,PRINTER THERMAL,ZEBRA,ZD421,D6J222613788,ตึก 69 ปี,5,หอผู้ป่วยออร์โธปิดิกส์พิเศษ,,ออร์โธปิดิกส์,Active,โรงพยาบาลศูนย์อุดรธานี,อด 0033.1/380/2568 ลงวันที่ 26 สิงหาคม 2568,,,,2026-05-14 17:43:14,System,,,,,,COMPANY,,FALSE,TOTAL,UDH-00212
214,PRINTER THERMAL,ZEBRA,ZD421,D6J222613807,ตึก 69 ปี,5,หอผู้ป่วยออร์โธปิดิกส์พิเศษ,,ออร์โธปิดิกส์,Retired,โรงพยาบาลศูนย์อุดรธานี,อด 0033.1/380/2568 ลงวันที่ 26 สิงหาคม 2568,,,,2026-05-26 03:55:32,nikorn2527@gmail.com,,,,,,COMPANY,,FALSE,TOTAL,UDH-00213
215,PRINTER THERMAL,ZEBRA,ZD421,D6J222613681,ตึก 69 ปี,5,หอผู้ป่วยออร์โธปิดิกส์พิเศษ,,ออร์โธปิดิกส์,Active,โรงพยาบาลศูนย์อุดรธานี,อด 0033.1/380/2568 ลงวันที่ 26 สิงหาคม 2568,,,,2026-05-14 17:43:14,System,,,,,,COMPANY,,FALSE,TOTAL,UDH-00214
216,PRINTER THERMAL,ZEBRA,ZD421,D6J222613692,ตึก 69 ปี,5,หอผู้ป่วยออร์โธปิดิกส์ชาย,,ออร์โธปิดิกส์,Active,โรงพยาบาลศูนย์อุดรธานี,อด 0033.1/380/2568 ลงวันที่ 26 สิงหาคม 2568,,,,2026-05-14 17:43:14,System,,,,,,COMPANY,,FALSE,TOTAL,UDH-00215
217,PRINTER THERMAL,ZEBRA,ZD421,D6J222613116,ตึก 69 ปี,5,หอผู้ป่วยออร์โธปิดิกส์ชาย,,ออร์โธปิดิกส์,Active,โรงพยาบาลศูนย์อุดรธานี,อด 0033.1/380/2568 ลงวันที่ 26 สิงหาคม 2568,,,,2026-05-14 17:43:14,System,,,,,,COMPANY,,FALSE,TOTAL,UDH-00216
218,PRINTER THERMAL,TSC,TE200,TEA24330039,ตึก 69 ปี,5,หอผู้ป่วยออร์โธปิดิกส์ชาย,,ออร์โธปิดิกส์,Active,โรงพยาบาลศูนย์อุดรธานี,อด 0033.1/380/2568 ลงวันที่ 26 สิงหาคม 2568,,,,2026-05-14 17:43:14,System,,,,,,COMPANY,,FALSE,TOTAL,UDH-00217
219,SCANNERS,CANON,DR-C230,JA491944,ตึก 69 ปี,5,หอผู้ป่วยออร์โธปิดิกส์พิเศษ,,ออร์โธปิดิกส์,Active,โรงพยาบาลศูนย์อุดรธานี,อด 0033.1/380/2568 ลงวันที่ 26 สิงหาคม 2568,,,,2026-05-14 17:43:14,System,,,,,,COMPANY,,FALSE,TOTAL,UDH-00218
220,SCANNERS,CANON,DR-C230,JA491960,ตึก 69 ปี,5,หอผู้ป่วยออร์โธปิดิกส์พิเศษ,,ออร์โธปิดิกส์,Active,โรงพยาบาลศูนย์อุดรธานี,อด 0033.1/380/2568 ลงวันที่ 26 สิงหาคม 2568,,,,2026-05-14 17:43:14,System,,,,,,COMPANY,,FALSE,TOTAL,UDH-00219
221,SCANNERS,CANON,DR-C230,JA491761,ตึก 69 ปี,5,หอผู้ป่วยออร์โธปิดิกส์ชาย,,ออร์โธปิดิกส์,Active,โรงพยาบาลศูนย์อุดรธานี,อด 0033.1/380/2568 ลงวันที่ 26 สิงหาคม 2568,,,,2026-05-14 17:43:14,System,,,,,,COMPANY,,FALSE,TOTAL,UDH-00220
222,BARCODE SCANNERS,ZEBRA,DS2208,S22176010553174,ตึก 69 ปี,7,หอผู้ป่วยทารกแรกเกิดวิกฤติ NICU,,กุมารเวชกรรม,Active,โรงพยาบาลศูนย์อุดรธานี,อด 0033.1/380/2568 ลงวันที่ 26 สิงหาคม 2568,,,,2026-05-14 17:43:14,System,,,,,,COMPANY,,FALSE,TOTAL,UDH-00221
223,BARCODE SCANNERS,ZEBRA,DS2208,S22178010553925,ตึก 69 ปี,7,หอผู้ป่วยทารกแรกเกิดวิกฤติ NICU,,กุมารเวชกรรม,Active,โรงพยาบาลศูนย์อุดรธานี,อด 0033.1/380/2568 ลงวันที่ 26 สิงหาคม 2568,,,,2026-05-14 17:43:14,System,,,,,,COMPANY,,FALSE,TOTAL,UDH-00222
224,BARCODE SCANNERS,ZEBRA,DS2208,S22179010552216,ตึก 69 ปี,6,หอผู้ป่วยกุมารเวช 2,,กุมารเวชกรรม,Active,โรงพยาบาลศูนย์อุดรธานี,อด 0033.1/380/2568 ลงวันที่ 26 สิงหาคม 2568,,,,2026-05-14 17:43:14,System,,,,,,COMPANY,,FALSE,TOTAL,UDH-00223
225,BARCODE SCANNERS,ZEBRA,DS2208,S22179010552208,ตึก 69 ปี,6,หอผู้ป่วยกุมารเวช 2,,กุมารเวชกรรม,Active,โรงพยาบาลศูนย์อุดรธานี,อด 0033.1/380/2568 ลงวันที่ 26 สิงหาคม 2568,,,,2026-05-14 17:43:14,System,,,,,,COMPANY,,FALSE,TOTAL,UDH-00224
226,PRINTER INKJET AIO,EPSON,L5290,X8H2027544,ตึก 69 ปี,7,หอผู้ป่วยทารกแรกเกิดวิกฤติ,,กุมารเวชกรรม,Active,โรงพยาบาลศูนย์อุดรธานี,อด 0033.1/380/2568 ลงวันที่ 26 สิงหาคม 2568,,,,2026-05-14 17:43:14,System,,,,,,COMPANY,,TRUE,TOTAL,UDH-00225
227,PRINTER INKJET AIO,EPSON,L5290,X8H2029608,ตึก 69 ปี,7,หอผู้ป่วยทารกแรกเกิดวิกฤติ,,กุมารเวชกรรม,Active,โรงพยาบาลศูนย์อุดรธานี,อด 0033.1/380/2568 ลงวันที่ 26 สิงหาคม 2568,,,,2026-05-14 17:43:14,System,,,,,,COMPANY,,TRUE,TOTAL,UDH-00226
228,PRINTER INKJET AIO,EPSON,L5290,X8H2027167,ตึก 69 ปี,6,หอผู้ป่วยกุมารเวช 2,,กุมารเวชกรรม,Active,โรงพยาบาลศูนย์อุดรธานี,อด 0033.1/380/2568 ลงวันที่ 26 สิงหาคม 2568,,,,2026-05-14 17:43:14,System,,,,,,COMPANY,,TRUE,TOTAL,UDH-00227
229,PRINTER INKJET AIO,EPSON,L5290,X8H2029215,ตึก 69 ปี,6,หอผู้ป่วยกุมารเวช 2,,กุมารเวชกรรม,Active,โรงพยาบาลศูนย์อุดรธานี,อด 0033.1/380/2568 ลงวันที่ 26 สิงหาคม 2568,,,,2026-05-14 17:43:14,System,,,,,,COMPANY,,TRUE,TOTAL,UDH-00228
230,PRINTER LASER,SAMSUNG,M4020ND,CNB3L3WSY2,ตึก 69 ปี,7,หอผู้ป่วยทารกแรกเกิดวิกฤติ,,กุมารเวชกรรม,Retired,โรงพยาบาลศูนย์อุดรธานี,อด 0033.1/380/2568 ลงวันที่ 26 สิงหาคม 2568,,,,2026-05-14 17:43:14,System,,,,,,COMPANY,,TRUE,TOTAL,UDH-00229
231,PRINTER THERMAL,ZEBRA,ZD421,D6J222702178,ตึก 69 ปี,6,หอผู้ป่วยวิกฤติ PICU,,กุมารเวชกรรม,Active,โรงพยาบาลศูนย์อุดรธานี,อด 0033.1/380/2568 ลงวันที่ 26 สิงหาคม 2568,,,,2026-05-14 17:43:14,System,,,,,,COMPANY,,FALSE,TOTAL,UDH-00230
232,PRINTER THERMAL,ZEBRA,ZD421,D6J222702153,ตึก 69 ปี,6,หอผู้ป่วยวิกฤติ PICU,,กุมารเวชกรรม,Active,โรงพยาบาลศูนย์อุดรธานี,อด 0033.1/380/2568 ลงวันที่ 26 สิงหาคม 2568,,,,2026-05-14 17:43:14,System,,,,,,COMPANY,,FALSE,TOTAL,UDH-00231
233,PRINTER THERMAL,ZEBRA,ZD421,D6J222700855,ตึก 69 ปี,6,หอผู้ป่วยกุมารเวช 2,,กุมารเวชกรรม,Active,โรงพยาบาลศูนย์อุดรธานี,อด 0033.1/380/2568 ลงวันที่ 26 สิงหาคม 2568,,,,2026-05-14 17:43:14,System,,,,,,COMPANY,,FALSE,TOTAL,UDH-00232
234,PRINTER THERMAL,ZEBRA,ZD421,D6J222613148,ตึก 69 ปี,6,หอผู้ป่วยกุมารเวช 2,,กุมารเวชกรรม,Retired,โรงพยาบาลศูนย์อุดรธานี,อด 0033.1/380/2568 ลงวันที่ 26 สิงหาคม 2568,,,,2026-05-14 17:43:14,System,,,,,,COMPANY,,FALSE,TOTAL,UDH-00233
235,SCANNERS,CANON,DR-C230,JA491978,ตึก 69 ปี,6,หอผู้ป่วยวิกฤติ PICU,,กุมารเวชกรรม,Active,โรงพยาบาลศูนย์อุดรธานี,อด 0033.1/380/2568 ลงวันที่ 26 สิงหาคม 2568,,,,2026-05-14 17:43:14,System,,,,,,COMPANY,,FALSE,TOTAL,UDH-00234
236,SCANNERS,CANON,DR-C230,JA491993,ตึก 69 ปี,6,หอผู้ป่วยวิกฤติ PICU,,กุมารเวชกรรม,Active,โรงพยาบาลศูนย์อุดรธานี,อด 0033.1/380/2568 ลงวันที่ 26 สิงหาคม 2568,,,,2026-05-14 17:43:14,System,,,,,,COMPANY,,FALSE,TOTAL,UDH-00235
237,SCANNERS,CANON,DR-C230,JA491916,ตึก 69 ปี,6,หอผู้ป่วยกุมารเวช 2,,กุมารเวชกรรม,Active,โรงพยาบาลศูนย์อุดรธานี,อด 0033.1/380/2568 ลงวันที่ 26 สิงหาคม 2568,,,,2026-05-14 17:43:14,System,,,,,,COMPANY,,FALSE,TOTAL,UDH-00236
129,PRINTER THERMAL,ZEBRA,ZD421,D6J222613533,ตึก 69 ปี,1,ห้องจ่ายยา,ตึก 69,เภสัชกรรม,Active,โรงพยาบาลศูนย์อุดรธานี,อด 0033.1/380/2568 ลงวันที่ 26 สิงหาคม 2568,,,,2026-06-24 11:04:09,nikorn2527@gmail.com,,,,,,COMPANY,,FALSE,TOTAL,UDH-00128
239,BARCODE SCANNERS,ZEBRA,DS2208,S22179010552131,ตึก 69 ปี,7,หอผู้ป่วยทารกแรกเกิดวิกฤติ,,กุมารเวชกรรม,Active,โรงพยาบาลศูนย์อุดรธานี,อด 0033.1/380/2568 ลงวันที่ 26 สิงหาคม 2568,,,,2026-05-14 17:43:14,System,,,,,,COMPANY,,FALSE,TOTAL,UDH-00238
240,BARCODE SCANNERS,ZEBRA,DS2208,S22179010552204,ตึก 69 ปี,7,หอผู้ป่วยกุมารเวช 1,,กุมารเวชกรรม,Active,โรงพยาบาลศูนย์อุดรธานี,อด 0033.1/380/2568 ลงวันที่ 26 สิงหาคม 2568,,,,2026-05-14 17:43:14,System,,,,,,COMPANY,,FALSE,TOTAL,UDH-00239
241,PRINTER INKJET AIO,EPSON,L5290,X8H2029048,ตึก 69 ปี,7,หอผู้ป่วยทารกแรกเกิดวิกฤติ NICU,ห้องหัวหน้า,กุมารเวชกรรม,Active,โรงพยาบาลศูนย์อุดรธานี,อด 0033.1/380/2568 ลงวันที่ 26 สิงหาคม 2568,,,,2026-05-14 17:43:14,System,,,,,,COMPANY,,TRUE,TOTAL,UDH-00240
242,PRINTER INKJET AIO,EPSON,L5290,X8H2027560,ตึก 69 ปี,6,หอผู้ป่วยวิกฤติ PICU,,กุมารเวชกรรม,Active,โรงพยาบาลศูนย์อุดรธานี,อด 0033.1/380/2568 ลงวันที่ 26 สิงหาคม 2568,,,,2026-05-14 17:43:14,System,,,,,,COMPANY,,TRUE,TOTAL,UDH-00241
243,PRINTER INKJET AIO,EPSON,L5290,X8H2027594,ตึก 69 ปี,6,หอผู้ป่วยวิกฤติ PICU,,กุมารเวชกรรม,Active,โรงพยาบาลศูนย์อุดรธานี,อด 0033.1/380/2568 ลงวันที่ 26 สิงหาคม 2568,,,,2026-05-14 17:43:14,System,,,,,,COMPANY,,TRUE,TOTAL,UDH-00242
130,PRINTER THERMAL,ZEBRA,ZD421,D6J222613553,ตึก 69 ปี,1,ห้องจ่ายยา,ตึก 69,เภสัชกรรม,Active,โรงพยาบาลศูนย์อุดรธานี,อด 0033.1/380/2568 ลงวันที่ 26 สิงหาคม 2568,,,,2026-06-24 11:04:09,nikorn2527@gmail.com,,,,,,COMPANY,,FALSE,TOTAL,UDH-00129
245,PRINTER INKJET AIO,EPSON,L5290,X8H2029443,ตึก 69 ปี,7,หอผู้ป่วยกุมารเวช 1,,กุมารเวชกรรม,Active,โรงพยาบาลศูนย์อุดรธานี,อด 0033.1/380/2568 ลงวันที่ 26 สิงหาคม 2568,,,,2026-05-14 17:43:14,System,,,,,,COMPANY,,TRUE,TOTAL,UDH-00244
246,PRINTER INKJET AIO,EPSON,L5290,X8H2029573,ตึก 69 ปี,7,หอผู้ป่วยกุมารเวช 1,,กุมารเวชกรรม,Active,โรงพยาบาลศูนย์อุดรธานี,อด 0033.1/380/2568 ลงวันที่ 26 สิงหาคม 2568,,,,2026-05-14 17:43:14,System,,,,,,COMPANY,,TRUE,TOTAL,UDH-00245
247,PRINTER THERMAL,ZEBRA,ZD421,D6J222613653,ตึก 69 ปี,7,หอผู้ป่วยทารกแรกเกิดวิกฤติ,,กุมารเวชกรรม,Active,โรงพยาบาลศูนย์อุดรธานี,อด 0033.1/380/2568 ลงวันที่ 26 สิงหาคม 2568,,,,2026-05-14 17:43:14,System,,,,,,COMPANY,,FALSE,TOTAL,UDH-00246
248,PRINTER THERMAL,ZEBRA,ZD421,D6J222614649,ตึก 69 ปี,7,หอผู้ป่วยทารกแรกเกิดวิกฤติ,,กุมารเวชกรรม,Active,โรงพยาบาลศูนย์อุดรธานี,อด 0033.1/380/2568 ลงวันที่ 26 สิงหาคม 2568,,,,2026-05-14 17:43:14,System,,,,,,COMPANY,,FALSE,TOTAL,UDH-00247
249,PRINTER THERMAL,ZEBRA,ZD421,D6J222613574,ตึก 69 ปี,7,หอผู้ป่วยกุมารเวช 1,,กุมารเวชกรรม,Active,โรงพยาบาลศูนย์อุดรธานี,อด 0033.1/380/2568 ลงวันที่ 26 สิงหาคม 2568,,,,2026-05-14 17:43:14,System,,,,,,COMPANY,,FALSE,TOTAL,UDH-00248
250,PRINTER THERMAL,ZEBRA,ZD421,D6J222613670,ตึก 69 ปี,7,หอผู้ป่วยกุมารเวช 1,,กุมารเวชกรรม,Active,โรงพยาบาลศูนย์อุดรธานี,อด 0033.1/380/2568 ลงวันที่ 26 สิงหาคม 2568,,,,2026-05-14 17:43:14,System,,,,,,COMPANY,,FALSE,TOTAL,UDH-00249
251,PRINTER THERMAL,ZEBRA,ZD421,D6J222613535,ตึก 69 ปี,7,หอผู้ป่วยกุมารเวช 1,,กุมารเวชกรรม,Active,โรงพยาบาลศูนย์อุดรธานี,อด 0033.1/380/2568 ลงวันที่ 26 สิงหาคม 2568,,,,2026-05-14 17:43:14,System,,,,,,COMPANY,,FALSE,TOTAL,UDH-00250
252,SCANNERS,CANON,DR-C230,JA491771,ตึก 69 ปี,7,หอผู้ป่วยทารกแรกเกิดวิกฤติ,,กุมารเวชกรรม,Active,โรงพยาบาลศูนย์อุดรธานี,อด 0033.1/380/2568 ลงวันที่ 26 สิงหาคม 2568,,,,2026-05-14 17:43:14,System,,,,,,COMPANY,,FALSE,TOTAL,UDH-00251
253,SCANNERS,CANON,DR-C230,JA491996,ตึก 69 ปี,7,หอผู้ป่วยกุมารเวช 1,,กุมารเวชกรรม,Active,โรงพยาบาลศูนย์อุดรธานี,อด 0033.1/380/2568 ลงวันที่ 26 สิงหาคม 2568,,,,2026-05-14 17:43:14,System,,,,,,COMPANY,,FALSE,TOTAL,UDH-00252
254,SCANNERS,CANON,DR-C230,JA491922,ตึก 69 ปี,7,หอผู้ป่วยกุมารเวช 1,,กุมารเวชกรรม,Active,โรงพยาบาลศูนย์อุดรธานี,อด 0033.1/380/2568 ลงวันที่ 26 สิงหาคม 2568,,,,2026-05-14 17:43:14,System,,,,,,COMPANY,,FALSE,TOTAL,UDH-00253
255,SCANNERS,CANON,DR-C230,JA491775,ตึก 69 ปี,7,หอผู้ป่วยทารกแรกเกิดวิกฤติ,,กุมารเวชกรรม,Active,โรงพยาบาลศูนย์อุดรธานี,อด 0033.1/380/2568 ลงวันที่ 26 สิงหาคม 2568,,,,2026-05-14 17:43:14,System,,,,,,COMPANY,,FALSE,TOTAL,UDH-00254
256,BARCODE SCANNERS,ZEBRA,DS2208,S22179010552110,ตึก 69 ปี,8,หอผู้ป่วยกุมารเวช 3,,กุมารเวชกรรม,Active,โรงพยาบาลศูนย์อุดรธานี,อด 0033.1/380/2568 ลงวันที่ 26 สิงหาคม 2568,,,,2026-05-14 17:43:14,System,,,,,,COMPANY,,FALSE,TOTAL,UDH-00255
257,PRINTER INKJET AIO,EPSON,L5290,X8H2029232,ตึก 69 ปี,8,หอผู้ป่วยทารกแรกเกิด,,กุมารเวชกรรม,Active,โรงพยาบาลศูนย์อุดรธานี,อด 0033.1/380/2568 ลงวันที่ 26 สิงหาคม 2568,,,,2026-05-14 17:43:14,System,,,,,,COMPANY,,TRUE,TOTAL,UDH-00256
258,PRINTER INKJET AIO,EPSON,L5290,X8H2029182,ตึก 69 ปี,8,หอผู้ป่วยทารกแรกเกิด,,กุมารเวชกรรม,Active,โรงพยาบาลศูนย์อุดรธานี,อด 0033.1/380/2568 ลงวันที่ 26 สิงหาคม 2568,,,,2026-05-14 17:43:14,System,,,,,,COMPANY,,TRUE,TOTAL,UDH-00257
259,PRINTER INKJET AIO,EPSON,L5290,X8H2029566,ตึก 69 ปี,8,หอผู้ป่วยกุมารเวช 3,,กุมารเวชกรรม,Active,โรงพยาบาลศูนย์อุดรธานี,อด 0033.1/380/2568 ลงวันที่ 26 สิงหาคม 2568,,,,2026-05-14 17:43:14,System,,,,,,COMPANY,,TRUE,TOTAL,UDH-00258
260,PRINTER INKJET AIO,EPSON,L5290,X8H2028205,ตึก 69 ปี,8,หอผู้ป่วยกุมารเวช 3,,กุมารเวชกรรม,Active,โรงพยาบาลศูนย์อุดรธานี,อด 0033.1/380/2568 ลงวันที่ 26 สิงหาคม 2568,,,,2026-05-14 17:43:14,System,,,,,,COMPANY,,TRUE,TOTAL,UDH-00259
261,PRINTER THERMAL,ZEBRA,ZD421,D6J222613769,ตึก 69 ปี,8,หอผู้ป่วยทารกแรกเกิด,,กุมารเวชกรรม,Active,โรงพยาบาลศูนย์อุดรธานี,อด 0033.1/380/2568 ลงวันที่ 26 สิงหาคม 2568,,,,2026-05-14 17:43:14,System,,,,,,COMPANY,,FALSE,TOTAL,UDH-00260
262,PRINTER THERMAL,ZEBRA,ZD421,D6J222702154,ตึก 69 ปี,8,หอผู้ป่วยทารกแรกเกิด,,กุมารเวชกรรม,Active,โรงพยาบาลศูนย์อุดรธานี,อด 0033.1/380/2568 ลงวันที่ 26 สิงหาคม 2568,,,,2026-05-14 17:43:14,System,,,,,,COMPANY,,FALSE,TOTAL,UDH-00261
263,PRINTER THERMAL,ZEBRA,ZD421,D6J222613758,ตึก 69 ปี,8,หอผู้ป่วยกุมารเวช 3,,กุมารเวชกรรม,Retired,โรงพยาบาลศูนย์อุดรธานี,อด 0033.1/380/2568 ลงวันที่ 26 สิงหาคม 2568,,,,2026-05-14 17:43:14,System,,,,,,COMPANY,,FALSE,TOTAL,UDH-00262
264,SCANNERS,CANON,DR-C230,JA491907,ตึก 69 ปี,8,หอผู้ป่วยทารกแรกเกิด,,กุมารเวชกรรม,Active,โรงพยาบาลศูนย์อุดรธานี,อด 0033.1/380/2568 ลงวันที่ 26 สิงหาคม 2568,,,,2026-05-14 17:43:14,System,,,,,,COMPANY,,FALSE,TOTAL,UDH-00263
265,SCANNERS,CANON,DR-C230,JA491961,ตึก 69 ปี,8,หอผู้ป่วยกุมารเวช 3,,กุมารเวชกรรม,Active,โรงพยาบาลศูนย์อุดรธานี,อด 0033.1/380/2568 ลงวันที่ 26 สิงหาคม 2568,,,,2026-05-14 17:43:14,System,,,,,,COMPANY,,FALSE,TOTAL,UDH-00264
266,PRINTER INKJET,EPSON,M3170,X5TT022986,ตึกคลังพัสดุ (เก่า),1,คลังวัสดุการแพทย์,,บริหาร/ยุทธศาสตร์,Active,โรงพยาบาลศูนย์อุดรธานี,อด 0033.1/380/2568 ลงวันที่ 26 สิงหาคม 2568,,,,2026-05-14 17:43:14,System,,,,,,COMPANY,,TRUE,TOTAL,UDH-00265
267,PRINTER INKJET AIO,EPSON,L5190,X9CB061197,ตึกคลังพัสดุ (เก่า),1,คลังวัสดุการแพทย์,,บริหาร/ยุทธศาสตร์,Active,โรงพยาบาลศูนย์อุดรธานี,อด 0033.1/380/2568 ลงวันที่ 26 สิงหาคม 2568,,,,2026-05-14 17:43:14,System,,,,,,COMPANY,,TRUE,TOTAL,UDH-00266
268,PRINTER INKJET AIO,EPSON,L5290,X8H2029151,ตึกคลังพัสดุ (เก่า),1,คลังวัสดุการแพทย์,,บริหาร/ยุทธศาสตร์,Active,โรงพยาบาลศูนย์อุดรธานี,อด 0033.1/380/2568 ลงวันที่ 26 สิงหาคม 2568,,,,2026-05-14 17:43:14,System,,,,,,COMPANY,,TRUE,TOTAL,UDH-00267
269,PRINTER LASER,SAMSUNG,M4020ND,CNB3L3WSXP,ตึกคลังพัสดุ (เก่า),1,ซ่อมบำรุง,,บริหาร/ยุทธศาสตร์,Active,โรงพยาบาลศูนย์อุดรธานี,อด 0033.1/380/2568 ลงวันที่ 26 สิงหาคม 2568,,,,2026-05-14 17:43:14,System,,,,,,COMPANY,,TRUE,TOTAL,UDH-00268
131,PRINTER THERMAL,ZEBRA,ZD421,D6J222700898,ตึก 69 ปี,1,ห้องจ่ายยา,ตึก 69,เภสัชกรรม,Active,โรงพยาบาลศูนย์อุดรธานี,อด 0033.1/380/2568 ลงวันที่ 26 สิงหาคม 2568,,,,2026-06-24 11:04:09,nikorn2527@gmail.com,,,,,,COMPANY,,FALSE,TOTAL,UDH-00130
132,PRINTER THERMAL,ZEBRA,ZD421,D6J222702148,ตึก 69 ปี,1,ห้องจ่ายยา,ตึก 69,เภสัชกรรม,Active,โรงพยาบาลศูนย์อุดรธานี,อด 0033.1/380/2568 ลงวันที่ 26 สิงหาคม 2568,,,,2026-06-24 11:04:09,nikorn2527@gmail.com,,,,,,COMPANY,,FALSE,TOTAL,UDH-00131
133,PRINTER THERMAL,ZEBRA,ZD421,D6J222702170,ตึก 69 ปี,1,ห้องจ่ายยา,ตึก 69,เภสัชกรรม,Active,โรงพยาบาลศูนย์อุดรธานี,อด 0033.1/380/2568 ลงวันที่ 26 สิงหาคม 2568,,,,2026-06-24 11:04:09,nikorn2527@gmail.com,,,,,,COMPANY,,FALSE,TOTAL,UDH-00132
134,PRINTER THERMAL,ZEBRA,ZD421,D6J222613524,ตึก 69 ปี,1,ห้องจ่ายยา,ตึก 69,เภสัชกรรม,Active,โรงพยาบาลศูนย์อุดรธานี,อด 0033.1/380/2568 ลงวันที่ 26 สิงหาคม 2568,,,,2026-06-24 11:04:09,nikorn2527@gmail.com,,,,,,COMPANY,,FALSE,TOTAL,UDH-00133
135,PRINTER THERMAL,ZEBRA,ZD421,D6J222613789,ตึก 69 ปี,1,ห้องจ่ายยา,ตึก 69,เภสัชกรรม,Active,โรงพยาบาลศูนย์อุดรธานี,อด 0033.1/380/2568 ลงวันที่ 26 สิงหาคม 2568,,,,2026-06-24 11:04:09,nikorn2527@gmail.com,,,,,,COMPANY,,FALSE,TOTAL,UDH-00134
136,PRINTER THERMAL,ZEBRA,ZD421,D6J222700804,ตึก 69 ปี,1,ห้องจ่ายยา,ตึก 69,เภสัชกรรม,Retired,โรงพยาบาลศูนย์อุดรธานี,อด 0033.1/380/2568 ลงวันที่ 26 สิงหาคม 2568,,,,2026-06-24 11:04:09,nikorn2527@gmail.com,,,,,,COMPANY,,FALSE,TOTAL,UDH-00135
137,PRINTER THERMAL,ZEBRA,ZD421,D6J222613660,ตึก 69 ปี,1,ห้องจ่ายยา,ตึก 69,เภสัชกรรม,Active,โรงพยาบาลศูนย์อุดรธานี,อด 0033.1/380/2568 ลงวันที่ 26 สิงหาคม 2568,,,,2026-06-24 11:04:09,nikorn2527@gmail.com,,,,,,COMPANY,,FALSE,TOTAL,UDH-00136
138,PRINTER THERMAL,ZEBRA,ZD421,D6J222613731,ตึก 69 ปี,1,ห้องจ่ายยา,ตึก 69,เภสัชกรรม,Active,โรงพยาบาลศูนย์อุดรธานี,อด 0033.1/380/2568 ลงวันที่ 26 สิงหาคม 2568,,,,2026-06-24 11:04:09,nikorn2527@gmail.com,,,,,,COMPANY,,FALSE,TOTAL,UDH-00137
139,PRINTER THERMAL,ZEBRA,ZD421,D6J222613137,ตึก 69 ปี,1,ห้องจ่ายยา,ตึก 69,เภสัชกรรม,Active,โรงพยาบาลศูนย์อุดรธานี,อด 0033.1/380/2568 ลงวันที่ 26 สิงหาคม 2568,,,,2026-06-24 11:04:09,nikorn2527@gmail.com,,,,,,COMPANY,,FALSE,TOTAL,UDH-00138
140,PRINTER THERMAL,ZEBRA,ZD421,D6J222613525,ตึก 69 ปี,1,ห้องจ่ายยา,ตึก 69,เภสัชกรรม,Active,โรงพยาบาลศูนย์อุดรธานี,อด 0033.1/380/2568 ลงวันที่ 26 สิงหาคม 2568,,,,2026-06-24 11:04:09,nikorn2527@gmail.com,,,,,,COMPANY,,FALSE,TOTAL,UDH-00139
280,BARCODE SCANNERS,ZEBRA,DS2208,S22179010552212,ตึกคลังพัสดุ (ใหม่),1,ธนาคารเลือด,,พยาธิวิทยา/ห้องปฏิบัติการ,Active,โรงพยาบาลศูนย์อุดรธานี,อด 0033.1/380/2568 ลงวันที่ 26 สิงหาคม 2568,,,,2026-05-14 17:43:14,System,,,,,,COMPANY,,FALSE,TOTAL,UDH-00279
281,BARCODE SCANNERS,ZEBRA,DS2208,S22179010552265,ตึกคลังพัสดุ (ใหม่),1,ธนาคารเลือด,,พยาธิวิทยา/ห้องปฏิบัติการ,Active,โรงพยาบาลศูนย์อุดรธานี,อด 0033.1/380/2568 ลงวันที่ 26 สิงหาคม 2568,,,,2026-05-14 17:43:14,System,,,,,,COMPANY,,FALSE,TOTAL,UDH-00280
282,BARCODE SCANNERS,ZEBRA,DS2208,S22178010553524,ตึกคลังพัสดุ (ใหม่),1,ธนาคารเลือด,,พยาธิวิทยา/ห้องปฏิบัติการ,Active,โรงพยาบาลศูนย์อุดรธานี,อด 0033.1/380/2568 ลงวันที่ 26 สิงหาคม 2568,,,,2026-05-14 17:43:14,System,,,,,,COMPANY,,FALSE,TOTAL,UDH-00281
283,PRINTER INKJET,EPSON,M3170,X5TT024180,ตึกคลังพัสดุ (ใหม่),1,การเงิน,ห้องจ่ายยาสีเขียว,การเงิน,Active,โรงพยาบาลศูนย์อุดรธานี,อด 0033.1/380/2568 ลงวันที่ 26 สิงหาคม 2568,,,,2026-05-14 17:43:14,System,,,,,,COMPANY,,TRUE,TOTAL,UDH-00282
284,PRINTER INKJET AIO,EPSON,L5290,X8H2029634,ตึกคลังพัสดุ (ใหม่),1,ศูนย์เครื่องช่วยหายใจ,,บริหาร/ยุทธศาสตร์,Active,โรงพยาบาลศูนย์อุดรธานี,อด 0033.1/380/2568 ลงวันที่ 26 สิงหาคม 2568,,,,2026-05-14 17:43:14,System,,,,,,COMPANY,,TRUE,TOTAL,UDH-00283
141,PRINTER THERMAL,ZEBRA,ZD421,D6J222613701,ตึก 69 ปี,1,ห้องจ่ายยา,ตึก 69,เภสัชกรรม,Active,โรงพยาบาลศูนย์อุดรธานี,อด 0033.1/380/2568 ลงวันที่ 26 สิงหาคม 2568,,,,2026-06-24 11:04:09,nikorn2527@gmail.com,,,,,,COMPANY,,FALSE,TOTAL,UDH-00140
286,PRINTER INKJET AIO,EPSON,L5290,X8H2025619,ตึกผู้ป่วยนอก (OPD),5,กลุ่มงานพัสดุ,,บริหาร/ยุทธศาสตร์,Active,โรงพยาบาลศูนย์อุดรธานี,อด 0033.1/380/2568 ลงวันที่ 26 สิงหาคม 2568,,,,2026-05-26 03:53:38,nikorn2527@gmail.com,,,,,,COMPANY,,TRUE,TOTAL,UDH-00285
142,PRINTER THERMAL,ZEBRA,ZD421,D6J222613710,ตึก 69 ปี,1,ห้องจ่ายยา,ตึก 69,เภสัชกรรม,Active,โรงพยาบาลศูนย์อุดรธานี,อด 0033.1/380/2568 ลงวันที่ 26 สิงหาคม 2568,,,,2026-06-24 11:04:09,nikorn2527@gmail.com,,,,,,COMPANY,,FALSE,TOTAL,UDH-00141
143,PRINTER THERMAL,HONEYWELL,PC42E-T,25058W083F,ตึก 69 ปี,1,ห้องจ่ายยา,ตึก 69,เภสัชกรรม,Active,โรงพยาบาลศูนย์อุดรธานี,อด 0033.1/380/2568 ลงวันที่ 26 สิงหาคม 2568,,,,2026-06-24 11:04:09,nikorn2527@gmail.com,,,,,,COMPANY,,FALSE,TOTAL,UDH-00142
289,PRINTER INKJET,EPSON,M3170,X5TT006768,ตึกคลังพัสดุ (ใหม่),1,ธนาคารเลือด,,พยาธิวิทยา/ห้องปฏิบัติการ,Active,โรงพยาบาลศูนย์อุดรธานี,อด 0033.1/380/2568 ลงวันที่ 26 สิงหาคม 2568,,,,2026-05-14 17:43:14,System,,,,,,COMPANY,,TRUE,TOTAL,UDH-00288
290,PRINTER INKJET,EPSON,M3170,X5TT013201,ตึกคลังพัสดุ (ใหม่),1,ธนาคารเลือด,,พยาธิวิทยา/ห้องปฏิบัติการ,Active,โรงพยาบาลศูนย์อุดรธานี,อด 0033.1/380/2568 ลงวันที่ 26 สิงหาคม 2568,,,,2026-05-14 17:43:14,System,,,,,,COMPANY,,TRUE,TOTAL,UDH-00289
291,PRINTER INKJET,EPSON,M3170,X5TT013259,ตึกคลังพัสดุ (ใหม่),1,ธนาคารเลือด,,พยาธิวิทยา/ห้องปฏิบัติการ,Active,โรงพยาบาลศูนย์อุดรธานี,อด 0033.1/380/2568 ลงวันที่ 26 สิงหาคม 2568,,,,2026-05-14 17:43:14,System,,,,,,COMPANY,,TRUE,TOTAL,UDH-00290
292,PRINTER INKJET AIO,EPSON,L5290,X8H2029226,ตึกคลังพัสดุ (ใหม่),1,ธนาคารเลือด,,พยาธิวิทยา/ห้องปฏิบัติการ,Active,โรงพยาบาลศูนย์อุดรธานี,อด 0033.1/380/2568 ลงวันที่ 26 สิงหาคม 2568,,,,2026-05-14 17:43:14,System,,,,,,COMPANY,,TRUE,TOTAL,UDH-00291
293,PRINTER LASER,HP,M402DN,PHCFF06026,ตึกคลังพัสดุ (ใหม่),1,การเงิน,ห้องจ่ายยาสีเขียว,การเงิน,Active,โรงพยาบาลศูนย์อุดรธานี,อด 0033.1/380/2568 ลงวันที่ 26 สิงหาคม 2568,,,,2026-05-14 17:43:14,System,,,,,,COMPANY,,TRUE,TOTAL,UDH-00292
144,PRINTER THERMAL,HONEYWELL,PC42E-T,25058W06B1,ตึก 69 ปี,1,ห้องจ่ายยา,ตึก 69,เภสัชกรรม,Active,โรงพยาบาลศูนย์อุดรธานี,อด 0033.1/380/2568 ลงวันที่ 26 สิงหาคม 2568,,,,2026-06-24 11:04:09,nikorn2527@gmail.com,,,,,,COMPANY,,FALSE,TOTAL,UDH-00143
444,PRINTER THERMAL,ZEBRA,ZD421,D6J222613556,ตึกเชี่ยวชาญ,2,คลินิกเฉพาะทางมะเร็ง,จุดซักประวัติ,มะเร็งวิทยา,Active,โรงพยาบาลศูนย์อุดรธานี,อด 0033.1/380/2568 ลงวันที่ 26 สิงหาคม 2568,,,,2026-05-14 17:43:14,System,,,,,,COMPANY,,FALSE,TOTAL,UDH-00440
145,SCANNERS,CANON,DR-C230,JA491936,ตึก 69 ปี,1,ห้องจ่ายยา,ตึก 69,เภสัชกรรม,Active,โรงพยาบาลศูนย์อุดรธานี,อด 0033.1/380/2568 ลงวันที่ 26 สิงหาคม 2568,,,,2026-06-24 11:05:09,nikorn2527@gmail.com,,,,,,COMPANY,,FALSE,TOTAL,UDH-00144
146,SCANNERS,CANON,DR-C230,JA491956,ตึก 69 ปี,1,ห้องจ่ายยา,ตึก 69,เภสัชกรรม,Active,โรงพยาบาลศูนย์อุดรธานี,อด 0033.1/380/2568 ลงวันที่ 26 สิงหาคม 2568,,,,2026-06-24 11:05:09,nikorn2527@gmail.com,,,,,,COMPANY,,FALSE,TOTAL,UDH-00145
147,SCANNERS,CANON,DR-C230,JA491997,ตึก 69 ปี,1,ห้องจ่ายยา,ตึก 69,เภสัชกรรม,Active,โรงพยาบาลศูนย์อุดรธานี,อด 0033.1/380/2568 ลงวันที่ 26 สิงหาคม 2568,,,,2026-06-24 11:05:09,nikorn2527@gmail.com,,,,,,COMPANY,,FALSE,TOTAL,UDH-00146
148,SCANNERS,CANON,DR-C230,JA491988,ตึก 69 ปี,1,ห้องจ่ายยา,ตึก 69,เภสัชกรรม,Active,โรงพยาบาลศูนย์อุดรธานี,อด 0033.1/380/2568 ลงวันที่ 26 สิงหาคม 2568,,,,2026-06-24 11:05:09,nikorn2527@gmail.com,,,,,,COMPANY,,FALSE,TOTAL,UDH-00147
176,PRINTER INKJET AIO,EPSON,L5290,X8H2027168,ตึกคลังพัสดุ (ใหม่),1,ห้องจ่ายยา,ห้องยาสีเขียว,เภสัชกรรม,Active,โรงพยาบาลศูนย์อุดรธานี,อด 0033.1/380/2568 ลงวันที่ 26 สิงหาคม 2568,,,,2026-06-24 11:08:27,nikorn2527@gmail.com,,,,,,COMPANY,,TRUE,TOTAL,UDH-00175
244,PRINTER INKJET AIO,EPSON,L5290,X8H2029603,ตึก 69 ปี,1,ห้องจ่ายยา,ตึก 69,เภสัชกรรม,Active,โรงพยาบาลศูนย์อุดรธานี,อด 0033.1/380/2568 ลงวันที่ 26 สิงหาคม 2568,,,,2026-06-24 11:05:09,nikorn2527@gmail.com,,,,,,COMPANY,,TRUE,TOTAL,UDH-00243
302,PRINTER THERMAL,ZEBRA,ZD421,D6J222613722,PPIT,F1,PPIT,,,Retired,PPIT,,,,,2026-05-14 17:43:14,System,,,,,,COMPANY,,FALSE,TOTAL,PPIT-00002
270,BARCODE SCANNERS,ZEBRA,DS2208,S22149010555348,ตึกคลังพัสดุ (ใหม่),1,ห้องจ่ายยา,ห้องยาสีเขียว,เภสัชกรรม,Active,โรงพยาบาลศูนย์อุดรธานี,อด 0033.1/380/2568 ลงวันที่ 26 สิงหาคม 2568,,,,2026-06-24 11:08:27,nikorn2527@gmail.com,,,,,,COMPANY,,FALSE,TOTAL,UDH-00269
271,BARCODE SCANNERS,ZEBRA,DS2208,S22150010551592,ตึกคลังพัสดุ (ใหม่),1,ห้องจ่ายยา,ห้องยาสีเขียว,เภสัชกรรม,Active,โรงพยาบาลศูนย์อุดรธานี,อด 0033.1/380/2568 ลงวันที่ 26 สิงหาคม 2568,,,,2026-06-24 11:08:27,nikorn2527@gmail.com,,,,,,COMPANY,,FALSE,TOTAL,UDH-00270
272,BARCODE SCANNERS,ZEBRA,DS2208,S22150010551604,ตึกคลังพัสดุ (ใหม่),1,ห้องจ่ายยา,ห้องยาสีเขียว,เภสัชกรรม,Active,โรงพยาบาลศูนย์อุดรธานี,อด 0033.1/380/2568 ลงวันที่ 26 สิงหาคม 2568,,,,2026-06-24 11:08:27,nikorn2527@gmail.com,,,,,,COMPANY,,FALSE,TOTAL,UDH-00271
306,PRINTER THERMAL,ZEBRA,ZD421,D6J222613746,PPIT,F1,PPIT,,,Retired,PPIT,,,,,2026-05-14 17:43:14,System,,,,,,COMPANY,,FALSE,TOTAL,PPIT-00003
307,PRINTER THERMAL,ZEBRA,ZD421,D6J222613593,ตึกคลังพัสดุ (ใหม่),1,ธนาคารเลือด,,พยาธิวิทยา/ห้องปฏิบัติการ,Active,โรงพยาบาลศูนย์อุดรธานี,อด 0033.1/380/2568 ลงวันที่ 26 สิงหาคม 2568,,,,2026-05-14 17:43:14,System,,,,,,COMPANY,,FALSE,TOTAL,UDH-00304
308,PRINTER THERMAL,ZEBRA,ZD421,D6J222700850,ตึกคลังพัสดุ (ใหม่),1,ธนาคารเลือด,,พยาธิวิทยา/ห้องปฏิบัติการ,Active,โรงพยาบาลศูนย์อุดรธานี,อด 0033.1/380/2568 ลงวันที่ 26 สิงหาคม 2568,,,,2026-05-14 17:43:14,System,,,,,,COMPANY,,FALSE,TOTAL,UDH-00305
309,PRINTER THERMAL,ZEBRA,ZD421,D6J222700863,ตึกคลังพัสดุ (ใหม่),1,ธนาคารเลือด,,พยาธิวิทยา/ห้องปฏิบัติการ,Active,โรงพยาบาลศูนย์อุดรธานี,อด 0033.1/380/2568 ลงวันที่ 26 สิงหาคม 2568,,,,2026-05-14 17:43:14,System,,,,,,COMPANY,,FALSE,TOTAL,UDH-00306
310,PRINTER THERMAL,ZEBRA,ZD421,D6J222613637,ตึกคลังพัสดุ (ใหม่),1,ธนาคารเลือด,,พยาธิวิทยา/ห้องปฏิบัติการ,Active,โรงพยาบาลศูนย์อุดรธานี,อด 0033.1/380/2568 ลงวันที่ 26 สิงหาคม 2568,,,,2026-05-14 17:43:14,System,,,,,,COMPANY,,FALSE,TOTAL,UDH-00307
311,PRINTER THERMAL,ZEBRA,ZD421,D6J222613664,ตึกคลังพัสดุ (ใหม่),1,ธนาคารเลือด,,พยาธิวิทยา/ห้องปฏิบัติการ,Active,โรงพยาบาลศูนย์อุดรธานี,อด 0033.1/380/2568 ลงวันที่ 26 สิงหาคม 2568,,,,2026-05-14 17:43:14,System,,,,,,COMPANY,,FALSE,TOTAL,UDH-00308
312,PRINTER THERMAL,ZEBRA,ZD421,D6J222613575,ตึกคลังพัสดุ (ใหม่),1,ธนาคารเลือด,,พยาธิวิทยา/ห้องปฏิบัติการ,Active,โรงพยาบาลศูนย์อุดรธานี,อด 0033.1/380/2568 ลงวันที่ 26 สิงหาคม 2568,,,,2026-05-14 17:43:14,System,,,,,,COMPANY,,FALSE,TOTAL,UDH-00309
313,PRINTER THERMAL,ZEBRA,ZD421,D6J222700887,ตึกคลังพัสดุ (ใหม่),1,ธนาคารเลือด,,พยาธิวิทยา/ห้องปฏิบัติการ,Active,โรงพยาบาลศูนย์อุดรธานี,อด 0033.1/380/2568 ลงวันที่ 26 สิงหาคม 2568,,,,2026-05-14 17:43:14,System,,,,,,COMPANY,,FALSE,TOTAL,UDH-00310
314,PRINTER THERMAL,ZEBRA,ZD421,D6J222700892,PPIT,F1,PPIT,,,Retired,PPIT,,,,,2026-05-14 17:43:14,System,,,,,,COMPANY,,FALSE,TOTAL,PPIT-00004
273,BARCODE SCANNERS,ZEBRA,DS2208,S22150010551587,ตึกคลังพัสดุ (ใหม่),1,ห้องจ่ายยา,ห้องยาสีเขียว,เภสัชกรรม,Active,โรงพยาบาลศูนย์อุดรธานี,อด 0033.1/380/2568 ลงวันที่ 26 สิงหาคม 2568,,,,2026-06-24 11:08:27,nikorn2527@gmail.com,,,,,,COMPANY,,FALSE,TOTAL,UDH-00272
316,SCANNERS,CANON,DR-C230,JA491924,ตึกคลังพัสดุ (ใหม่),1,ธนาคารเลือด,,พยาธิวิทยา/ห้องปฏิบัติการ,Active,โรงพยาบาลศูนย์อุดรธานี,อด 0033.1/380/2568 ลงวันที่ 26 สิงหาคม 2568,,,,2026-05-14 17:43:14,System,,,,,,COMPANY,,FALSE,TOTAL,UDH-00312
317,BARCODE SCANNERS,ZEBRA,DS2208,S22149010555081,ตึกคลังพัสดุ (ใหม่),2,พยาธิกายวิภาค,,พยาธิวิทยา/ห้องปฏิบัติการ,Active,โรงพยาบาลศูนย์อุดรธานี,อด 0033.1/380/2568 ลงวันที่ 26 สิงหาคม 2568,,,,2026-05-14 17:43:14,System,,,,,,COMPANY,,FALSE,TOTAL,UDH-00313
318,BARCODE SCANNERS,ZEBRA,DS2208,S22149010555094,ตึกคลังพัสดุ (ใหม่),2,พยาธิกายวิภาค,,พยาธิวิทยา/ห้องปฏิบัติการ,Active,โรงพยาบาลศูนย์อุดรธานี,อด 0033.1/380/2568 ลงวันที่ 26 สิงหาคม 2568,,,,2026-05-14 17:43:14,System,,,,,,COMPANY,,FALSE,TOTAL,UDH-00314
319,BARCODE SCANNERS,ZEBRA,DS2208,S22149010555102,ตึกคลังพัสดุ (ใหม่),2,พยาธิกายวิภาค,,พยาธิวิทยา/ห้องปฏิบัติการ,Active,โรงพยาบาลศูนย์อุดรธานี,อด 0033.1/380/2568 ลงวันที่ 26 สิงหาคม 2568,,,,2026-05-14 17:43:14,System,,,,,,COMPANY,,FALSE,TOTAL,UDH-00315
320,BARCODE SCANNERS,ZEBRA,DS2208,S22149010555106,ตึกคลังพัสดุ (ใหม่),2,พยาธิกายวิภาค,,พยาธิวิทยา/ห้องปฏิบัติการ,Active,โรงพยาบาลศูนย์อุดรธานี,อด 0033.1/380/2568 ลงวันที่ 26 สิงหาคม 2568,,,,2026-05-14 17:43:14,System,,,,,,COMPANY,,FALSE,TOTAL,UDH-00316
321,BARCODE SCANNERS,ZEBRA,DS2208,S22149010555101,ตึกคลังพัสดุ (ใหม่),2,พยาธิกายวิภาค,,พยาธิวิทยา/ห้องปฏิบัติการ,Active,โรงพยาบาลศูนย์อุดรธานี,อด 0033.1/380/2568 ลงวันที่ 26 สิงหาคม 2568,,,,2026-05-14 17:43:14,System,,,,,,COMPANY,,FALSE,TOTAL,UDH-00317
322,BARCODE SCANNERS,ZEBRA,DS2208,S22149010555110,ตึกคลังพัสดุ (ใหม่),2,พยาธิกายวิภาค,,พยาธิวิทยา/ห้องปฏิบัติการ,Active,โรงพยาบาลศูนย์อุดรธานี,อด 0033.1/380/2568 ลงวันที่ 26 สิงหาคม 2568,,,,2026-05-14 17:43:14,System,,,,,,COMPANY,,FALSE,TOTAL,UDH-00318
323,BARCODE SCANNERS,ZEBRA,DS2208,S22149010555301,ตึกคลังพัสดุ (ใหม่),2,พยาธิกายวิภาค,,พยาธิวิทยา/ห้องปฏิบัติการ,Active,โรงพยาบาลศูนย์อุดรธานี,อด 0033.1/380/2568 ลงวันที่ 26 สิงหาคม 2568,,,,2026-05-14 17:43:14,System,,,,,,COMPANY,,FALSE,TOTAL,UDH-00319
324,BARCODE SCANNERS,ZEBRA,DS2208,S22149010555477,ตึกคลังพัสดุ (ใหม่),2,พยาธิกายวิภาค,,พยาธิวิทยา/ห้องปฏิบัติการ,Active,โรงพยาบาลศูนย์อุดรธานี,อด 0033.1/380/2568 ลงวันที่ 26 สิงหาคม 2568,,,,2026-05-14 17:43:14,System,,,,,,COMPANY,,FALSE,TOTAL,UDH-00320
325,BARCODE SCANNERS,ZEBRA,DS2208,S22150010551716,ตึกคลังพัสดุ (ใหม่),2,พยาธิกายวิภาค,,พยาธิวิทยา/ห้องปฏิบัติการ,Active,โรงพยาบาลศูนย์อุดรธานี,อด 0033.1/380/2568 ลงวันที่ 26 สิงหาคม 2568,,,,2026-05-14 17:43:14,System,,,,,,COMPANY,,FALSE,TOTAL,UDH-00321
326,BARCODE SCANNERS,ZEBRA,DS2208,S22149010555299,ตึกคลังพัสดุ (ใหม่),2,พยาธิกายวิภาค,,พยาธิวิทยา/ห้องปฏิบัติการ,Active,โรงพยาบาลศูนย์อุดรธานี,อด 0033.1/380/2568 ลงวันที่ 26 สิงหาคม 2568,,,,2026-05-14 17:43:14,System,,,,,,COMPANY,,FALSE,TOTAL,UDH-00322
327,BARCODE SCANNERS,ZEBRA,DS2208,S22149010555308,ตึกคลังพัสดุ (ใหม่),2,พยาธิกายวิภาค,,พยาธิวิทยา/ห้องปฏิบัติการ,Active,โรงพยาบาลศูนย์อุดรธานี,อด 0033.1/380/2568 ลงวันที่ 26 สิงหาคม 2568,,,,2026-05-14 17:43:14,System,,,,,,COMPANY,,FALSE,TOTAL,UDH-00323
328,BARCODE SCANNERS,ZEBRA,DS2208,S22149010555478,ตึกคลังพัสดุ (ใหม่),2,พยาธิกายวิภาค,,พยาธิวิทยา/ห้องปฏิบัติการ,Active,โรงพยาบาลศูนย์อุดรธานี,อด 0033.1/380/2568 ลงวันที่ 26 สิงหาคม 2568,,,,2026-05-14 17:43:14,System,,,,,,COMPANY,,FALSE,TOTAL,UDH-00324
329,BARCODE SCANNERS,ZEBRA,DS2208,S22149010555303,ตึกคลังพัสดุ (ใหม่),2,พยาธิกายวิภาค,,พยาธิวิทยา/ห้องปฏิบัติการ,Active,โรงพยาบาลศูนย์อุดรธานี,อด 0033.1/380/2568 ลงวันที่ 26 สิงหาคม 2568,,,,2026-05-14 17:43:14,System,,,,,,COMPANY,,FALSE,TOTAL,UDH-00325
330,BARCODE SCANNERS,ZEBRA,DS2208,S22150010551691,ตึกคลังพัสดุ (ใหม่),2,พยาธิกายวิภาค,,พยาธิวิทยา/ห้องปฏิบัติการ,Active,โรงพยาบาลศูนย์อุดรธานี,อด 0033.1/380/2568 ลงวันที่ 26 สิงหาคม 2568,,,,2026-05-14 17:43:14,System,,,,,,COMPANY,,FALSE,TOTAL,UDH-00326
331,BARCODE SCANNERS,ZEBRA,DS2208,S22150010551718,ตึกคลังพัสดุ (ใหม่),2,พยาธิกายวิภาค,,พยาธิวิทยา/ห้องปฏิบัติการ,Active,โรงพยาบาลศูนย์อุดรธานี,อด 0033.1/380/2568 ลงวันที่ 26 สิงหาคม 2568,,,,2026-05-14 17:43:14,System,,,,,,COMPANY,,FALSE,TOTAL,UDH-00327
332,PRINTER INKJET,EPSON,M3170,X5TT005909,ตึกคลังพัสดุ (ใหม่),2,คลังพัสดุใหม่,,บริหาร/ยุทธศาสตร์,Retired,โรงพยาบาลศูนย์อุดรธานี,อด 0033.1/380/2568 ลงวันที่ 26 สิงหาคม 2568,,,,2026-06-12 13:39:09,nikorn2527@gmail.com,,,,,,COMPANY,,TRUE,TOTAL,UDH-00328
333,PRINTER INKJET,EPSON,M3170,X5TT005919,ตึกคลังพัสดุ (ใหม่),2,คลังพัสดุใหม่,,บริหาร/ยุทธศาสตร์,Retired,โรงพยาบาลศูนย์อุดรธานี,อด 0033.1/380/2568 ลงวันที่ 26 สิงหาคม 2568,,,,2026-05-14 17:43:14,System,,,,,,COMPANY,,TRUE,TOTAL,UDH-00329
334,PRINTER INKJET AIO,EPSON,L5290,X8H2029207,ตึกหลวงตาบัว,3,หอผู้ป่วยอายุรกรรมหญิง,,อายุรกรรม,Active,โรงพยาบาลศูนย์อุดรธานี,อด 0033.1/380/2568 ลงวันที่ 26 สิงหาคม 2568,,,,2026-05-14 17:43:14,System,,,,,,COMPANY,,TRUE,TOTAL,UDH-00330
335,PRINTER INKJET AIO,EPSON,L5290,X8H2029173,ตึกคลังพัสดุ (ใหม่),2,คลังพัสดุใหม่,,บริหาร/ยุทธศาสตร์,Active,โรงพยาบาลศูนย์อุดรธานี,อด 0033.1/380/2568 ลงวันที่ 26 สิงหาคม 2568,,,,2026-05-30 02:40:44,nikorn2527@gmail.com,,,,,,COMPANY,,TRUE,TOTAL,UDH-00331
336,PRINTER INKJET AIO,EPSON,L5290,X8H2029426,ตึกคลังพัสดุ (ใหม่),2,พยาธิกายวิภาค,,พยาธิวิทยา/ห้องปฏิบัติการ,Active,โรงพยาบาลศูนย์อุดรธานี,อด 0033.1/380/2568 ลงวันที่ 26 สิงหาคม 2568,,,,2026-05-14 17:43:14,System,,,,,,COMPANY,,TRUE,TOTAL,UDH-00332
337,PRINTER INKJET AIO,EPSON,L5290,X8H2029088,ตึกคลังพัสดุ (ใหม่),2,พยาธิกายวิภาค,,พยาธิวิทยา/ห้องปฏิบัติการ,Active,โรงพยาบาลศูนย์อุดรธานี,อด 0033.1/380/2568 ลงวันที่ 26 สิงหาคม 2568,,,,2026-05-14 17:43:14,System,,,,,,COMPANY,,TRUE,TOTAL,UDH-00333
338,PRINTER INKJET AIO,EPSON,L5290,X8H2029030,ตึกคลังพัสดุ (ใหม่),2,พยาธิกายวิภาค,,พยาธิวิทยา/ห้องปฏิบัติการ,Active,โรงพยาบาลศูนย์อุดรธานี,อด 0033.1/380/2568 ลงวันที่ 26 สิงหาคม 2568,,,,2026-05-14 17:43:14,System,,,,,,COMPANY,,TRUE,TOTAL,UDH-00334
339,PRINTER INKJET AIO,EPSON,L5290,X8H2029423,ตึกคลังพัสดุ (ใหม่),2,พยาธิกายวิภาค,,พยาธิวิทยา/ห้องปฏิบัติการ,Active,โรงพยาบาลศูนย์อุดรธานี,อด 0033.1/380/2568 ลงวันที่ 26 สิงหาคม 2568,,,,2026-05-14 17:43:14,System,,,,,,COMPANY,,TRUE,TOTAL,UDH-00335
340,PRINTER LASER,OKI,ES5112,BW21013601C0,ตึกคลังพัสดุ (ใหม่),2,คลังพัสดุใหม่,,บริหาร/ยุทธศาสตร์,Active,โรงพยาบาลศูนย์อุดรธานี,อด 0033.1/380/2568 ลงวันที่ 26 สิงหาคม 2568,,,,2026-05-14 17:43:14,System,,,,,,COMPANY,,TRUE,TOTAL,UDH-00336
341,PRINTER LASER,SAMSUNG,M4020ND,CNB3L3WSXN,ตึกคลังพัสดุ (ใหม่),2,พยาธิกายวิภาค,,พยาธิวิทยา/ห้องปฏิบัติการ,Active,โรงพยาบาลศูนย์อุดรธานี,อด 0033.1/380/2568 ลงวันที่ 26 สิงหาคม 2568,,,,2026-05-14 17:43:14,System,,,,,,COMPANY,,TRUE,TOTAL,UDH-00337
342,PRINTER LASER,HP,M402DN,PHCFD06244,ตึกคลังพัสดุ (ใหม่),2,พยาธิกายวิภาค,,พยาธิวิทยา/ห้องปฏิบัติการ,Active,โรงพยาบาลศูนย์อุดรธานี,อด 0033.1/380/2568 ลงวันที่ 26 สิงหาคม 2568,,,,2026-05-14 17:43:14,System,,,,,,COMPANY,,TRUE,TOTAL,UDH-00338
343,PRINTER THERMAL,ZEBRA,ZD421,D6J222613621,ตึกคลังพัสดุ (ใหม่),2,พยาธิกายวิภาค,,พยาธิวิทยา/ห้องปฏิบัติการ,Active,โรงพยาบาลศูนย์อุดรธานี,อด 0033.1/380/2568 ลงวันที่ 26 สิงหาคม 2568,,,,2026-05-14 17:43:14,System,,,,,,COMPANY,,FALSE,TOTAL,UDH-00339
344,PRINTER THERMAL,ZEBRA,ZD421,D6J222700921,ตึกคลังพัสดุ (ใหม่),2,พยาธิกายวิภาค,,พยาธิวิทยา/ห้องปฏิบัติการ,Active,โรงพยาบาลศูนย์อุดรธานี,อด 0033.1/380/2568 ลงวันที่ 26 สิงหาคม 2568,,,,2026-05-14 17:43:14,System,,,,,,COMPANY,,FALSE,TOTAL,UDH-00340
345,PRINTER THERMAL,ZEBRA,ZD421,D6J222700861,ตึกคลังพัสดุ (ใหม่),2,พยาธิกายวิภาค,,พยาธิวิทยา/ห้องปฏิบัติการ,Active,โรงพยาบาลศูนย์อุดรธานี,อด 0033.1/380/2568 ลงวันที่ 26 สิงหาคม 2568,,,,2026-05-14 17:43:14,System,,,,,,COMPANY,,FALSE,TOTAL,UDH-00341
346,PRINTER INKJET,EPSON,M3170,X5TT006803,ตึกภาคสนาม,1,ภาคสนาม รพ.อุดรธานี,,บริหาร/ยุทธศาสตร์,Active,โรงพยาบาลศูนย์อุดรธานี,อด 0033.1/380/2568 ลงวันที่ 26 สิงหาคม 2568,,,,2026-05-14 17:43:14,System,,,,,,COMPANY,,TRUE,TOTAL,UDH-00342
347,BARCODE SCANNERS,ZEBRA,DS2208,S22178010553508,ตึกเชี่ยวชาญ,1,แผนก X-ray,ห้องเบอร์ 8,รังสีวิทยา,Active,โรงพยาบาลศูนย์อุดรธานี,อด 0033.1/380/2568 ลงวันที่ 26 สิงหาคม 2568,,,,2026-05-14 17:43:14,System,,,,,,COMPANY,,FALSE,TOTAL,UDH-00343
348,BARCODE SCANNERS,ZEBRA,DS2208,S22179010552089,ตึกเชี่ยวชาญ,1,X-Ray Interrention,,รังสีวิทยา,Active,โรงพยาบาลศูนย์อุดรธานี,อด 0033.1/380/2568 ลงวันที่ 26 สิงหาคม 2568,,,,2026-05-14 17:43:14,System,,,,,,COMPANY,,FALSE,TOTAL,UDH-00344
349,BARCODE SCANNERS,ZEBRA,DS2208,S22179010552076,ตึกเชี่ยวชาญ,1,X-Ray Interrention,,รังสีวิทยา,Active,โรงพยาบาลศูนย์อุดรธานี,อด 0033.1/380/2568 ลงวันที่ 26 สิงหาคม 2568,,,,2026-05-14 17:43:14,System,,,,,,COMPANY,,FALSE,TOTAL,UDH-00345
350,BARCODE SCANNERS,ZEBRA,DS2208,S22179010552215,ตึกเชี่ยวชาญ,1,แผนก X-ray,,รังสีวิทยา,Active,โรงพยาบาลศูนย์อุดรธานี,อด 0033.1/380/2568 ลงวันที่ 26 สิงหาคม 2568,,,,2026-05-14 17:43:14,System,,,,,,COMPANY,,FALSE,TOTAL,UDH-00346
351,BARCODE SCANNERS,ZEBRA,DS2208,S22179010552258,ตึกเชี่ยวชาญ,1,แผนก X-ray,,รังสีวิทยา,Active,โรงพยาบาลศูนย์อุดรธานี,อด 0033.1/380/2568 ลงวันที่ 26 สิงหาคม 2568,,,,2026-05-14 17:43:14,System,,,,,,COMPANY,,FALSE,TOTAL,UDH-00347
352,BARCODE SCANNERS,ZEBRA,DS2208,S22179010552241,ตึกเชี่ยวชาญ,1,แผนก X-ray,,รังสีวิทยา,Active,โรงพยาบาลศูนย์อุดรธานี,อด 0033.1/380/2568 ลงวันที่ 26 สิงหาคม 2568,,,,2026-05-14 17:43:14,System,,,,,,COMPANY,,FALSE,TOTAL,UDH-00348
353,BARCODE SCANNERS,ZEBRA,DS2208,S22149010553983,ตึกเชี่ยวชาญ,1,แผนก X-ray,,รังสีวิทยา,Active,โรงพยาบาลศูนย์อุดรธานี,อด 0033.1/380/2568 ลงวันที่ 26 สิงหาคม 2568,,,,2026-05-14 17:43:14,System,,,,,,COMPANY,,FALSE,TOTAL,UDH-00349
354,BARCODE SCANNERS,ZEBRA,DS2208,S22179010552075,ตึกเชี่ยวชาญ,1,แผนก X-ray,,รังสีวิทยา,Active,โรงพยาบาลศูนย์อุดรธานี,อด 0033.1/380/2568 ลงวันที่ 26 สิงหาคม 2568,,,,2026-05-14 17:43:14,System,,,,,,COMPANY,,FALSE,TOTAL,UDH-00350
355,BARCODE SCANNERS,ZEBRA,DS2208,S22179010552083,ตึกเชี่ยวชาญ,1,แผนก X-ray,,รังสีวิทยา,Active,โรงพยาบาลศูนย์อุดรธานี,อด 0033.1/380/2568 ลงวันที่ 26 สิงหาคม 2568,,,,2026-05-14 17:43:14,System,,,,,,COMPANY,,FALSE,TOTAL,UDH-00351
356,BARCODE SCANNERS,ZEBRA,DS2208,S22179010552105,ตึกเชี่ยวชาญ,1,แผนก X-ray,,รังสีวิทยา,Active,โรงพยาบาลศูนย์อุดรธานี,อด 0033.1/380/2568 ลงวันที่ 26 สิงหาคม 2568,,,,2026-05-14 17:43:14,System,,,,,,COMPANY,,FALSE,TOTAL,UDH-00352
357,BARCODE SCANNERS,ZEBRA,DS2208,S22179010552070,ตึกเชี่ยวชาญ,1,แผนก X-ray,,รังสีวิทยา,Active,โรงพยาบาลศูนย์อุดรธานี,อด 0033.1/380/2568 ลงวันที่ 26 สิงหาคม 2568,,,,2026-05-14 17:43:14,System,,,,,,COMPANY,,FALSE,TOTAL,UDH-00353
358,BARCODE SCANNERS,ZEBRA,DS2208,S22179010552081,ตึกเชี่ยวชาญ,1,แผนก X-ray,,รังสีวิทยา,Active,โรงพยาบาลศูนย์อุดรธานี,อด 0033.1/380/2568 ลงวันที่ 26 สิงหาคม 2568,,,,2026-05-14 17:43:14,System,,,,,,COMPANY,,FALSE,TOTAL,UDH-00354
359,BARCODE SCANNERS,ZEBRA,DS2208,S22179010552087,ตึกเชี่ยวชาญ,1,แผนก X-ray,,รังสีวิทยา,Active,โรงพยาบาลศูนย์อุดรธานี,อด 0033.1/380/2568 ลงวันที่ 26 สิงหาคม 2568,,,,2026-05-14 17:43:14,System,,,,,,COMPANY,,FALSE,TOTAL,UDH-00355
360,BARCODE SCANNERS,ZEBRA,DS2208,S22178010553980,ตึกเชี่ยวชาญ,1,แผนก X-ray,,รังสีวิทยา,Active,โรงพยาบาลศูนย์อุดรธานี,อด 0033.1/380/2568 ลงวันที่ 26 สิงหาคม 2568,,,,2026-05-14 17:43:14,System,,,,,,COMPANY,,FALSE,TOTAL,UDH-00356
361,BARCODE SCANNERS,ZEBRA,DS2208,S22179010552074,ตึกเชี่ยวชาญ,1,แผนก X-ray,,รังสีวิทยา,Active,โรงพยาบาลศูนย์อุดรธานี,อด 0033.1/380/2568 ลงวันที่ 26 สิงหาคม 2568,,,,2026-05-14 17:43:14,System,,,,,,COMPANY,,FALSE,TOTAL,UDH-00357
362,BARCODE SCANNERS,ZEBRA,DS2208,S22179010552104,ตึกเชี่ยวชาญ,1,แผนก X-ray,,รังสีวิทยา,Active,โรงพยาบาลศูนย์อุดรธานี,อด 0033.1/380/2568 ลงวันที่ 26 สิงหาคม 2568,,,,2026-05-14 17:43:14,System,,,,,,COMPANY,,FALSE,TOTAL,UDH-00358
363,BARCODE SCANNERS,ZEBRA,DS2208,S22179010552112,ตึกเชี่ยวชาญ,1,แผนก X-ray,,รังสีวิทยา,Active,โรงพยาบาลศูนย์อุดรธานี,อด 0033.1/380/2568 ลงวันที่ 26 สิงหาคม 2568,,,,2026-05-14 17:43:14,System,,,,,,COMPANY,,FALSE,TOTAL,UDH-00359
364,BARCODE SCANNERS,ZEBRA,DS2208,S22179010552117,ตึกเชี่ยวชาญ,1,แผนก X-ray,,รังสีวิทยา,Active,โรงพยาบาลศูนย์อุดรธานี,อด 0033.1/380/2568 ลงวันที่ 26 สิงหาคม 2568,,,,2026-05-14 17:43:14,System,,,,,,COMPANY,,FALSE,TOTAL,UDH-00360
274,BARCODE SCANNERS,ZEBRA,DS2208,S22150010551601,ตึกคลังพัสดุ (ใหม่),1,ห้องจ่ายยา,ห้องยาสีเขียว,เภสัชกรรม,Active,โรงพยาบาลศูนย์อุดรธานี,อด 0033.1/380/2568 ลงวันที่ 26 สิงหาคม 2568,,,,2026-06-24 11:08:27,nikorn2527@gmail.com,,,,,,COMPANY,,FALSE,TOTAL,UDH-00273
366,PRINTER INKJET AIO,EPSON,L5290,X8H2029052,ตึกเชี่ยวชาญ,1,แผนก X-ray,ห้องเบอร์ 9,รังสีวิทยา,Active,โรงพยาบาลศูนย์อุดรธานี,อด 0033.1/380/2568 ลงวันที่ 26 สิงหาคม 2568,,,,2026-05-14 17:43:14,System,,,,,,COMPANY,,TRUE,TOTAL,UDH-00362
367,PRINTER INKJET AIO,EPSON,L5290,X8H2029444,ตึกหลวงตาบัว,4,หอผู้ป่วยอายุรกรรมชาย,,อายุรกรรม,Retired,โรงพยาบาลศูนย์อุดรธานี,อด 0033.1/380/2568 ลงวันที่ 26 สิงหาคม 2568,,,,2026-05-14 17:43:14,System,,,,,,COMPANY,,TRUE,TOTAL,UDH-00363
368,PRINTER INKJET AIO,EPSON,L5290,X8H2028202,ตึกเชี่ยวชาญ,1,แผนก X-ray,ห้องเบอร์ 13,รังสีวิทยา,Active,โรงพยาบาลศูนย์อุดรธานี,อด 0033.1/380/2568 ลงวันที่ 26 สิงหาคม 2568,,,,2026-05-14 17:43:14,System,,,,,,COMPANY,,TRUE,TOTAL,UDH-00364
369,PRINTER INKJET AIO,EPSON,L5290,X8H2029433,ตึกเชี่ยวชาญ,1,แผนก X-ray,,รังสีวิทยา,Active,โรงพยาบาลศูนย์อุดรธานี,อด 0033.1/380/2568 ลงวันที่ 26 สิงหาคม 2568,,,,2026-05-14 17:43:14,System,,,,,,COMPANY,,TRUE,TOTAL,UDH-00365
370,PRINTER INKJET AIO,EPSON,L5290,X8H2029581,ตึกผู้ป่วยนอก (OPD),3,ห้องจ่ายยา,,เภสัชกรรม,Active,โรงพยาบาลศูนย์อุดรธานี,อด 0033.1/380/2568 ลงวันที่ 26 สิงหาคม 2568,,,,2026-07-21 13:07:58,bie3110greedisgood@gmail.con,,,,,,COMPANY,,TRUE,TOTAL,UDH-00366
371,PRINTER INKJET AIO,EPSON,L5290,X8H2027108,ตึกเชี่ยวชาญ,1,แผนก X-ray,,รังสีวิทยา,Active,โรงพยาบาลศูนย์อุดรธานี,อด 0033.1/380/2568 ลงวันที่ 26 สิงหาคม 2568,,,,2026-05-14 17:43:14,System,,,,,,COMPANY,,TRUE,TOTAL,UDH-00367
372,PRINTER INKJET AIO,EPSON,L5290,X8H2028195,ตึกเชี่ยวชาญ,1,แผนก X-ray,ห้องเบอร์ 8,รังสีวิทยา,Active,โรงพยาบาลศูนย์อุดรธานี,อด 0033.1/380/2568 ลงวันที่ 26 สิงหาคม 2568,,,,2026-05-14 17:43:14,System,,,,,,COMPANY,,TRUE,TOTAL,UDH-00368
373,PRINTER INKJET AIO,EPSON,L5290,X8H2029432,ตึกหลวงตาบัว,8,หอผู้ป่วยอายุกรรมโรคเลือด,,อายุรกรรม,Active,โรงพยาบาลศูนย์อุดรธานี,อด 0033.1/380/2568 ลงวันที่ 26 สิงหาคม 2568,,,,2026-06-11 15:35:13,nikorn2527@gmail.com,,,2026-06-11,,,COMPANY,,TRUE,TOTAL,UDH-00369
275,BARCODE SCANNERS,ZEBRA,DS2208,S22149010555315,ตึกคลังพัสดุ (ใหม่),1,ห้องจ่ายยา,ห้องยาสีเขียว,เภสัชกรรม,Active,โรงพยาบาลศูนย์อุดรธานี,อด 0033.1/380/2568 ลงวันที่ 26 สิงหาคม 2568,,,,2026-06-24 11:08:27,nikorn2527@gmail.com,,,,,,COMPANY,,FALSE,TOTAL,UDH-00274
375,PRINTER LASER,HP,M402DN,PHCFB18522,ตึกเชี่ยวชาญ,1,แผนก X-ray,,รังสีวิทยา,Active,โรงพยาบาลศูนย์อุดรธานี,อด 0033.1/380/2568 ลงวันที่ 26 สิงหาคม 2568,,,,2026-05-14 17:43:14,System,,,,,,COMPANY,,TRUE,TOTAL,UDH-00371
376,PRINTER LASER,HP,M402DN,PHCFD06251,ตึกเชี่ยวชาญ,1,แผนก X-ray,,รังสีวิทยา,Retired,โรงพยาบาลศูนย์อุดรธานี,อด 0033.1/380/2568 ลงวันที่ 26 สิงหาคม 2568,,,,2026-05-14 17:43:14,System,,,,,,COMPANY,,TRUE,TOTAL,UDH-00372
377,PRINTER LASER,OKI,ES5112,BW21013730C0,ตึกเชี่ยวชาญ,1,แผนก X-ray,,รังสีวิทยา,Active,โรงพยาบาลศูนย์อุดรธานี,อด 0033.1/380/2568 ลงวันที่ 26 สิงหาคม 2568,,,,2026-05-14 17:43:14,System,,,,,,COMPANY,,TRUE,TOTAL,UDH-00373
378,PRINTER THERMAL,ZEBRA,ZD421,D6J222613750,ตึกเชี่ยวชาญ,1,แผนก X-ray,ห้องเบอร์ 8,รังสีวิทยา,Retired,โรงพยาบาลศูนย์อุดรธานี,อด 0033.1/380/2568 ลงวันที่ 26 สิงหาคม 2568,,,,2026-05-14 17:43:14,System,,,,,,COMPANY,,FALSE,TOTAL,UDH-00374
379,PRINTER THERMAL,ZEBRA,ZD421,D6J222613536,ตึกเชี่ยวชาญ,1,X-Ray Interrention,,รังสีวิทยา,Active,โรงพยาบาลศูนย์อุดรธานี,อด 0033.1/380/2568 ลงวันที่ 26 สิงหาคม 2568,,,,2026-05-14 17:43:14,System,,,,,,COMPANY,,FALSE,TOTAL,UDH-00375
380,PRINTER THERMAL,ZEBRA,ZD421,D6J222613130,ตึกเชี่ยวชาญ,1,แผนก X-ray,,รังสีวิทยา,Active,โรงพยาบาลศูนย์อุดรธานี,อด 0033.1/380/2568 ลงวันที่ 26 สิงหาคม 2568,,,,2026-05-14 17:43:14,System,,,,,,COMPANY,,FALSE,TOTAL,UDH-00376
276,BARCODE SCANNERS,ZEBRA,DS2208,S22149010555355,ตึกคลังพัสดุ (ใหม่),1,ห้องจ่ายยา,ห้องยาสีเขียว,เภสัชกรรม,Active,โรงพยาบาลศูนย์อุดรธานี,อด 0033.1/380/2568 ลงวันที่ 26 สิงหาคม 2568,,,,2026-06-24 11:08:27,nikorn2527@gmail.com,,,,,,COMPANY,,FALSE,TOTAL,UDH-00275
277,BARCODE SCANNERS,ZEBRA,DS2208,S22150010551585,ตึกคลังพัสดุ (ใหม่),1,ห้องจ่ายยา,ห้องยาสีเขียว,เภสัชกรรม,Active,โรงพยาบาลศูนย์อุดรธานี,อด 0033.1/380/2568 ลงวันที่ 26 สิงหาคม 2568,,,,2026-06-24 11:08:27,nikorn2527@gmail.com,,,,,,COMPANY,,FALSE,TOTAL,UDH-00276
383,SCANNERS,CANON,DR-C230,JA491939,ตึกเชี่ยวชาญ,1,แผนก X-ray,,รังสีวิทยา,Active,โรงพยาบาลศูนย์อุดรธานี,อด 0033.1/380/2568 ลงวันที่ 26 สิงหาคม 2568,,,,2026-05-14 17:43:14,System,,,,,,COMPANY,,FALSE,TOTAL,UDH-00379
384,BARCODE SCANNERS,ZEBRA,DS2208,S22179010552251,ตึกเชี่ยวชาญ,2,หน่วยเคมีบำบัดแบบไม่ค้างคืน,,มะเร็งวิทยา,Active,โรงพยาบาลศูนย์อุดรธานี,อด 0033.1/380/2568 ลงวันที่ 26 สิงหาคม 2568,,,,2026-05-14 17:43:14,System,,,,,,COMPANY,,FALSE,TOTAL,UDH-00380
385,BARCODE SCANNERS,ZEBRA,DS2208,S22178010553646,ตึกเชี่ยวชาญ,2,หน่วยเคมีบำบัดแบบไม่ค้างคืน,,มะเร็งวิทยา,Active,โรงพยาบาลศูนย์อุดรธานี,อด 0033.1/380/2568 ลงวันที่ 26 สิงหาคม 2568,,,,2026-05-14 17:43:14,System,,,,,,COMPANY,,FALSE,TOTAL,UDH-00381
386,BARCODE SCANNERS,ZEBRA,DS2208,S22179010552102,ตึกเชี่ยวชาญ,2,หน่วยเคมีบำบัดแบบไม่ค้างคืน,,มะเร็งวิทยา,Active,โรงพยาบาลศูนย์อุดรธานี,อด 0033.1/380/2568 ลงวันที่ 26 สิงหาคม 2568,,,,2026-05-14 17:43:14,System,,,,,,COMPANY,,FALSE,TOTAL,UDH-00382
278,BARCODE SCANNERS,ZEBRA,DS2208,S22150010551590,ตึกคลังพัสดุ (ใหม่),1,ห้องจ่ายยา,ห้องยาสีเขียว,เภสัชกรรม,Active,โรงพยาบาลศูนย์อุดรธานี,อด 0033.1/380/2568 ลงวันที่ 26 สิงหาคม 2568,,,,2026-06-24 11:08:27,nikorn2527@gmail.com,,,,,,COMPANY,,FALSE,TOTAL,UDH-00277
279,BARCODE SCANNERS,ZEBRA,DS2208,S22150010551602,ตึกคลังพัสดุ (ใหม่),1,ห้องจ่ายยา,ห้องยาสีเขียว,เภสัชกรรม,Active,โรงพยาบาลศูนย์อุดรธานี,อด 0033.1/380/2568 ลงวันที่ 26 สิงหาคม 2568,,,,2026-06-24 11:08:27,nikorn2527@gmail.com,,,,,,COMPANY,,FALSE,TOTAL,UDH-00278
285,PRINTER INKJET AIO,EPSON,L5190,X5NY113433,ตึกคลังพัสดุ (ใหม่),1,ห้องจ่ายยา,ห้องยาสีเขียว,เภสัชกรรม,Retired,โรงพยาบาลศูนย์อุดรธานี,อด 0033.1/380/2568 ลงวันที่ 26 สิงหาคม 2568,,,,2026-06-24 11:08:27,nikorn2527@gmail.com,,,,,,COMPANY,,TRUE,TOTAL,UDH-00284
287,PRINTER INKJET AIO,EPSON,L5290,X8H2029109,ตึกคลังพัสดุ (ใหม่),1,ห้องจ่ายยา,ห้องยาสีเขียว,เภสัชกรรม,Retired,โรงพยาบาลศูนย์อุดรธานี,อด 0033.1/380/2568 ลงวันที่ 26 สิงหาคม 2568,,,,2026-06-24 11:08:27,nikorn2527@gmail.com,,,,2026-06-08,,COMPANY,,TRUE,TOTAL,UDH-00286
288,PRINTER INKJET AIO,EPSON,L5290,X8H2029133,ตึกคลังพัสดุ (ใหม่),1,ห้องจ่ายยา,ห้องยาสีเขียว,เภสัชกรรม,Active,โรงพยาบาลศูนย์อุดรธานี,อด 0033.1/380/2568 ลงวันที่ 26 สิงหาคม 2568,,,,2026-06-24 11:08:27,nikorn2527@gmail.com,,,,,,COMPANY,,TRUE,TOTAL,UDH-00287
294,PRINTER THERMAL,ZEBRA,ZD421,D6J222702173,ตึกคลังพัสดุ (ใหม่),1,ห้องจ่ายยา,ห้องยาสีเขียว,เภสัชกรรม,Active,โรงพยาบาลศูนย์อุดรธานี,อด 0033.1/380/2568 ลงวันที่ 26 สิงหาคม 2568,,,,2026-06-24 11:08:27,nikorn2527@gmail.com,,,,,,COMPANY,,FALSE,TOTAL,UDH-00293
296,PRINTER THERMAL,ZEBRA,ZD421,D6J222614801,ตึกคลังพัสดุ (ใหม่),1,ห้องจ่ายยา,ห้องยาสีเขียว,เภสัชกรรม,Active,โรงพยาบาลศูนย์อุดรธานี,อด 0033.1/380/2568 ลงวันที่ 26 สิงหาคม 2568,,,,2026-06-24 11:08:27,nikorn2527@gmail.com,,,,,,COMPANY,,FALSE,TOTAL,UDH-00295
297,PRINTER THERMAL,ZEBRA,ZD421,D6J222700844,ตึกคลังพัสดุ (ใหม่),1,ห้องจ่ายยา,ห้องยาสีเขียว,เภสัชกรรม,Active,โรงพยาบาลศูนย์อุดรธานี,อด 0033.1/380/2568 ลงวันที่ 26 สิงหาคม 2568,,,,2026-06-24 11:08:27,nikorn2527@gmail.com,,,,,,COMPANY,,FALSE,TOTAL,UDH-00296
298,PRINTER THERMAL,ZEBRA,ZD421,D6J222613149,ตึกคลังพัสดุ (ใหม่),1,ห้องจ่ายยา,ห้องยาสีเขียว,เภสัชกรรม,Active,โรงพยาบาลศูนย์อุดรธานี,อด 0033.1/380/2568 ลงวันที่ 26 สิงหาคม 2568,,,,2026-06-24 11:08:27,nikorn2527@gmail.com,,,,,,COMPANY,,FALSE,TOTAL,UDH-00297
299,PRINTER THERMAL,ZEBRA,ZD421,D6J222613733,ตึกคลังพัสดุ (ใหม่),1,ห้องจ่ายยา,ห้องยาสีเขียว,เภสัชกรรม,Active,โรงพยาบาลศูนย์อุดรธานี,อด 0033.1/380/2568 ลงวันที่ 26 สิงหาคม 2568,,,,2026-06-24 11:08:27,nikorn2527@gmail.com,,,,,,COMPANY,,FALSE,TOTAL,UDH-00298
300,PRINTER THERMAL,ZEBRA,ZD421,D6J222614696,ตึกคลังพัสดุ (ใหม่),1,ห้องจ่ายยา,ห้องยาสีเขียว,เภสัชกรรม,Active,โรงพยาบาลศูนย์อุดรธานี,อด 0033.1/380/2568 ลงวันที่ 26 สิงหาคม 2568,,,,2026-06-24 11:08:27,nikorn2527@gmail.com,,,,,,COMPANY,,FALSE,TOTAL,UDH-00299
301,PRINTER THERMAL,ZEBRA,ZD421,D6J222700873,ตึกคลังพัสดุ (ใหม่),1,ห้องจ่ายยา,ห้องยาสีเขียว,เภสัชกรรม,Active,โรงพยาบาลศูนย์อุดรธานี,อด 0033.1/380/2568 ลงวันที่ 26 สิงหาคม 2568,,,,2026-06-24 11:08:27,nikorn2527@gmail.com,,,,,,COMPANY,,FALSE,TOTAL,UDH-00300
303,PRINTER THERMAL,ZEBRA,ZD421,D6J222613778,ตึกคลังพัสดุ (ใหม่),1,ห้องจ่ายยา,ห้องยาสีเขียว,เภสัชกรรม,Active,โรงพยาบาลศูนย์อุดรธานี,อด 0033.1/380/2568 ลงวันที่ 26 สิงหาคม 2568,,,,2026-06-24 11:08:27,nikorn2527@gmail.com,,,,,,COMPANY,,FALSE,TOTAL,UDH-00301
304,PRINTER THERMAL,ZEBRA,ZD421,D6J222700846,ตึกคลังพัสดุ (ใหม่),1,ห้องจ่ายยา,ห้องยาสีเขียว,เภสัชกรรม,Active,โรงพยาบาลศูนย์อุดรธานี,อด 0033.1/380/2568 ลงวันที่ 26 สิงหาคม 2568,,,,2026-06-24 11:08:27,nikorn2527@gmail.com,,,,,,COMPANY,,FALSE,TOTAL,UDH-00302
305,PRINTER THERMAL,TSC,TE200,TEA24330014,ตึกคลังพัสดุ (ใหม่),1,ห้องจ่ายยา,ห้องยาสีเขียว,เภสัชกรรม,Active,โรงพยาบาลศูนย์อุดรธานี,อด 0033.1/380/2568 ลงวันที่ 26 สิงหาคม 2568,,,,2026-06-24 11:08:27,nikorn2527@gmail.com,,,,,,COMPANY,,FALSE,TOTAL,UDH-00303
315,PRINTER THERMAL,DELI,S351,64455300012,ตึกคลังพัสดุ (ใหม่),1,ห้องจ่ายยา,ห้องยาสีเขียว,เภสัชกรรม,Active,โรงพยาบาลศูนย์อุดรธานี,อด 0033.1/380/2568 ลงวันที่ 26 สิงหาคม 2568,,,,2026-06-24 11:08:27,nikorn2527@gmail.com,,,,,,COMPANY,,FALSE,TOTAL,UDH-00311
432,PRINTER INKJET AIO,EPSON,L5190,X5NY087181,ตึกเชี่ยวชาญ,2,ห้องจ่ายยา,,เภสัชกรรม,Retired,โรงพยาบาลศูนย์อุดรธานี,อด 0033.1/380/2568 ลงวันที่ 26 สิงหาคม 2568,,,,2026-05-27 02:48:45,nikorn2527@gmail.com,,,,,,COMPANY,,TRUE,TOTAL,UDH-00428
433,PRINTER INKJET,EPSON,M3170,X5TT006163,ตึกเชี่ยวชาญ,2,ห้องจ่ายยา,,เภสัชกรรม,Active,โรงพยาบาลศูนย์อุดรธานี,อด 0033.1/380/2568 ลงวันที่ 26 สิงหาคม 2568,,,,2026-05-14 17:43:14,System,,,,,,COMPANY,,TRUE,TOTAL,UDH-00429
434,PRINTER INKJET,EPSON,M3170,X5TT010682,ตึกเชี่ยวชาญ,2,ห้องจ่ายยา,,เภสัชกรรม,Retired,โรงพยาบาลศูนย์อุดรธานี,อด 0033.1/380/2568 ลงวันที่ 26 สิงหาคม 2568,,,,2026-05-14 17:43:14,System,,,,,,COMPANY,,TRUE,TOTAL,UDH-00430
459,PRINTER THERMAL,HONEYWELL,PC42E-T,24339W0A07,ตึกเชี่ยวชาญ,2,ห้องจ่ายยา,,เภสัชกรรม,Active,โรงพยาบาลศูนย์อุดรธานี,อด 0033.1/380/2568 ลงวันที่ 26 สิงหาคม 2568,,,,2026-05-14 17:43:14,System,,,,,,COMPANY,,FALSE,TOTAL,UDH-00455
460,PRINTER THERMAL,ZEBRA,ZD421,D6J222702165,ตึกเชี่ยวชาญ,2,ห้องจ่ายยา,,เภสัชกรรม,Active,โรงพยาบาลศูนย์อุดรธานี,อด 0033.1/380/2568 ลงวันที่ 26 สิงหาคม 2568,,,,2026-05-14 17:43:14,System,,,,,,COMPANY,,FALSE,TOTAL,UDH-00456
461,PRINTER THERMAL,ZEBRA,ZD421,D6J222613135,ตึกเชี่ยวชาญ,2,ห้องจ่ายยา,,เภสัชกรรม,Active,โรงพยาบาลศูนย์อุดรธานี,อด 0033.1/380/2568 ลงวันที่ 26 สิงหาคม 2568,,,,2026-05-14 17:43:14,System,,,,,,COMPANY,,FALSE,TOTAL,UDH-00457
462,PRINTER THERMAL,ZEBRA,ZD421,D6J222702146,ตึกเชี่ยวชาญ,2,ห้องจ่ายยา,,เภสัชกรรม,Active,โรงพยาบาลศูนย์อุดรธานี,อด 0033.1/380/2568 ลงวันที่ 26 สิงหาคม 2568,,,,2026-05-14 17:43:14,System,,,,,,COMPANY,,FALSE,TOTAL,UDH-00458
463,PRINTER THERMAL,ZEBRA,ZD421,D6J222702163,ตึกเชี่ยวชาญ,2,ห้องจ่ายยา,,เภสัชกรรม,Active,โรงพยาบาลศูนย์อุดรธานี,อด 0033.1/380/2568 ลงวันที่ 26 สิงหาคม 2568,,,,2026-05-14 17:43:14,System,,,,,,COMPANY,,FALSE,TOTAL,UDH-00459
464,PRINTER THERMAL,HONEYWELL,PC42E-T,24339W098F,ตึกเชี่ยวชาญ,2,ห้องจ่ายยา,,เภสัชกรรม,Active,โรงพยาบาลศูนย์อุดรธานี,อด 0033.1/380/2568 ลงวันที่ 26 สิงหาคม 2568,,,,2026-05-14 17:43:14,System,,,,,,COMPANY,,FALSE,TOTAL,UDH-00460
469,SCANNERS,CANON,DR-C230,JA491774,ตึกเชี่ยวชาญ,2,ห้องจ่ายยา,,เภสัชกรรม,Active,โรงพยาบาลศูนย์อุดรธานี,อด 0033.1/380/2568 ลงวันที่ 26 สิงหาคม 2568,,,,2026-05-14 17:43:14,System,,,,,,COMPANY,,FALSE,TOTAL,UDH-00465
733,BARCODE SCANNERS,ZEBRA,DS2208,S22149010555128,ตึกผู้ป่วยนอก (OPD),2,ห้องจ่ายยา,,เภสัชกรรม,Active,โรงพยาบาลศูนย์อุดรธานี,อด 0033.1/380/2568 ลงวันที่ 26 สิงหาคม 2568,,,,2026-05-14 17:43:14,System,,,,,,COMPANY,,FALSE,TOTAL,UDH-00729
734,BARCODE SCANNERS,ZEBRA,DS2208,S22176010553720,ตึกผู้ป่วยนอก (OPD),2,ห้องจ่ายยา,,เภสัชกรรม,Active,โรงพยาบาลศูนย์อุดรธานี,อด 0033.1/380/2568 ลงวันที่ 26 สิงหาคม 2568,,,,2026-05-14 17:43:14,System,,,,,,COMPANY,,FALSE,TOTAL,UDH-00730
415,PRINTER INKJET,EPSON,M3170,X5TT005786,ตึกเชี่ยวชาญ,2,หน่วยเคมีบำบัดแบบไม่ค้างคืน,,มะเร็งวิทยา,Active,โรงพยาบาลศูนย์อุดรธานี,อด 0033.1/380/2568 ลงวันที่ 26 สิงหาคม 2568,,,,2026-05-14 17:43:14,System,,,,,,COMPANY,,TRUE,TOTAL,UDH-00411
416,PRINTER INKJET,EPSON,M3170,X5TT005871,ตึกเชี่ยวชาญ,2,หน่วยเคมีบำบัดแบบไม่ค้างคืน,,มะเร็งวิทยา,Active,โรงพยาบาลศูนย์อุดรธานี,อด 0033.1/380/2568 ลงวันที่ 26 สิงหาคม 2568,,,,2026-05-14 17:43:14,System,,,,,,COMPANY,,TRUE,TOTAL,UDH-00412
417,PRINTER INKJET,EPSON,M3170,X5TT006026,ตึกเชี่ยวชาญ,2,การเงิน,,การเงิน,Active,โรงพยาบาลศูนย์อุดรธานี,อด 0033.1/380/2568 ลงวันที่ 26 สิงหาคม 2568,,,,2026-05-14 17:43:14,System,,,,,,COMPANY,,TRUE,TOTAL,UDH-00413
735,BARCODE SCANNERS,ZEBRA,DS2208,S22178010553529,ตึกผู้ป่วยนอก (OPD),2,ห้องจ่ายยา,,เภสัชกรรม,Active,โรงพยาบาลศูนย์อุดรธานี,อด 0033.1/380/2568 ลงวันที่ 26 สิงหาคม 2568,,,,2026-05-14 17:43:14,System,,,,,,COMPANY,,FALSE,TOTAL,UDH-00731
736,BARCODE SCANNERS,ZEBRA,DS2208,S22149010553952,ตึกผู้ป่วยนอก (OPD),2,ห้องจ่ายยา,,เภสัชกรรม,Active,โรงพยาบาลศูนย์อุดรธานี,อด 0033.1/380/2568 ลงวันที่ 26 สิงหาคม 2568,,,,2026-05-14 17:43:14,System,,,,,,COMPANY,,FALSE,TOTAL,UDH-00732
737,BARCODE SCANNERS,ZEBRA,DS2208,S22149010553978,ตึกผู้ป่วยนอก (OPD),2,ห้องจ่ายยา,,เภสัชกรรม,Active,โรงพยาบาลศูนย์อุดรธานี,อด 0033.1/380/2568 ลงวันที่ 26 สิงหาคม 2568,,,,2026-05-14 17:43:14,System,,,,,,COMPANY,,FALSE,TOTAL,UDH-00733
738,BARCODE SCANNERS,ZEBRA,DS2208,S22178010553516,ตึกผู้ป่วยนอก (OPD),2,ห้องจ่ายยา,,เภสัชกรรม,Active,โรงพยาบาลศูนย์อุดรธานี,อด 0033.1/380/2568 ลงวันที่ 26 สิงหาคม 2568,,,,2026-05-14 17:43:14,System,,,,,,COMPANY,,FALSE,TOTAL,UDH-00734
739,BARCODE SCANNERS,ZEBRA,DS2208,S22176010553707,ตึกผู้ป่วยนอก (OPD),2,ห้องจ่ายยา,,เภสัชกรรม,Active,โรงพยาบาลศูนย์อุดรธานี,อด 0033.1/380/2568 ลงวันที่ 26 สิงหาคม 2568,,,,2026-05-14 17:43:14,System,,,,,,COMPANY,,FALSE,TOTAL,UDH-00735
740,BARCODE SCANNERS,ZEBRA,DS2208,S22178010553530,ตึกผู้ป่วยนอก (OPD),2,ห้องจ่ายยา,,เภสัชกรรม,Active,โรงพยาบาลศูนย์อุดรธานี,อด 0033.1/380/2568 ลงวันที่ 26 สิงหาคม 2568,,,,2026-05-14 17:43:14,System,,,,,,COMPANY,,FALSE,TOTAL,UDH-00736
741,BARCODE SCANNERS,ZEBRA,DS2208,S22150010551710,ตึกผู้ป่วยนอก (OPD),2,ห้องจ่ายยา,,เภสัชกรรม,Active,โรงพยาบาลศูนย์อุดรธานี,อด 0033.1/380/2568 ลงวันที่ 26 สิงหาคม 2568,,,,2026-05-14 17:43:14,System,,,,,,COMPANY,,FALSE,TOTAL,UDH-00737
742,BARCODE SCANNERS,ZEBRA,DS2208,S22150010551665,ตึกผู้ป่วยนอก (OPD),2,ห้องจ่ายยา,,เภสัชกรรม,Active,โรงพยาบาลศูนย์อุดรธานี,อด 0033.1/380/2568 ลงวันที่ 26 สิงหาคม 2568,,,,2026-05-14 17:43:14,System,,,,,,COMPANY,,FALSE,TOTAL,UDH-00738
743,BARCODE SCANNERS,ZEBRA,DS2208,S22150010551714,ตึกผู้ป่วยนอก (OPD),2,ห้องจ่ายยา,,เภสัชกรรม,Active,โรงพยาบาลศูนย์อุดรธานี,อด 0033.1/380/2568 ลงวันที่ 26 สิงหาคม 2568,,,,2026-05-14 17:43:14,System,,,,,,COMPANY,,FALSE,TOTAL,UDH-00739
744,BARCODE SCANNERS,ZEBRA,DS2208,S22178010553972,ตึกผู้ป่วยนอก (OPD),2,ห้องจ่ายยา,,เภสัชกรรม,Active,โรงพยาบาลศูนย์อุดรธานี,อด 0033.1/380/2568 ลงวันที่ 26 สิงหาคม 2568,,,,2026-05-14 17:43:14,System,,,,,,COMPANY,,FALSE,TOTAL,UDH-00740
745,BARCODE SCANNERS,ZEBRA,DS2208,S22178010553985,ตึกผู้ป่วยนอก (OPD),2,ห้องจ่ายยา,,เภสัชกรรม,Active,โรงพยาบาลศูนย์อุดรธานี,อด 0033.1/380/2568 ลงวันที่ 26 สิงหาคม 2568,,,,2026-05-14 17:43:14,System,,,,,,COMPANY,,FALSE,TOTAL,UDH-00741
746,BARCODE SCANNERS,ZEBRA,DS2208,S22178010553965,ตึกผู้ป่วยนอก (OPD),2,ห้องจ่ายยา,,เภสัชกรรม,Active,โรงพยาบาลศูนย์อุดรธานี,อด 0033.1/380/2568 ลงวันที่ 26 สิงหาคม 2568,,,,2026-05-14 17:43:14,System,,,,,,COMPANY,,FALSE,TOTAL,UDH-00742
430,PRINTER INKJET,EPSON,M3170,X5TT006033,ตึกเชี่ยวชาญ,2,หอผู้ป่วยเคมีบำบัด (เมตตารักษ์),,มะเร็งวิทยา,Active,โรงพยาบาลศูนย์อุดรธานี,อด 0033.1/380/2568 ลงวันที่ 26 สิงหาคม 2568,,,,2026-05-14 17:43:14,System,,,,,,COMPANY,,TRUE,TOTAL,UDH-00426
813,PRINTER INKJET,EPSON,M3170,X5TT006047,ตึกผู้ป่วยนอก (OPD),2,ห้องจ่ายยา,,เภสัชกรรม,Active,โรงพยาบาลศูนย์อุดรธานี,อด 0033.1/380/2568 ลงวันที่ 26 สิงหาคม 2568,,,,2026-05-14 17:43:14,System,,,,,,COMPANY,,TRUE,TOTAL,UDH-00809
814,PRINTER INKJET AIO,EPSON,L5190,X5NY059206,ตึกผู้ป่วยนอก (OPD),2,ห้องจ่ายยา,,เภสัชกรรม,Retired,โรงพยาบาลศูนย์อุดรธานี,อด 0033.1/380/2568 ลงวันที่ 26 สิงหาคม 2568,,,,2026-05-14 17:43:14,System,,,,,,COMPANY,,TRUE,TOTAL,UDH-00810
815,PRINTER INKJET AIO,EPSON,L5190,X5NY113544,ตึกผู้ป่วยนอก (OPD),2,ห้องจ่ายยา,,เภสัชกรรม,Active,โรงพยาบาลศูนย์อุดรธานี,อด 0033.1/380/2568 ลงวันที่ 26 สิงหาคม 2568,,,,2026-05-14 17:43:14,System,,,,,,COMPANY,,TRUE,TOTAL,UDH-00811
816,PRINTER INKJET A4,EPSON,L3250,X8JVL55417,ตึกผู้ป่วยนอก (OPD),4,ห้องจ่ายยา,,เภสัชกรรม,Retired,โรงพยาบาลศูนย์อุดรธานี,อด 0033.1/380/2568 ลงวันที่ 26 สิงหาคม 2568,,,,2026-05-14 17:43:14,System,,,,,,COMPANY,,TRUE,TOTAL,UDH-00812
817,PRINTER INKJET AIO,EPSON,L5290,X8H2029249,ตึกผู้ป่วยนอก (OPD),2,ห้องจ่ายยา,,เภสัชกรรม,Active,โรงพยาบาลศูนย์อุดรธานี,อด 0033.1/380/2568 ลงวันที่ 26 สิงหาคม 2568,,,,2026-05-14 17:43:14,System,,,,,,COMPANY,,TRUE,TOTAL,UDH-00813
823,PRINTER INKJET AIO,EPSON,L5290,X8H2029430,ตึก 69 ปี,1,ห้องจ่ายยา,ตึก 69,เภสัชกรรม,Active,โรงพยาบาลศูนย์อุดรธานี,อด 0033.1/380/2568 ลงวันที่ 26 สิงหาคม 2568,,,,2026-06-24 11:05:09,nikorn2527@gmail.com,,,,,,COMPANY,,TRUE,TOTAL,UDH-00819
437,PRINTER LASER,HP,M402DN,PHCFD06238,ตึกเชี่ยวชาญ,2,หน่วยเคมีบำบัดแบบไม่ค้างคืน,,มะเร็งวิทยา,Retired,โรงพยาบาลศูนย์อุดรธานี,อด 0033.1/380/2568 ลงวันที่ 26 สิงหาคม 2568,,,,2026-05-14 17:43:14,System,,,,,,COMPANY,,TRUE,TOTAL,UDH-00433
438,PRINTER LASER,HP,M402DN,PHCFF06027,ตึกเชี่ยวชาญ,2,คลินิกเฉพาะทางมะเร็ง,,มะเร็งวิทยา,Active,โรงพยาบาลศูนย์อุดรธานี,อด 0033.1/380/2568 ลงวันที่ 26 สิงหาคม 2568,,,,2026-05-14 17:43:14,System,,,,,,COMPANY,,TRUE,TOTAL,UDH-00434
858,PRINTER LASER,HP,M402DN,PHCFB18520,ตึก 69 ปี,1,ห้องจ่ายยา,ตึก 69,เภสัชกรรม,Retired,โรงพยาบาลศูนย์อุดรธานี,อด 0033.1/380/2568 ลงวันที่ 26 สิงหาคม 2568,,,,2026-06-24 11:05:09,nikorn2527@gmail.com,,,,,,COMPANY,,TRUE,TOTAL,UDH-00854
886,PRINTER THERMAL,ZEBRA,ZD421,D6J222700930,ตึกผู้ป่วยนอก (OPD),2,ห้องจ่ายยา,,เภสัชกรรม,Active,โรงพยาบาลศูนย์อุดรธานี,อด 0033.1/380/2568 ลงวันที่ 26 สิงหาคม 2568,,,,2026-05-14 17:43:14,System,,,,,,COMPANY,,FALSE,TOTAL,UDH-00882
887,PRINTER THERMAL,ZEBRA,ZD421,D6J222700847,ตึกผู้ป่วยนอก (OPD),2,ห้องจ่ายยา,,เภสัชกรรม,Active,โรงพยาบาลศูนย์อุดรธานี,อด 0033.1/380/2568 ลงวันที่ 26 สิงหาคม 2568,,,,2026-05-14 17:43:14,System,,,,,,COMPANY,,FALSE,TOTAL,UDH-00883
888,PRINTER THERMAL,ZEBRA,ZD421,D6J222700910,ตึกผู้ป่วยนอก (OPD),2,ห้องจ่ายยา,,เภสัชกรรม,Active,โรงพยาบาลศูนย์อุดรธานี,อด 0033.1/380/2568 ลงวันที่ 26 สิงหาคม 2568,,,,2026-05-14 17:43:14,System,,,,,,COMPANY,,FALSE,TOTAL,UDH-00884
443,PRINTER THERMAL,ZEBRA,ZD421,D6J222702177,ตึกเชี่ยวชาญ,2,หน่วยเคมีบำบัดแบบไม่ค้างคืน,,มะเร็งวิทยา,Active,โรงพยาบาลศูนย์อุดรธานี,อด 0033.1/380/2568 ลงวันที่ 26 สิงหาคม 2568,,,,2026-05-14 17:43:14,System,,,,,,COMPANY,,FALSE,TOTAL,UDH-00439
445,PRINTER THERMAL,ZEBRA,ZD421,D6J222613625,ตึกเชี่ยวชาญ,2,คลินิกเฉพาะทางมะเร็ง,จุดซักประวัติ,มะเร็งวิทยา,Active,โรงพยาบาลศูนย์อุดรธานี,อด 0033.1/380/2568 ลงวันที่ 26 สิงหาคม 2568,,,,2026-05-14 17:43:14,System,,,,,,COMPANY,,FALSE,TOTAL,UDH-00441
446,PRINTER THERMAL,ZEBRA,ZD421,D6J222613787,ตึกเชี่ยวชาญ,2,คลินิกเฉพาะทางมะเร็ง,จุดซักประวัติ,มะเร็งวิทยา,Active,โรงพยาบาลศูนย์อุดรธานี,อด 0033.1/380/2568 ลงวันที่ 26 สิงหาคม 2568,,,,2026-05-14 17:43:14,System,,,,,,COMPANY,,FALSE,TOTAL,UDH-00442
447,PRINTER THERMAL,ZEBRA,ZD421,D6J222613638,ตึกเชี่ยวชาญ,2,คลินิกเฉพาะทางมะเร็ง,จุดซักประวัติ,มะเร็งวิทยา,Active,โรงพยาบาลศูนย์อุดรธานี,อด 0033.1/380/2568 ลงวันที่ 26 สิงหาคม 2568,,,,2026-05-14 17:43:14,System,,,,,,COMPANY,,FALSE,TOTAL,UDH-00443
451,PRINTER THERMAL,ZEBRA,ZD421,D6J222614742,ตึกเชี่ยวชาญ,2,คลินิกเฉพาะทางมะเร็ง,ห้องตรวจ 1,มะเร็งวิทยา,Active,โรงพยาบาลศูนย์อุดรธานี,อด 0033.1/380/2568 ลงวันที่ 26 สิงหาคม 2568,,,,2026-05-14 17:43:14,System,,,,,,COMPANY,,FALSE,TOTAL,UDH-00447
448,PRINTER THERMAL,ZEBRA,ZD421,D6J222614789,ตึกเชี่ยวชาญ,2,คลินิกเฉพาะทางมะเร็ง,,มะเร็งวิทยา,Active,โรงพยาบาลศูนย์อุดรธานี,อด 0033.1/380/2568 ลงวันที่ 26 สิงหาคม 2568,,,,2026-05-14 17:43:14,System,,,,,,COMPANY,,FALSE,TOTAL,UDH-00444
449,PRINTER THERMAL,ZEBRA,ZD421,D6J222700796,ตึกเชี่ยวชาญ,2,คลินิกเฉพาะทางมะเร็ง,,มะเร็งวิทยา,Active,โรงพยาบาลศูนย์อุดรธานี,อด 0033.1/380/2568 ลงวันที่ 26 สิงหาคม 2568,,,,2026-05-14 17:43:14,System,,,,,,COMPANY,,FALSE,TOTAL,UDH-00445
450,PRINTER THERMAL,ZEBRA,ZD421,D6J222613618,ตึกเชี่ยวชาญ,2,คลินิกเฉพาะทางมะเร็ง,,มะเร็งวิทยา,Active,โรงพยาบาลศูนย์อุดรธานี,อด 0033.1/380/2568 ลงวันที่ 26 สิงหาคม 2568,,,,2026-05-14 17:43:14,System,,,,,,COMPANY,,FALSE,TOTAL,UDH-00446
295,PRINTER THERMAL,ZEBRA,ZD421,D6J222702218,ตึกผู้ป่วยนอกเดิม,1,คลินิกเบาหวาน,เจาะเลือด,พยาธิวิทยา/ห้องปฏิบัติการ,Active,โรงพยาบาลศูนย์อุดรธานี,อด 0033.1/380/2568 ลงวันที่ 26 สิงหาคม 2568,,,,2026-05-14 17:43:14,System,,,,,,COMPANY,,FALSE,TOTAL,UDH-00294
889,PRINTER THERMAL,ZEBRA,ZD421,D6J222614702,ตึกผู้ป่วยนอก (OPD),2,ห้องจ่ายยา,,เภสัชกรรม,Active,โรงพยาบาลศูนย์อุดรธานี,อด 0033.1/380/2568 ลงวันที่ 26 สิงหาคม 2568,,,,2026-05-14 17:43:14,System,,,,,,COMPANY,,FALSE,TOTAL,UDH-00885
890,PRINTER THERMAL,ZEBRA,ZD421,D6J222614708,ตึกผู้ป่วยนอก (OPD),2,ห้องจ่ายยา,,เภสัชกรรม,Active,โรงพยาบาลศูนย์อุดรธานี,อด 0033.1/380/2568 ลงวันที่ 26 สิงหาคม 2568,,,,2026-05-14 17:43:14,System,,,,,,COMPANY,,FALSE,TOTAL,UDH-00886
891,PRINTER THERMAL,ZEBRA,ZD421,D6J222613550,ตึกผู้ป่วยนอก (OPD),2,ห้องจ่ายยา,,เภสัชกรรม,Active,โรงพยาบาลศูนย์อุดรธานี,อด 0033.1/380/2568 ลงวันที่ 26 สิงหาคม 2568,,,,2026-05-14 17:43:14,System,,,,,,COMPANY,,FALSE,TOTAL,UDH-00887
892,PRINTER THERMAL,ZEBRA,ZD421,D6J222700838,ตึกผู้ป่วยนอก (OPD),2,ห้องจ่ายยา,,เภสัชกรรม,Retired,โรงพยาบาลศูนย์อุดรธานี,อด 0033.1/380/2568 ลงวันที่ 26 สิงหาคม 2568,,,,2026-05-14 17:43:14,System,,,,,,COMPANY,,FALSE,TOTAL,UDH-00888
893,PRINTER THERMAL,ZEBRA,ZD421,D6J222700865,ตึกผู้ป่วยนอก (OPD),2,ห้องจ่ายยา,,เภสัชกรรม,Active,โรงพยาบาลศูนย์อุดรธานี,อด 0033.1/380/2568 ลงวันที่ 26 สิงหาคม 2568,,,,2026-05-14 17:43:14,System,,,,,,COMPANY,,FALSE,TOTAL,UDH-00889
894,PRINTER THERMAL,ZEBRA,ZD421,D6J222700911,ตึกผู้ป่วยนอก (OPD),2,ห้องจ่ายยา,,เภสัชกรรม,Active,โรงพยาบาลศูนย์อุดรธานี,อด 0033.1/380/2568 ลงวันที่ 26 สิงหาคม 2568,,,,2026-05-14 17:43:14,System,,,,,,COMPANY,,FALSE,TOTAL,UDH-00890
458,PRINTER THERMAL,ZEBRA,ZD421,D6J222613795,ตึกเชี่ยวชาญ,2,หอผู้ป่วยเคมีบำบัด (เมตตารักษ์),,มะเร็งวิทยา,Active,โรงพยาบาลศูนย์อุดรธานี,อด 0033.1/380/2568 ลงวันที่ 26 สิงหาคม 2568,,,,2026-05-14 17:43:14,System,,,,,,COMPANY,,FALSE,TOTAL,UDH-00454
895,PRINTER THERMAL,ZEBRA,ZD421,D6J222613785,ตึกผู้ป่วยนอก (OPD),2,ห้องจ่ายยา,,เภสัชกรรม,Active,โรงพยาบาลศูนย์อุดรธานี,อด 0033.1/380/2568 ลงวันที่ 26 สิงหาคม 2568,,,,2026-05-14 17:43:14,System,,,,,,COMPANY,,FALSE,TOTAL,UDH-00891
896,PRINTER THERMAL,ZEBRA,ZD421,D6J222614022,ตึกผู้ป่วยนอก (OPD),2,ห้องจ่ายยา,,เภสัชกรรม,Active,โรงพยาบาลศูนย์อุดรธานี,อด 0033.1/380/2568 ลงวันที่ 26 สิงหาคม 2568,,,,2026-05-14 17:43:14,System,,,,,,COMPANY,,FALSE,TOTAL,UDH-00892
897,PRINTER THERMAL,ZEBRA,ZD421,D6J222614745,ตึกผู้ป่วยนอก (OPD),2,ห้องจ่ายยา,,เภสัชกรรม,Active,โรงพยาบาลศูนย์อุดรธานี,อด 0033.1/380/2568 ลงวันที่ 26 สิงหาคม 2568,,,,2026-05-14 17:43:14,System,,,,,,COMPANY,,FALSE,TOTAL,UDH-00893
1019,BARCODE SCANNERS,ZEBRA,DS2208,S22149010552895,ตึกผู้ป่วยนอก (OPD),3,ห้องจ่ายยา,,เภสัชกรรม,Active,โรงพยาบาลศูนย์อุดรธานี,อด 0033.1/380/2568 ลงวันที่ 26 สิงหาคม 2568,,,,2026-05-14 17:43:14,System,,,,,,COMPANY,,FALSE,TOTAL,UDH-01015
1020,BARCODE SCANNERS,ZEBRA,DS2208,S22149010553961,ตึกผู้ป่วยนอก (OPD),3,ห้องจ่ายยา,,เภสัชกรรม,Active,โรงพยาบาลศูนย์อุดรธานี,อด 0033.1/380/2568 ลงวันที่ 26 สิงหาคม 2568,,,,2026-05-14 17:43:14,System,,,,,,COMPANY,,FALSE,TOTAL,UDH-01016
1021,BARCODE SCANNERS,ZEBRA,DS2208,S22149010552913,ตึกผู้ป่วยนอก (OPD),3,ห้องจ่ายยา,,เภสัชกรรม,Active,โรงพยาบาลศูนย์อุดรธานี,อด 0033.1/380/2568 ลงวันที่ 26 สิงหาคม 2568,,,,2026-05-14 17:43:14,System,,,,,,COMPANY,,FALSE,TOTAL,UDH-01017
1022,BARCODE SCANNERS,ZEBRA,DS2208,S22178010553513,ตึกผู้ป่วยนอก (OPD),3,ห้องจ่ายยา,,เภสัชกรรม,Active,โรงพยาบาลศูนย์อุดรธานี,อด 0033.1/380/2568 ลงวันที่ 26 สิงหาคม 2568,,,,2026-05-14 17:43:14,System,,,,,,COMPANY,,FALSE,TOTAL,UDH-01018
1023,BARCODE SCANNERS,ZEBRA,DS2208,S22149010552825,ตึกผู้ป่วยนอก (OPD),3,ห้องจ่ายยา,,เภสัชกรรม,Active,โรงพยาบาลศูนย์อุดรธานี,อด 0033.1/380/2568 ลงวันที่ 26 สิงหาคม 2568,,,,2026-05-14 17:43:14,System,,,,,,COMPANY,,FALSE,TOTAL,UDH-01019
1024,BARCODE SCANNERS,ZEBRA,DS2208,S22178010553490,ตึกผู้ป่วยนอก (OPD),3,ห้องจ่ายยา,,เภสัชกรรม,Active,โรงพยาบาลศูนย์อุดรธานี,อด 0033.1/380/2568 ลงวันที่ 26 สิงหาคม 2568,,,,2026-05-14 17:43:14,System,,,,,,COMPANY,,FALSE,TOTAL,UDH-01020
468,SCANNERS,CANON,DR-C230,JA491755,ตึกเชี่ยวชาญ,2,หน่วยเคมีบำบัดแบบไม่ค้างคืน,,มะเร็งวิทยา,Active,โรงพยาบาลศูนย์อุดรธานี,อด 0033.1/380/2568 ลงวันที่ 26 สิงหาคม 2568,,,,2026-05-14 17:43:14,System,,,,,,COMPANY,,FALSE,TOTAL,UDH-00464
1025,BARCODE SCANNERS,ZEBRA,DS2208,S22178010553500,ตึกผู้ป่วยนอก (OPD),3,ห้องจ่ายยา,,เภสัชกรรม,Active,โรงพยาบาลศูนย์อุดรธานี,อด 0033.1/380/2568 ลงวันที่ 26 สิงหาคม 2568,,,,2026-05-14 17:43:14,System,,,,,,COMPANY,,FALSE,TOTAL,UDH-01021
1026,BARCODE SCANNERS,ZEBRA,DS2208,S22150010551639,ตึกผู้ป่วยนอก (OPD),3,ห้องจ่ายยา,,เภสัชกรรม,Active,โรงพยาบาลศูนย์อุดรธานี,อด 0033.1/380/2568 ลงวันที่ 26 สิงหาคม 2568,,,,2026-05-14 17:43:14,System,,,,,,COMPANY,,FALSE,TOTAL,UDH-01022
1027,BARCODE SCANNERS,ZEBRA,DS2208,S22178010553988,ตึกผู้ป่วยนอก (OPD),3,ห้องจ่ายยา,,เภสัชกรรม,Active,โรงพยาบาลศูนย์อุดรธานี,อด 0033.1/380/2568 ลงวันที่ 26 สิงหาคม 2568,,,,2026-05-14 17:43:14,System,,,,,,COMPANY,,FALSE,TOTAL,UDH-01023
1028,BARCODE SCANNERS,ZEBRA,DS2208,S22178010553994,ตึกผู้ป่วยนอก (OPD),3,ห้องจ่ายยา,,เภสัชกรรม,Active,โรงพยาบาลศูนย์อุดรธานี,อด 0033.1/380/2568 ลงวันที่ 26 สิงหาคม 2568,,,,2026-05-14 17:43:14,System,,,,,,COMPANY,,FALSE,TOTAL,UDH-01024
473,BARCODE SCANNERS,ZEBRA,DS2208,S22176010554016,ตึกเชี่ยวชาญ,3,CVT Ward,,ศัลยกรรมหัวใจและทรวงอก,Active,โรงพยาบาลศูนย์อุดรธานี,อด 0033.1/380/2568 ลงวันที่ 26 สิงหาคม 2568,,,,2026-05-14 17:43:14,System,,,,,,COMPANY,,FALSE,TOTAL,UDH-00469
474,BARCODE SCANNERS,ZEBRA,DS2208,S22178010553525,ตึกเชี่ยวชาญ,3,CVT Ward,,ศัลยกรรมหัวใจและทรวงอก,Active,โรงพยาบาลศูนย์อุดรธานี,อด 0033.1/380/2568 ลงวันที่ 26 สิงหาคม 2568,,,,2026-05-14 17:43:14,System,,,,,,COMPANY,,FALSE,TOTAL,UDH-00470
475,BARCODE SCANNERS,ZEBRA,DS2208,S22176010553169,ตึกเชี่ยวชาญ,3,CVT Ward,,ศัลยกรรมหัวใจและทรวงอก,Active,โรงพยาบาลศูนย์อุดรธานี,อด 0033.1/380/2568 ลงวันที่ 26 สิงหาคม 2568,,,,2026-05-14 17:43:14,System,,,,,,COMPANY,,FALSE,TOTAL,UDH-00471
476,BARCODE SCANNERS,ZEBRA,DS2208,S22176010553172,ตึกเชี่ยวชาญ,3,CVT Ward,,ศัลยกรรมหัวใจและทรวงอก,Active,โรงพยาบาลศูนย์อุดรธานี,อด 0033.1/380/2568 ลงวันที่ 26 สิงหาคม 2568,,,,2026-05-14 17:43:14,System,,,,,,COMPANY,,FALSE,TOTAL,UDH-00472
477,BARCODE SCANNERS,ZEBRA,DS2208,S22176010553160,ตึกเชี่ยวชาญ,3,แผนกอายุรกรรมหัวใจ ,,อายุรกรรมหัวใจ,Active,โรงพยาบาลศูนย์อุดรธานี,อด 0033.1/380/2568 ลงวันที่ 26 สิงหาคม 2568,,,,2026-05-14 17:43:14,System,,,,,,COMPANY,,FALSE,TOTAL,UDH-00473
478,BARCODE SCANNERS,ZEBRA,DS2208,S22176010553164,ตึกเชี่ยวชาญ,3,แผนกอายุรกรรมหัวใจ ,,อายุรกรรมหัวใจ,Active,โรงพยาบาลศูนย์อุดรธานี,อด 0033.1/380/2568 ลงวันที่ 26 สิงหาคม 2568,,,,2026-05-14 17:43:14,System,,,,,,COMPANY,,FALSE,TOTAL,UDH-00474
479,BARCODE SCANNERS,ZEBRA,DS2208,S22176010553235,ตึกเชี่ยวชาญ,3,ศัลยกรรมหลอดเลือดสมอง,,ศัลยกรรม,Active,โรงพยาบาลศูนย์อุดรธานี,อด 0033.1/380/2568 ลงวันที่ 26 สิงหาคม 2568,,,,2026-05-14 17:43:14,System,,,,,,COMPANY,,FALSE,TOTAL,UDH-00475
480,BARCODE SCANNERS,ZEBRA,DS2208,S22176010553227,ตึกเชี่ยวชาญ,3,ศัลยกรรมหลอดเลือดสมอง,,ศัลยกรรม,Active,โรงพยาบาลศูนย์อุดรธานี,อด 0033.1/380/2568 ลงวันที่ 26 สิงหาคม 2568,,,,2026-05-14 17:43:14,System,,,,,,COMPANY,,FALSE,TOTAL,UDH-00476
481,BARCODE SCANNERS,ZEBRA,DS2208,S22176010553223,ตึกเชี่ยวชาญ,3,ศัลยกรรมหลอดเลือดสมอง,,ศัลยกรรม,Active,โรงพยาบาลศูนย์อุดรธานี,อด 0033.1/380/2568 ลงวันที่ 26 สิงหาคม 2568,,,,2026-05-14 17:43:14,System,,,,,,COMPANY,,FALSE,TOTAL,UDH-00477
482,BARCODE SCANNERS,ZEBRA,DS2208,S22178010553532,ตึกเชี่ยวชาญ,3,แผนกอายุรกรรมหัวใจ ,พิเศษ,อายุรกรรมหัวใจ,Active,โรงพยาบาลศูนย์อุดรธานี,อด 0033.1/380/2568 ลงวันที่ 26 สิงหาคม 2568,,,,2026-05-14 17:43:14,System,,,,,,COMPANY,,FALSE,TOTAL,UDH-00478
483,BARCODE SCANNERS,ZEBRA,DS2208,S22176010553168,ตึกเชี่ยวชาญ,3,แผนกอายุรกรรมหัวใจ ,พิเศษ,อายุรกรรมหัวใจ,Active,โรงพยาบาลศูนย์อุดรธานี,อด 0033.1/380/2568 ลงวันที่ 26 สิงหาคม 2568,,,,2026-05-14 17:43:14,System,,,,,,COMPANY,,FALSE,TOTAL,UDH-00479
484,PRINTER INKJET AIO,EPSON,L5290,X8H2029564,ตึก 69 ปี,2,หอผู้ป่วยตา หู คอ จมูก หญิง,,โสต ศอ นาสิกแพทย์ และจักษุแพทย์,Active,โรงพยาบาลศูนย์อุดรธานี,อด 0033.1/380/2568 ลงวันที่ 26 สิงหาคม 2568,,,,2026-06-03 21:35:01,nikorn2527@gmail.com,,,2026-06-04,,,COMPANY,,TRUE,TOTAL,UDH-00480
485,PRINTER INKJET AIO,EPSON,L5290,X8H2024861,ตึกเชี่ยวชาญ,3,แผนกอายุรกรรมหัวใจ,,อายุรกรรมหัวใจ,Active,โรงพยาบาลศูนย์อุดรธานี,อด 0033.1/380/2568 ลงวันที่ 26 สิงหาคม 2568,,,,2026-05-14 17:43:14,System,,,,,,COMPANY,,TRUE,TOTAL,UDH-00481
486,PRINTER INKJET AIO,EPSON,L5290,X8H2029209,ตึกเชี่ยวชาญ,3,แผนกอายุรกรรมหัวใจ,,อายุรกรรมหัวใจ,Active,โรงพยาบาลศูนย์อุดรธานี,อด 0033.1/380/2568 ลงวันที่ 26 สิงหาคม 2568,,,,2026-05-14 17:43:14,System,,,,,,COMPANY,,TRUE,TOTAL,UDH-00482
487,PRINTER INKJET AIO,EPSON,L5290,X8H2027551,ตึกเชี่ยวชาญ,3,ศัลยกรรมหลอดเลือดสมอง,,ศัลยกรรม,Active,โรงพยาบาลศูนย์อุดรธานี,อด 0033.1/380/2568 ลงวันที่ 26 สิงหาคม 2568,,,,2026-05-14 17:43:14,System,,,,,,COMPANY,,TRUE,TOTAL,UDH-00483
488,PRINTER INKJET AIO,EPSON,L5290,X8H2028220,ตึกเชี่ยวชาญ,3,CVT Ward,,ศัลยกรรมหัวใจและทรวงอก,Active,โรงพยาบาลศูนย์อุดรธานี,อด 0033.1/380/2568 ลงวันที่ 26 สิงหาคม 2568,,,,2026-05-14 17:43:14,System,,,,,,COMPANY,,TRUE,TOTAL,UDH-00484
489,PRINTER INKJET AIO,EPSON,L5290,X8H2029438,ตึกเชี่ยวชาญ,3,แผนกอายุรกรรมหัวใจ ,ห้องประชุม,อายุรกรรมหัวใจ,Active,โรงพยาบาลศูนย์อุดรธานี,อด 0033.1/380/2568 ลงวันที่ 26 สิงหาคม 2568,,,,2026-05-14 17:43:14,System,,,,,,COMPANY,,TRUE,TOTAL,UDH-00485
490,PRINTER INKJET AIO,EPSON,L5290,X8H2029568,ตึกเชี่ยวชาญ,3,แผนกอายุรกรรมหัวใจ ,พิเศษ,อายุรกรรมหัวใจ,Active,โรงพยาบาลศูนย์อุดรธานี,อด 0033.1/380/2568 ลงวันที่ 26 สิงหาคม 2568,,,,2026-05-14 17:43:14,System,,,,,,COMPANY,,TRUE,TOTAL,UDH-00486
491,PRINTER INKJET AIO,EPSON,L5290,X8H2027127,ตึกเชี่ยวชาญ,3,แผนกอายุรกรรมหัวใจ ,ห้องหัวหน้า,อายุรกรรมหัวใจ,Active,โรงพยาบาลศูนย์อุดรธานี,อด 0033.1/380/2568 ลงวันที่ 26 สิงหาคม 2568,,,,2026-05-14 17:43:14,System,,,,,,COMPANY,,TRUE,TOTAL,UDH-00487
492,PRINTER THERMAL,ZEBRA,ZD421,D6J222613578,ตึกเชี่ยวชาญ,3,แผนกอายุรกรรมหัวใจ ,,อายุรกรรมหัวใจ,Active,โรงพยาบาลศูนย์อุดรธานี,อด 0033.1/380/2568 ลงวันที่ 26 สิงหาคม 2568,,,,2026-05-14 17:43:14,System,,,,,,COMPANY,,FALSE,TOTAL,UDH-00488
493,PRINTER THERMAL,ZEBRA,ZD421,D6J222700904,ตึกเชี่ยวชาญ,3,แผนกอายุรกรรมหัวใจ ,,อายุรกรรมหัวใจ,Active,โรงพยาบาลศูนย์อุดรธานี,อด 0033.1/380/2568 ลงวันที่ 26 สิงหาคม 2568,,,,2026-05-14 17:43:14,System,,,,,,COMPANY,,FALSE,TOTAL,UDH-00489
494,PRINTER THERMAL,ZEBRA,ZD421,D6J222700856,ตึกเชี่ยวชาญ,3,ศัลยกรรมหลอดเลือดสมอง,,ศัลยกรรม,Active,โรงพยาบาลศูนย์อุดรธานี,อด 0033.1/380/2568 ลงวันที่ 26 สิงหาคม 2568,,,,2026-05-14 17:43:14,System,,,,,,COMPANY,,FALSE,TOTAL,UDH-00490
495,PRINTER THERMAL,ZEBRA,ZD421,D6J222613665,ตึกเชี่ยวชาญ,3,ศัลยกรรมหลอดเลือดสมอง,,ศัลยกรรม,Active,โรงพยาบาลศูนย์อุดรธานี,อด 0033.1/380/2568 ลงวันที่ 26 สิงหาคม 2568,,,,2026-05-14 17:43:14,System,,,,,,COMPANY,,FALSE,TOTAL,UDH-00491
496,PRINTER THERMAL,ZEBRA,ZD421,D6J222614743,ตึกเชี่ยวชาญ,3,ศัลยกรรมหลอดเลือดสมอง,,ศัลยกรรม,Active,โรงพยาบาลศูนย์อุดรธานี,อด 0033.1/380/2568 ลงวันที่ 26 สิงหาคม 2568,,,,2026-05-14 17:43:14,System,,,,,,COMPANY,,FALSE,TOTAL,UDH-00492
497,PRINTER THERMAL,ZEBRA,ZD421,D6J222614692,ตึกเชี่ยวชาญ,3,แผนกอายุรกรรมหัวใจ ,พิเศษ,อายุรกรรมหัวใจ,Retired,โรงพยาบาลศูนย์อุดรธานี,อด 0033.1/380/2568 ลงวันที่ 26 สิงหาคม 2568,,,,2026-06-15 09:11:55,nikorn2527@gmail.com,,,,2026-06-15,,COMPANY,,FALSE,TOTAL,UDH-00493
498,SCANNERS,CANON,DR-C230,JA491929,ตึกเชี่ยวชาญ,3,CVT Ward,,ศัลยกรรมหัวใจและทรวงอก,Active,โรงพยาบาลศูนย์อุดรธานี,อด 0033.1/380/2568 ลงวันที่ 26 สิงหาคม 2568,,,,2026-05-14 17:43:14,System,,,,,,COMPANY,,FALSE,TOTAL,UDH-00494
499,SCANNERS,CANON,DR-C230,JA491973,ตึกเชี่ยวชาญ,3,แผนกอายุรกรรมหัวใจ ,,อายุรกรรมหัวใจ,Active,โรงพยาบาลศูนย์อุดรธานี,อด 0033.1/380/2568 ลงวันที่ 26 สิงหาคม 2568,,,,2026-05-14 17:43:14,System,,,,,,COMPANY,,FALSE,TOTAL,UDH-00495
500,SCANNERS,CANON,DR-C230,JA491776,ตึกเชี่ยวชาญ,3,ศัลยกรรมหลอดเลือดสมอง,,ศัลยกรรม,Active,โรงพยาบาลศูนย์อุดรธานี,อด 0033.1/380/2568 ลงวันที่ 26 สิงหาคม 2568,,,,2026-05-14 17:43:14,System,,,,,,COMPANY,,FALSE,TOTAL,UDH-00496
1048,BARCODE SCANNERS,ZEBRA,DS2208,S22149010552930,ตึก 69 ปี,1,ห้องจ่ายยา,ตึก 69,เภสัชกรรม,Active,โรงพยาบาลศูนย์อุดรธานี,อด 0033.1/380/2568 ลงวันที่ 26 สิงหาคม 2568,,,,2026-06-24 11:05:09,nikorn2527@gmail.com,,,,,,COMPANY,,FALSE,TOTAL,UDH-01044
1049,BARCODE SCANNERS,ZEBRA,DS2208,S22179010552103,ตึก 69 ปี,1,ห้องจ่ายยา,ตึก 69,เภสัชกรรม,Active,โรงพยาบาลศูนย์อุดรธานี,อด 0033.1/380/2568 ลงวันที่ 26 สิงหาคม 2568,,,,2026-06-24 11:05:09,nikorn2527@gmail.com,,,,,,COMPANY,,FALSE,TOTAL,UDH-01045
1059,PRINTER INKJET AIO,EPSON,L5290,X8H2029434,ตึกผู้ป่วยนอก (OPD),3,ห้องจ่ายยา,,เภสัชกรรม,Active,โรงพยาบาลศูนย์อุดรธานี,อด 0033.1/380/2568 ลงวันที่ 26 สิงหาคม 2568,,,,2026-05-14 17:43:14,System,,,,,,COMPANY,,TRUE,TOTAL,UDH-01055
1060,PRINTER INKJET AIO,EPSON,L5190,X5NY055387,ตึกผู้ป่วยนอก (OPD),3,ห้องจ่ายยา,,เภสัชกรรม,Retired,โรงพยาบาลศูนย์อุดรธานี,อด 0033.1/380/2568 ลงวันที่ 26 สิงหาคม 2568,,,,2026-07-21 13:13:53,bie3110greedisgood@gmail.con,,,,2026-07-21,,COMPANY,,TRUE,TOTAL,UDH-01056
1107,PRINTER THERMAL,ZEBRA,ZD421,D6J222613770,ตึกผู้ป่วยนอก (OPD),3,ห้องจ่ายยา,,เภสัชกรรม,Active,โรงพยาบาลศูนย์อุดรธานี,อด 0033.1/380/2568 ลงวันที่ 26 สิงหาคม 2568,,,,2026-05-14 17:43:14,System,,,,,,COMPANY,,FALSE,TOTAL,UDH-01103
1108,PRINTER THERMAL,ZEBRA,ZD421,D6J222614710,ตึกผู้ป่วยนอก (OPD),3,ห้องจ่ายยา,,เภสัชกรรม,Active,โรงพยาบาลศูนย์อุดรธานี,อด 0033.1/380/2568 ลงวันที่ 26 สิงหาคม 2568,,,,2026-05-14 17:43:14,System,,,,,,COMPANY,,FALSE,TOTAL,UDH-01104
507,PRINTER LASER,SAMSUNG,M4020ND,CNB3L1PSD4,ตึกเชี่ยวชาญ,4,หน่วยส่องกล้องระบบทางเดินหายใจ,,อายุรกรรมโรคปอดและระบบทางเดินหายใจ,Active,โรงพยาบาลศูนย์อุดรธานี,อด 0033.1/380/2568 ลงวันที่ 26 สิงหาคม 2568,,,,2026-05-14 17:43:14,System,,,,,,COMPANY,,TRUE,TOTAL,UDH-00503
1109,PRINTER THERMAL,ZEBRA,ZD421,D6J222613719,ตึกผู้ป่วยนอก (OPD),3,ห้องจ่ายยา,,เภสัชกรรม,Active,โรงพยาบาลศูนย์อุดรธานี,อด 0033.1/380/2568 ลงวันที่ 26 สิงหาคม 2568,,,,2026-05-14 17:43:14,System,,,,,,COMPANY,,FALSE,TOTAL,UDH-01105
1110,PRINTER THERMAL,ZEBRA,ZD421,D6J222614735,ตึกผู้ป่วยนอก (OPD),3,ห้องจ่ายยา,,เภสัชกรรม,Retired,โรงพยาบาลศูนย์อุดรธานี,อด 0033.1/380/2568 ลงวันที่ 26 สิงหาคม 2568,,,,2026-05-14 17:43:14,System,,,,,,COMPANY,,FALSE,TOTAL,UDH-01106
1111,PRINTER THERMAL,ZEBRA,ZD421,D6J222613727,ตึกผู้ป่วยนอก (OPD),3,ห้องจ่ายยา,,เภสัชกรรม,Active,โรงพยาบาลศูนย์อุดรธานี,อด 0033.1/380/2568 ลงวันที่ 26 สิงหาคม 2568,,,,2026-05-14 17:43:14,System,,,,,,COMPANY,,FALSE,TOTAL,UDH-01107
1112,PRINTER THERMAL,ZEBRA,ZD421,D6J222702205,ตึกผู้ป่วยนอก (OPD),3,ห้องจ่ายยา,,เภสัชกรรม,Active,โรงพยาบาลศูนย์อุดรธานี,อด 0033.1/380/2568 ลงวันที่ 26 สิงหาคม 2568,,,,2026-05-14 17:43:14,System,,,,,,COMPANY,,FALSE,TOTAL,UDH-01108
1113,PRINTER THERMAL,ZEBRA,ZD421,D6J222613129,ตึกผู้ป่วยนอก (OPD),3,ห้องจ่ายยา,,เภสัชกรรม,Active,โรงพยาบาลศูนย์อุดรธานี,อด 0033.1/380/2568 ลงวันที่ 26 สิงหาคม 2568,,,,2026-05-14 17:43:14,System,,,,,,COMPANY,,FALSE,TOTAL,UDH-01109
1114,PRINTER THERMAL,ZEBRA,ZD421,D6J22613099,ตึกผู้ป่วยนอก (OPD),3,ห้องจ่ายยา,,เภสัชกรรม,Active,โรงพยาบาลศูนย์อุดรธานี,อด 0033.1/380/2568 ลงวันที่ 26 สิงหาคม 2568,,,,2026-05-14 17:43:14,System,,,,,,COMPANY,,FALSE,TOTAL,UDH-01110
1242,PRINTER INKJET AIO,EPSON,L5290,X8H2029057,ตึกคลังพัสดุ (ใหม่),1,ห้องจ่ายยา,ห้องยาสีเขียว,เภสัชกรรม,Retired,โรงพยาบาลศูนย์อุดรธานี,อด 0033.1/380/2568 ลงวันที่ 26 สิงหาคม 2568,,,,2026-06-24 11:08:27,nikorn2527@gmail.com,,,,2026-06-11,,COMPANY,,TRUE,TOTAL,UDH-01238
1244,PRINTER INKJET AIO,EPSON,L5290,X8H2024862,ตึกผู้ป่วยนอก (OPD),2,ห้องจ่ายยา,,เภสัชกรรม,Active,โรงพยาบาลศูนย์อุดรธานี,อด 0033.1/380/2568 ลงวันที่ 26 สิงหาคม 2568,,,,2026-05-14 17:43:14,System,,,,,,COMPANY,,TRUE,TOTAL,UDH-01240
516,BARCODE SCANNERS,ZEBRA,DS2208,S22149010552828,ตึกเชี่ยวชาญ,5,ธุรการ,OR,บริหาร/ยุทธศาสตร์,Active,โรงพยาบาลศูนย์อุดรธานี,อด 0033.1/380/2568 ลงวันที่ 26 สิงหาคม 2568,,,,2026-05-14 17:43:14,System,,,,,,COMPANY,,FALSE,TOTAL,UDH-00512
517,BARCODE SCANNERS,ZEBRA,DS2208,S22149010552939,ตึกเชี่ยวชาญ,5,ธุรการ,OR,บริหาร/ยุทธศาสตร์,Active,โรงพยาบาลศูนย์อุดรธานี,อด 0033.1/380/2568 ลงวันที่ 26 สิงหาคม 2568,,,,2026-05-14 17:43:14,System,,,,,,COMPANY,,FALSE,TOTAL,UDH-00513
518,BARCODE SCANNERS,ZEBRA,DS2208,S22149010552830,ตึกเชี่ยวชาญ,5,ธุรการ,OR,บริหาร/ยุทธศาสตร์,Active,โรงพยาบาลศูนย์อุดรธานี,อด 0033.1/380/2568 ลงวันที่ 26 สิงหาคม 2568,,,,2026-05-14 17:43:14,System,,,,,,COMPANY,,FALSE,TOTAL,UDH-00514
1335,PRINTER LASER AIO,HP,MFPM227FDN,VNH4303492,ตึกผู้ป่วยนอก (OPD),4,ห้องจ่ายยา,,เภสัชกรรม,Active,โรงพยาบาลศูนย์อุดรธานี,อด 0033.1/380/2568 ลงวันที่ 26 สิงหาคม 2568,,,,2026-05-14 17:43:14,System,,,,,,COMPANY,,TRUE,TOTAL,UDH-01331
1538,PRINTER INKJET AIO,EPSON,L5290,X8H2029056,ตึกยานยนต์,1,ห้องจ่ายยา,ห้องยาสีเขียว,เภสัชกรรม,Active,โรงพยาบาลศูนย์อุดรธานี,อด 0033.1/380/2568 ลงวันที่ 26 สิงหาคม 2568,,,,2026-06-24 11:08:27,nikorn2527@gmail.com,,,,,,COMPANY,,TRUE,TOTAL,UDH-01534
1539,PRINTER INKJET AIO,EPSON,L5290,X8H2029425,ตึกยานยนต์,1,ห้องจ่ายยา,ห้องยาสีเขียว,เภสัชกรรม,Active,โรงพยาบาลศูนย์อุดรธานี,อด 0033.1/380/2568 ลงวันที่ 26 สิงหาคม 2568,,,,2026-06-24 11:08:27,nikorn2527@gmail.com,,,,,,COMPANY,,TRUE,TOTAL,UDH-01535
1910,PRINTER THERMAL,ZEBRA,ZD421,D6J222613530,ตึก 69 ปี,1,ห้องจ่ายยา,ตึก 69,เภสัชกรรม,Active,โรงพยาบาลศูนย์อุดรธานี,อด 0033.1/380/2568 ลงวันที่ 26 สิงหาคม 2568,,,,2026-06-24 11:05:09,nikorn2527@gmail.com,,,,,,COMPANY,,FALSE,TOTAL,UDH-01899
523,PRINTER INKJET AIO,EPSON,L5290,X8H2029028,ตึกเชี่ยวชาญ,5,ธุรการ,OR,,Retired,โรงพยาบาลศูนย์อุดรธานี,อด 0033.1/380/2568 ลงวันที่ 26 สิงหาคม 2568,,,,2026-06-12 13:17:10,nikorn2527@gmail.com,,,,2026-06-11,,COMPANY,,TRUE,TOTAL,UDH-00519
524,PRINTER INKJET AIO,EPSON,L5290,X8H2029233,ตึกเชี่ยวชาญ,5,ธุรการ,OR,บริหาร/ยุทธศาสตร์,Active,โรงพยาบาลศูนย์อุดรธานี,อด 0033.1/380/2568 ลงวันที่ 26 สิงหาคม 2568,,,,2026-05-14 17:43:14,System,,,,,,COMPANY,,TRUE,TOTAL,UDH-00520
1924,PRINTER INKJET AIO,EPSON,L5290,X8H2027573,ตึกเชี่ยวชาญ,2,ห้องจ่ายยา,,เภสัชกรรม,Active,โรงพยาบาลศูนย์อุดรธานี,อด 0033.1/380/2568 ลงวันที่ 26 สิงหาคม 2568,,,,2026-05-27 02:41:10,nikorn2527@gmail.com,,,,,,COMPANY,,TRUE,TOTAL,UDH-01913
1926,PRINTER INKJET AIO,EPSON,L5290,X8H2029112,ตึกผู้ป่วยนอก (OPD),4,ห้องจ่ายยา,,เภสัชกรรม,Active,โรงพยาบาลศูนย์อุดรธานี,อด 0033.1/380/2568 ลงวันที่ 26 สิงหาคม 2568,,,,2026-05-14 17:43:14,System,,,,,,COMPANY,,TRUE,TOTAL,UDH-01915
1987,PRINTER THERMAL,TSC,TE200,TEA24330015,ตึกผู้ป่วยนอก (OPD),4,ห้องจ่ายยา,,เภสัชกรรม,Active,โรงพยาบาลศูนย์อุดรธานี,อด 0033.1/380/2568 ลงวันที่ 26 สิงหาคม 2568,,,,2026-05-14 17:43:14,System,,,,,,COMPANY,,FALSE,TOTAL,UDH-01976
1990,PRINTER THERMAL,TSC,TE200,TEA24330040,ตึกผู้ป่วยนอก (OPD),4,ห้องจ่ายยา,,เภสัชกรรม,Active,โรงพยาบาลศูนย์อุดรธานี,อด 0033.1/380/2568 ลงวันที่ 26 สิงหาคม 2568,,,,2026-05-14 17:43:14,System,,,,,,COMPANY,,FALSE,TOTAL,UDH-01979
1993,PRINTER THERMAL,TSC,TE200,TEA24330030,ตึกผู้ป่วยนอก (OPD),4,ห้องจ่ายยา,,เภสัชกรรม,Active,โรงพยาบาลศูนย์อุดรธานี,อด 0033.1/380/2568 ลงวันที่ 26 สิงหาคม 2568,,,,2026-05-14 17:43:14,System,,,,,,COMPANY,,FALSE,TOTAL,UDH-01982
1999,PRINTER THERMAL,TSC,TE200,TEA24290012,ตึก 69 ปี,1,ห้องจ่ายยา,ตึก 69,เภสัชกรรม,Active,โรงพยาบาลศูนย์อุดรธานี,อด 0033.1/380/2568 ลงวันที่ 26 สิงหาคม 2568,,,,2026-06-24 11:05:09,nikorn2527@gmail.com,,,,,,COMPANY,,FALSE,TOTAL,UDH-01988
2003,PRINTER THERMAL,HONEYWELL,PC42E-T,25058W071C,ตึกผู้ป่วยนอก (OPD),4,ห้องจ่ายยา,,เภสัชกรรม,Active,โรงพยาบาลศูนย์อุดรธานี,อด 0033.1/380/2568 ลงวันที่ 26 สิงหาคม 2568,,,,2026-05-14 17:43:14,System,,,,,,COMPANY,,FALSE,TOTAL,UDH-01992
2004,PRINTER THERMAL,HONEYWELL,PC42E-T,25058W04C9,ตึก 69 ปี,1,ห้องจ่ายยา,ตึก 69,เภสัชกรรม,Active,โรงพยาบาลศูนย์อุดรธานี,อด 0033.1/380/2568 ลงวันที่ 26 สิงหาคม 2568,,,,2026-06-24 11:05:09,nikorn2527@gmail.com,,,,,,COMPANY,,FALSE,TOTAL,UDH-01993
2012,PRINTER THERMAL,HONEYWELL,PC42E-T,25058W082E,ตึก 69 ปี,1,ห้องจ่ายยา,ตึก 69,เภสัชกรรม,Active,โรงพยาบาลศูนย์อุดรธานี,อด 0033.1/380/2568 ลงวันที่ 26 สิงหาคม 2568,,,,2026-06-24 11:05:09,nikorn2527@gmail.com,,,,,,COMPANY,,FALSE,TOTAL,UDH-01999
2013,PRINTER THERMAL,HONEYWELL,PC42E-T,25058W03F4,ตึกผู้ป่วยนอก (OPD),3,ห้องจ่ายยา,,เภสัชกรรม,Active,โรงพยาบาลศูนย์อุดรธานี,อด 0033.1/380/2568 ลงวันที่ 26 สิงหาคม 2568,,,,2026-05-14 17:43:14,System,,,,,,COMPANY,,FALSE,TOTAL,UDH-02000
2014,PRINTER THERMAL,HONEYWELL,PC42E-T,25058W07D5,ตึก 69 ปี,1,ห้องจ่ายยา,ตึก 69,เภสัชกรรม,Active,โรงพยาบาลศูนย์อุดรธานี,อด 0033.1/380/2568 ลงวันที่ 26 สิงหาคม 2568,,,,2026-06-24 11:05:09,nikorn2527@gmail.com,,,,,,COMPANY,,FALSE,TOTAL,UDH-02001
2051,PRINTER LASER,OKI,ES5112,BW21011781C0,ตึกผู้ป่วยนอก (OPD),4,ห้องจ่ายยา,,เภสัชกรรม,Active,โรงพยาบาลศูนย์อุดรธานี,อด 0033.1/380/2568 ลงวันที่ 26 สิงหาคม 2568,,,,2026-05-14 17:43:14,System,,,,,,COMPANY,,TRUE,TOTAL,UDH-02027
2053,BARCODE SCANNERS,ZEBRA,DS2208,S22178010553627,ตึกผู้ป่วยนอก (OPD),4,ห้องจ่ายยา,,เภสัชกรรม,Active,โรงพยาบาลศูนย์อุดรธานี,อด 0033.1/380/2568 ลงวันที่ 26 สิงหาคม 2568,,,,2026-05-14 17:43:14,System,,,,,,COMPANY,,FALSE,TOTAL,UDH-02029
538,BARCODE SCANNERS,ZEBRA,DS2208,S22149010555304,ตึกเชี่ยวชาญ,6,CVT Cath Lab,,ศัลยกรรมหัวใจและทรวงอก,Active,โรงพยาบาลศูนย์อุดรธานี,อด 0033.1/380/2568 ลงวันที่ 26 สิงหาคม 2568,,,,2026-05-14 17:43:14,System,,,,,,COMPANY,,FALSE,TOTAL,UDH-00534
539,BARCODE SCANNERS,ZEBRA,DS2208,S22150010551664,ตึกเชี่ยวชาญ,6,CVT Cath Lab,,ศัลยกรรมหัวใจและทรวงอก,Active,โรงพยาบาลศูนย์อุดรธานี,อด 0033.1/380/2568 ลงวันที่ 26 สิงหาคม 2568,,,,2026-05-14 17:43:14,System,,,,,,COMPANY,,FALSE,TOTAL,UDH-00535
540,BARCODE SCANNERS,ZEBRA,DS2208,S22150010551661,ตึกเชี่ยวชาญ,6,CVT Cath Lab,,ศัลยกรรมหัวใจและทรวงอก,Active,โรงพยาบาลศูนย์อุดรธานี,อด 0033.1/380/2568 ลงวันที่ 26 สิงหาคม 2568,,,,2026-05-14 17:43:14,System,,,,,,COMPANY,,FALSE,TOTAL,UDH-00536
541,BARCODE SCANNERS,ZEBRA,DS2208,S22149010555159,ตึกเชี่ยวชาญ,6,CVT ICU,,ศัลยกรรมหัวใจและทรวงอก,Active,โรงพยาบาลศูนย์อุดรธานี,อด 0033.1/380/2568 ลงวันที่ 26 สิงหาคม 2568,,,,2026-05-14 17:43:14,System,,,,,,COMPANY,,FALSE,TOTAL,UDH-00537
542,BARCODE SCANNERS,ZEBRA,DS2208,S22149010555165,ตึกเชี่ยวชาญ,6,CVT ICU,,ศัลยกรรมหัวใจและทรวงอก,Active,โรงพยาบาลศูนย์อุดรธานี,อด 0033.1/380/2568 ลงวันที่ 26 สิงหาคม 2568,,,,2026-05-14 17:43:14,System,,,,,,COMPANY,,FALSE,TOTAL,UDH-00538
543,BARCODE SCANNERS,ZEBRA,DS2208,S22150010551689,ตึกเชี่ยวชาญ,6,CVT Cath Lab,ห้องประชุม,ศัลยกรรมหัวใจและทรวงอก,Active,โรงพยาบาลศูนย์อุดรธานี,อด 0033.1/380/2568 ลงวันที่ 26 สิงหาคม 2568,,,,2026-05-14 17:43:14,System,,,,,,COMPANY,,FALSE,TOTAL,UDH-00539
544,BARCODE SCANNERS,ZEBRA,DS2208,S22149010555154,ตึกเชี่ยวชาญ,6,CVT Cath Lab,,ศัลยกรรมหัวใจและทรวงอก,Active,โรงพยาบาลศูนย์อุดรธานี,อด 0033.1/380/2568 ลงวันที่ 26 สิงหาคม 2568,,,,2026-05-14 17:43:14,System,,,,,,COMPANY,,FALSE,TOTAL,UDH-00540
545,PRINTER INKJET AIO,EPSON,L5290,X8H2029155,ตึกเชี่ยวชาญ,6,CVT ICU,,ศัลยกรรมหัวใจและทรวงอก,Active,โรงพยาบาลศูนย์อุดรธานี,อด 0033.1/380/2568 ลงวันที่ 26 สิงหาคม 2568,,,,2026-05-14 17:43:14,System,,,,,,COMPANY,,TRUE,TOTAL,UDH-00541
546,PRINTER INKJET AIO,EPSON,L5290,X8H2029231,ตึกผู้ป่วยนอก (OPD),1,แผนกประชาสัมพันธ์,,บริหาร/ยุทธศาสตร์,Active,โรงพยาบาลศูนย์อุดรธานี,อด 0033.1/380/2568 ลงวันที่ 26 สิงหาคม 2568,,,,2026-05-14 17:43:14,System,,,,,,COMPANY,,TRUE,TOTAL,UDH-00542
547,PRINTER INKJET AIO,EPSON,L5290,X8H2029420,ตึกเชี่ยวชาญ,6,CVT ICU,,ศัลยกรรมหัวใจและทรวงอก,Active,โรงพยาบาลศูนย์อุดรธานี,อด 0033.1/380/2568 ลงวันที่ 26 สิงหาคม 2568,,,,2026-05-14 17:43:14,System,,,,,,COMPANY,,TRUE,TOTAL,UDH-00543
2054,BARCODE SCANNERS,ZEBRA,DS2208,S22178010553622,ตึกผู้ป่วยนอก (OPD),4,ห้องจ่ายยา,,เภสัชกรรม,Active,โรงพยาบาลศูนย์อุดรธานี,อด 0033.1/380/2568 ลงวันที่ 26 สิงหาคม 2568,,,,2026-05-14 17:43:14,System,,,,,,COMPANY,,FALSE,TOTAL,UDH-02030
2055,BARCODE SCANNERS,ZEBRA,DS2202,S22178010553697,ตึกผู้ป่วยนอก (OPD),4,ห้องจ่ายยา,,เภสัชกรรม,Active,โรงพยาบาลศูนย์อุดรธานี,อด 0033.1/380/2568 ลงวันที่ 26 สิงหาคม 2568,,,,2026-05-14 17:43:14,System,,,,,,COMPANY,,FALSE,TOTAL,UDH-02031
550,PRINTER LASER,HP,M402DN,PHCFF06030,ตึกเชี่ยวชาญ,6,CVT Cath Lab,,ศัลยกรรมหัวใจและทรวงอก,Active,โรงพยาบาลศูนย์อุดรธานี,อด 0033.1/380/2568 ลงวันที่ 26 สิงหาคม 2568,,,,2026-05-14 17:43:14,System,,,,,,COMPANY,,TRUE,TOTAL,UDH-00546
551,PRINTER THERMAL,ZEBRA,ZD421,D6J222700795,ตึกเชี่ยวชาญ,6,CVT Ward,,ศัลยกรรมหัวใจและทรวงอก,Active,โรงพยาบาลศูนย์อุดรธานี,อด 0033.1/380/2568 ลงวันที่ 26 สิงหาคม 2568,,,,2026-05-14 17:43:14,System,,,,,,COMPANY,,FALSE,TOTAL,UDH-00547
2056,BARCODE SCANNERS,ZEBRA,DS2202,S22178010553611,ตึกผู้ป่วยนอก (OPD),4,ห้องจ่ายยา,,เภสัชกรรม,Active,โรงพยาบาลศูนย์อุดรธานี,อด 0033.1/380/2568 ลงวันที่ 26 สิงหาคม 2568,,,,2026-05-14 17:43:14,System,,,,,,COMPANY,,FALSE,TOTAL,UDH-02032
553,PRINTER THERMAL,ZEBRA,ZD421,D6J222614796,ตึกเชี่ยวชาญ,6,CVT ICU,,ศัลยกรรมหัวใจและทรวงอก,Active,โรงพยาบาลศูนย์อุดรธานี,อด 0033.1/380/2568 ลงวันที่ 26 สิงหาคม 2568,,,,2026-05-14 17:43:14,System,,,,,,COMPANY,,FALSE,TOTAL,UDH-00549
554,SCANNERS,CANON,DR-C230,JA491982,ตึกเชี่ยวชาญ,6,CVT ICU,,ศัลยกรรมหัวใจและทรวงอก,Active,โรงพยาบาลศูนย์อุดรธานี,อด 0033.1/380/2568 ลงวันที่ 26 สิงหาคม 2568,,,,2026-05-14 17:43:14,System,,,,,,COMPANY,,FALSE,TOTAL,UDH-00550
555,BARCODE SCANNERS,ZEBRA,DS2208,S22178010553476,ตึกเชี่ยวชาญ,7,ICU ศัลยกรรมประสาท ,,ศัลยกรรมประสาท,Active,โรงพยาบาลศูนย์อุดรธานี,อด 0033.1/380/2568 ลงวันที่ 26 สิงหาคม 2568,,,,2026-05-14 17:43:14,System,,,,,,COMPANY,,FALSE,TOTAL,UDH-00551
556,BARCODE SCANNERS,ZEBRA,DS2208,S22178010553478,ตึกเชี่ยวชาญ,7,ICU ศัลยกรรมประสาท ,,ศัลยกรรมประสาท,Active,โรงพยาบาลศูนย์อุดรธานี,อด 0033.1/380/2568 ลงวันที่ 26 สิงหาคม 2568,,,,2026-05-14 17:43:14,System,,,,,,COMPANY,,FALSE,TOTAL,UDH-00552
557,BARCODE SCANNERS,ZEBRA,DS2208,S22178010553678,ตึกเชี่ยวชาญ,7,POICU1,,ศัลยกรรม,Active,โรงพยาบาลศูนย์อุดรธานี,อด 0033.1/380/2568 ลงวันที่ 26 สิงหาคม 2568,,,,2026-05-14 17:43:14,System,,,,,,COMPANY,,FALSE,TOTAL,UDH-00553
558,BARCODE SCANNERS,ZEBRA,DS2208,S22178010554001,ตึกเชี่ยวชาญ,7,POICU1,,ศัลยกรรม,Active,โรงพยาบาลศูนย์อุดรธานี,อด 0033.1/380/2568 ลงวันที่ 26 สิงหาคม 2568,,,,2026-05-14 17:43:14,System,,,,,,COMPANY,,FALSE,TOTAL,UDH-00554
559,BARCODE SCANNERS,ZEBRA,DS2208,S22178010553645,ตึกเชี่ยวชาญ,7,POICU2,,ศัลยกรรม,Active,โรงพยาบาลศูนย์อุดรธานี,อด 0033.1/380/2568 ลงวันที่ 26 สิงหาคม 2568,,,,2026-05-14 17:43:14,System,,,,,,COMPANY,,FALSE,TOTAL,UDH-00555
560,BARCODE SCANNERS,ZEBRA,DS2208,S22178010553480,ตึกเชี่ยวชาญ,7,CCU,,อายุรกรรมหัวใจ,Active,โรงพยาบาลศูนย์อุดรธานี,อด 0033.1/380/2568 ลงวันที่ 26 สิงหาคม 2568,,,,2026-05-14 17:43:14,System,,,,,,COMPANY,,FALSE,TOTAL,UDH-00556
561,BARCODE SCANNERS,ZEBRA,DS2208,S22176010553534,ตึกเชี่ยวชาญ,7,CCU,,อายุรกรรมหัวใจ,Active,โรงพยาบาลศูนย์อุดรธานี,อด 0033.1/380/2568 ลงวันที่ 26 สิงหาคม 2568,,,,2026-05-14 17:43:14,System,,,,,,COMPANY,,FALSE,TOTAL,UDH-00557
562,BARCODE SCANNERS,ZEBRA,DS2208,S22178010553659,ตึกเชี่ยวชาญ,7,CCU,,อายุรกรรมหัวใจ,Active,โรงพยาบาลศูนย์อุดรธานี,อด 0033.1/380/2568 ลงวันที่ 26 สิงหาคม 2568,,,,2026-05-14 17:43:14,System,,,,,,COMPANY,,FALSE,TOTAL,UDH-00558
563,BARCODE SCANNERS,ZEBRA,DS2208,S22149010553980,ตึกเชี่ยวชาญ,7,CCU,,อายุรกรรมหัวใจ,Active,โรงพยาบาลศูนย์อุดรธานี,อด 0033.1/380/2568 ลงวันที่ 26 สิงหาคม 2568,,,,2026-05-14 17:43:14,System,,,,,,COMPANY,,FALSE,TOTAL,UDH-00559
564,BARCODE SCANNERS,ZEBRA,DS2208,S22178010553533,ตึกเชี่ยวชาญ,7,CCU,,อายุรกรรมหัวใจ,Active,โรงพยาบาลศูนย์อุดรธานี,อด 0033.1/380/2568 ลงวันที่ 26 สิงหาคม 2568,,,,2026-05-14 17:43:14,System,,,,,,COMPANY,,FALSE,TOTAL,UDH-00560
565,BARCODE SCANNERS,ZEBRA,DS2208,S22178010553486,ตึกเชี่ยวชาญ,7,SICU,,ศัลยกรรม,Active,โรงพยาบาลศูนย์อุดรธานี,อด 0033.1/380/2568 ลงวันที่ 26 สิงหาคม 2568,,,,2026-05-14 17:43:14,System,,,,,,COMPANY,,FALSE,TOTAL,UDH-00561
566,PRINTER INKJET AIO,EPSON,L5290,X8H2027179,ตึกเชี่ยวชาญ,7,ICU ศัลยกรรมประสาท,,ศัลยกรรมประสาท,Active,โรงพยาบาลศูนย์อุดรธานี,อด 0033.1/380/2568 ลงวันที่ 26 สิงหาคม 2568,,,,2026-05-14 17:43:14,System,,,,,,COMPANY,,TRUE,TOTAL,UDH-00562
567,PRINTER INKJET AIO,EPSON,L5290,X8H2029148,ตึกเชี่ยวชาญ,7,ICU ศัลยกรรมประสาท,,ศัลยกรรมประสาท,Active,โรงพยาบาลศูนย์อุดรธานี,อด 0033.1/380/2568 ลงวันที่ 26 สิงหาคม 2568,,,,2026-05-14 17:43:14,System,,,,,,COMPANY,,TRUE,TOTAL,UDH-00563
568,PRINTER INKJET AIO,EPSON,L5290,X8H2029229,ตึกเชี่ยวชาญ,7,POICU1,,ศัลยกรรม,Active,โรงพยาบาลศูนย์อุดรธานี,อด 0033.1/380/2568 ลงวันที่ 26 สิงหาคม 2568,,,,2026-05-14 17:43:14,System,,,,,,COMPANY,,TRUE,TOTAL,UDH-00564
569,PRINTER INKJET AIO,EPSON,L5290,X8H2027174,ตึกเชี่ยวชาญ,7,POICU1,,ศัลยกรรม,Active,โรงพยาบาลศูนย์อุดรธานี,อด 0033.1/380/2568 ลงวันที่ 26 สิงหาคม 2568,,,,2026-05-14 17:43:14,System,,,,,,COMPANY,,TRUE,TOTAL,UDH-00565
570,PRINTER INKJET AIO,EPSON,L5290,X8H2029577,ตึกเชี่ยวชาญ,7,POICU2,,ศัลยกรรม,Active,โรงพยาบาลศูนย์อุดรธานี,อด 0033.1/380/2568 ลงวันที่ 26 สิงหาคม 2568,,,,2026-05-14 17:43:14,System,,,,,,COMPANY,,TRUE,TOTAL,UDH-00566
571,PRINTER INKJET AIO,EPSON,L5290,X8H2029243,ตึกเชี่ยวชาญ,7,POICU2,,ศัลยกรรม,Active,โรงพยาบาลศูนย์อุดรธานี,อด 0033.1/380/2568 ลงวันที่ 26 สิงหาคม 2568,,,,2026-05-14 17:43:14,System,,,,,,COMPANY,,TRUE,TOTAL,UDH-00567
572,PRINTER INKJET AIO,EPSON,L5290,X8H2029118,ตึกศัลยกรรม,1,ศัลยกรรม 1 Trauma,,ศัลยกรรม,Active,โรงพยาบาลศูนย์อุดรธานี,อด 0033.1/380/2568 ลงวันที่ 26 สิงหาคม 2568,,,,2026-05-14 17:43:14,System,,,,,,COMPANY,,TRUE,TOTAL,UDH-00568
573,PRINTER INKJET AIO,EPSON,L5290,X8H2029620,ตึกเชี่ยวชาญ,7,CCU,,อายุรกรรมหัวใจ,Active,โรงพยาบาลศูนย์อุดรธานี,อด 0033.1/380/2568 ลงวันที่ 26 สิงหาคม 2568,,,,2026-05-14 17:43:14,System,,,,,,COMPANY,,TRUE,TOTAL,UDH-00569
574,PRINTER LASER,SAMSUNG,M4020ND,CNB3L1PSCW,ตึกเชี่ยวชาญ,7,CCU,,อายุรกรรมหัวใจ,Active,โรงพยาบาลศูนย์อุดรธานี,อด 0033.1/380/2568 ลงวันที่ 26 สิงหาคม 2568,,,,2026-05-14 17:43:14,System,,,,,,COMPANY,,TRUE,TOTAL,UDH-00570
575,PRINTER THERMAL,ZEBRA,ZD421,D6J222702159,ตึกเชี่ยวชาญ,7,ICU ศัลยกรรมประสาท ,,ศัลยกรรมประสาท,Active,โรงพยาบาลศูนย์อุดรธานี,อด 0033.1/380/2568 ลงวันที่ 26 สิงหาคม 2568,,,,2026-05-14 17:43:14,System,,,,,,COMPANY,,FALSE,TOTAL,UDH-00571
576,PRINTER THERMAL,ZEBRA,ZD421,D6J222613539,ตึกเชี่ยวชาญ,7,ICU ศัลยกรรมประสาท ,,ศัลยกรรมประสาท,Active,โรงพยาบาลศูนย์อุดรธานี,อด 0033.1/380/2568 ลงวันที่ 26 สิงหาคม 2568,,,,2026-05-14 17:43:14,System,,,,,,COMPANY,,FALSE,TOTAL,UDH-00572
577,PRINTER THERMAL,ZEBRA,ZD421,D6J222613663,ตึกเชี่ยวชาญ,7,POICU2,,ศัลยกรรม,Active,โรงพยาบาลศูนย์อุดรธานี,อด 0033.1/380/2568 ลงวันที่ 26 สิงหาคม 2568,,,,2026-05-14 17:43:14,System,,,,,,COMPANY,,FALSE,TOTAL,UDH-00573
578,PRINTER THERMAL,ZEBRA,ZD421,D6J222700888,ตึกเชี่ยวชาญ,7,CCU,,อายุรกรรมหัวใจ,Active,โรงพยาบาลศูนย์อุดรธานี,อด 0033.1/380/2568 ลงวันที่ 26 สิงหาคม 2568,,,,2026-05-14 17:43:14,System,,,,,,COMPANY,,FALSE,TOTAL,UDH-00574
579,PRINTER THERMAL,ZEBRA,ZD421,D6J222613678,ตึกเชี่ยวชาญ,7,หอผู้ป่วยวิกฤติ PICU 1,,กุมารเวชกรรม,Active,โรงพยาบาลศูนย์อุดรธานี,อด 0033.1/380/2568 ลงวันที่ 26 สิงหาคม 2568,,,,2026-05-14 17:43:14,System,,,,,,COMPANY,,FALSE,TOTAL,UDH-00575
580,SCANNERS,CANON,DR-C230,JA491917,ตึกเชี่ยวชาญ,7,CCU,,อายุรกรรมหัวใจ,Active,โรงพยาบาลศูนย์อุดรธานี,อด 0033.1/380/2568 ลงวันที่ 26 สิงหาคม 2568,,,,2026-05-14 17:43:14,System,,,,,,COMPANY,,FALSE,TOTAL,UDH-00576
581,SCANNERS,CANON,DR-C230,JA431205,ตึกเชี่ยวชาญ,7,หอผู้ป่วยวิกฤติ PICU 1,,กุมารเวชกรรม,Active,โรงพยาบาลศูนย์อุดรธานี,อด 0033.1/380/2568 ลงวันที่ 26 สิงหาคม 2568,,,,2026-05-14 17:43:14,System,,,,,,COMPANY,,FALSE,TOTAL,UDH-00577
582,SCANNERS,CANON,DR-C230,JA491768,ตึกเชี่ยวชาญ,7,หอผู้ป่วยวิกฤติ PICU 2,,กุมารเวชกรรม,Active,โรงพยาบาลศูนย์อุดรธานี,อด 0033.1/380/2568 ลงวันที่ 26 สิงหาคม 2568,,,,2026-05-14 17:43:14,System,,,,,,COMPANY,,FALSE,TOTAL,UDH-00578
583,SCANNERS,CANON,DR-C230,JA491963,ตึกเชี่ยวชาญ,7,SICU,,ศัลยกรรม,Active,โรงพยาบาลศูนย์อุดรธานี,อด 0033.1/380/2568 ลงวันที่ 26 สิงหาคม 2568,,,,2026-05-14 17:43:14,System,,,,,,COMPANY,,FALSE,TOTAL,UDH-00579
584,BARCODE SCANNERS,ZEBRA,DS2208,S22150010551697,ตึกผู้ป่วยนอก (OPD),1,AE ward,,อุบัติเหตุและฉุกเฉิน,Active,โรงพยาบาลศูนย์อุดรธานี,อด 0033.1/380/2568 ลงวันที่ 26 สิงหาคม 2568,,,,2026-05-14 17:43:14,System,,,,,,COMPANY,,FALSE,TOTAL,UDH-00580
585,BARCODE SCANNERS,ZEBRA,DS2208,S22179010552164,ตึกผู้ป่วยนอก (OPD),1,AE ward,,อุบัติเหตุและฉุกเฉิน,Active,โรงพยาบาลศูนย์อุดรธานี,อด 0033.1/380/2568 ลงวันที่ 26 สิงหาคม 2568,,,,2026-05-14 17:43:14,System,,,,,,COMPANY,,FALSE,TOTAL,UDH-00581
2057,BARCODE SCANNERS,ZEBRA,DS2202,S22178010553690,ตึกผู้ป่วยนอก (OPD),4,ห้องจ่ายยา,,เภสัชกรรม,Active,โรงพยาบาลศูนย์อุดรธานี,อด 0033.1/380/2568 ลงวันที่ 26 สิงหาคม 2568,,,,2026-05-14 17:43:14,System,,,,,,COMPANY,,FALSE,TOTAL,UDH-02033
2058,PRINTER LASER,OKI,B412DN,BW47044051C0,ตึกผู้ป่วยนอก (OPD),4,ห้องจ่ายยา,,เภสัชกรรม,Retired,โรงพยาบาลศูนย์อุดรธานี,อด 0033.1/380/2568 ลงวันที่ 26 สิงหาคม 2568,,,,2026-05-14 17:43:14,System,,,,,,COMPANY,,TRUE,TOTAL,UDH-02034
2059,PRINTER LASER,OKI,ES5112,BW21011688C0,ตึก 69 ปี,1,ห้องจ่ายยา,ตึก 69,เภสัชกรรม,Retired,โรงพยาบาลศูนย์อุดรธานี,อด 0033.1/380/2568 ลงวันที่ 26 สิงหาคม 2568,,,,2026-06-24 11:05:09,nikorn2527@gmail.com,,,,,,COMPANY,,TRUE,TOTAL,UDH-02035
2060,PRINTER LASER,OKI,ES5112,BW21011695C0,ตึกผู้ป่วยนอก (OPD),2,ห้องจ่ายยา,,เภสัชกรรม,Active,โรงพยาบาลศูนย์อุดรธานี,อด 0033.1/380/2568 ลงวันที่ 26 สิงหาคม 2568,,,,2026-05-14 17:43:14,System,,,,,,COMPANY,,TRUE,TOTAL,UDH-02036
2061,PRINTER LASER,OKI,ES5112,BW21042878C0,ตึกเชี่ยวชาญ,2,ห้องจ่ายยา,,เภสัชกรรม,Active,โรงพยาบาลศูนย์อุดรธานี,อด 0033.1/380/2568 ลงวันที่ 26 สิงหาคม 2568,,,,2026-05-14 17:43:14,System,,,,,,COMPANY,,TRUE,TOTAL,UDH-02037
2067,PRINTER LASER,OKI,ES5112,BW21611692C0,ตึกเชี่ยวชาญ,2,ห้องจ่ายยา,,เภสัชกรรม,Active,โรงพยาบาลศูนย์อุดรธานี,อด 0033.1/380/2568 ลงวันที่ 26 สิงหาคม 2568,,,,2026-05-14 17:43:14,System,,,,,,COMPANY,,TRUE,TOTAL,UDH-02043
592,BARCODE SCANNERS,ZEBRA,DS2208,S22179010552211,ตึกผู้ป่วยนอก (OPD),1,ER,จุดคัดกรอง,อุบัติเหตุและฉุกเฉิน,Active,โรงพยาบาลศูนย์อุดรธานี,อด 0033.1/380/2568 ลงวันที่ 26 สิงหาคม 2568,,,,2026-05-14 17:43:14,System,,,,,,COMPANY,,FALSE,TOTAL,UDH-00588
593,BARCODE SCANNERS,ZEBRA,DS2208,S22179010552118,ตึกผู้ป่วยนอก (OPD),1,ER,จุดคัดกรอง,อุบัติเหตุและฉุกเฉิน,Active,โรงพยาบาลศูนย์อุดรธานี,อด 0033.1/380/2568 ลงวันที่ 26 สิงหาคม 2568,,,,2026-05-14 17:43:14,System,,,,,,COMPANY,,FALSE,TOTAL,UDH-00589
2224,PRINTER LASER,BROTHER,HL-L5210DN,E81695J5N769495,ตึกผู้ป่วยนอกเดิม,1,คลินิกเบาหวาน, ห้องตรวจ 6,อายุรกรรม,Active,โรงพยาบาลศูนย์อุดรธานี,อด 0033.1/380/2568 ลงวันที่ 26 สิงหาคม 2568,,,,2026-05-21 09:40:31,nikorn2527@gmail.com,,,,,,COMPANY,,TRUE,TOTAL,UDH-02195
1429,PRINTER THERMAL,ZEBRA,ZD421,D6J222613570,ตึกผู้ป่วยนอกเดิม,1,คลินิกเบาหวาน,เจาะเลือด,อายุรกรรม,Active,โรงพยาบาลศูนย์อุดรธานี,อด 0033.1/380/2568 ลงวันที่ 26 สิงหาคม 2568,,,,2026-05-14 17:43:14,System,,,,,,COMPANY,,FALSE,TOTAL,UDH-01425
1430,PRINTER THERMAL,ZEBRA,ZD421,D6J222702140,ตึกผู้ป่วยนอกเดิม,1,คลินิกเบาหวาน,ซักประวัติ,อายุรกรรม,Active,โรงพยาบาลศูนย์อุดรธานี,อด 0033.1/380/2568 ลงวันที่ 26 สิงหาคม 2568,,,,2026-05-14 17:43:14,System,,,,,,COMPANY,,FALSE,TOTAL,UDH-01426
1431,PRINTER THERMAL,ZEBRA,ZD421,D6J222613590,ตึกผู้ป่วยนอกเดิม,1,คลินิกเบาหวาน,ซักประวัติ,,Retired,โรงพยาบาลศูนย์อุดรธานี,อด 0033.1/380/2568 ลงวันที่ 26 สิงหาคม 2568,,,,2026-06-12 13:26:13,nikorn2527@gmail.com,,,,2026-06-11,,COMPANY,,FALSE,TOTAL,UDH-01427
1432,PRINTER THERMAL,ZEBRA,ZD421,D6J222613666,ตึกผู้ป่วยนอกเดิม,1,คลินิกเบาหวาน,ซักประวัติ,อายุรกรรม,Active,โรงพยาบาลศูนย์อุดรธานี,อด 0033.1/380/2568 ลงวันที่ 26 สิงหาคม 2568,,,,2026-05-14 17:43:14,System,,,,,,COMPANY,,FALSE,TOTAL,UDH-01428
1433,PRINTER THERMAL,ZEBRA,ZD421,D6J222613760,ตึกผู้ป่วยนอกเดิม,1,คลินิกเบาหวาน,ซักประวัติ,อายุรกรรม,Active,โรงพยาบาลศูนย์อุดรธานี,อด 0033.1/380/2568 ลงวันที่ 26 สิงหาคม 2568,,,,2026-05-14 17:43:14,System,,,,,,COMPANY,,FALSE,TOTAL,UDH-01429
1434,PRINTER THERMAL,ZEBRA,ZD421,D6J222700882,ตึกผู้ป่วยนอกเดิม,1,คลินิกเบาหวาน,ซักประวัติ,อายุรกรรม,Active,โรงพยาบาลศูนย์อุดรธานี,อด 0033.1/380/2568 ลงวันที่ 26 สิงหาคม 2568,,,,2026-05-14 17:43:14,System,,,,,,COMPANY,,FALSE,TOTAL,UDH-01430
1435,PRINTER THERMAL,ZEBRA,ZD421,D6J222702229,ตึกผู้ป่วยนอกเดิม,1,คลินิกเบาหวาน,ซักประวัติ,อายุรกรรม,Active,โรงพยาบาลศูนย์อุดรธานี,อด 0033.1/380/2568 ลงวันที่ 26 สิงหาคม 2568,,,,2026-05-14 17:43:14,System,,,,,,COMPANY,,FALSE,TOTAL,UDH-01431
1436,PRINTER THERMAL,ZEBRA,ZD421,D6J222613682,ตึกผู้ป่วยนอกเดิม,1,คลินิกเบาหวาน,ซักประวัติ,อายุรกรรม,Active,โรงพยาบาลศูนย์อุดรธานี,อด 0033.1/380/2568 ลงวันที่ 26 สิงหาคม 2568,,,,2026-05-14 17:43:14,System,,,,,,COMPANY,,FALSE,TOTAL,UDH-01432
603,BARCODE SCANNERS,ZEBRA,DS2208,S22176010553269,ตึกผู้ป่วยนอก (OPD),1,ศูนย์เปล,,บริหาร/ยุทธศาสตร์,Active,โรงพยาบาลศูนย์อุดรธานี,อด 0033.1/380/2568 ลงวันที่ 26 สิงหาคม 2568,,,,2026-05-14 17:43:14,System,,,,,,COMPANY,,FALSE,TOTAL,UDH-00599
604,BARCODE SCANNERS,ZEBRA,DS2208,S22176010553165,ตึกผู้ป่วยนอก (OPD),1,ศูนย์เปล,,บริหาร/ยุทธศาสตร์,Active,โรงพยาบาลศูนย์อุดรธานี,อด 0033.1/380/2568 ลงวันที่ 26 สิงหาคม 2568,,,,2026-05-14 17:43:14,System,,,,,,COMPANY,,FALSE,TOTAL,UDH-00600
2077,PRINTER LASER,OKI,ES5112,BW21013618C0,ตึกผู้ป่วยนอก (OPD),2,ห้องจ่ายยา,,เภสัชกรรม,Active,โรงพยาบาลศูนย์อุดรธานี,อด 0033.1/380/2568 ลงวันที่ 26 สิงหาคม 2568,,,,2026-05-14 17:43:14,System,,,,,,COMPANY,,TRUE,TOTAL,UDH-02053
2083,PRINTER THERMAL,ZEBRA,ZD421,D6J222613690,ตึกเชี่ยวชาญ,2,ห้องจ่ายยา,,เภสัชกรรม,Active,โรงพยาบาลศูนย์อุดรธานี,อด 0033.1/380/2568 ลงวันที่ 26 สิงหาคม 2568,,,,2026-05-14 17:43:14,System,,,,,,COMPANY,,FALSE,TOTAL,UDH-02059
2134,PRINTER LASER,BROTHER,HL-L5210DN,E81695J5N771946,ตึก 69 ปี,1,ห้องจ่ายยา,ตึก 69,เภสัชกรรม,Active,โรงพยาบาลศูนย์อุดรธานี,อด 0033.1/380/2568 ลงวันที่ 26 สิงหาคม 2568,,,,2026-06-24 11:05:09,nikorn2527@gmail.com,,,,,,COMPANY,,TRUE,TOTAL,UDH-02107
2171,PRINTER LASER,BROTHER,HL-L5210DN,E81695J5N769598,ตึก 69 ปี,1,ห้องจ่ายยา,ตึก 69,เภสัชกรรม,Inactive,โรงพยาบาลศูนย์อุดรธานี,อด 0033.1/380/2568 ลงวันที่ 26 สิงหาคม 2568,,,,2026-08-05 12:21:27,nikorn2527@gmail.com,,,,2026-08-05,,COMPANY,,TRUE,TOTAL,UDH-02143
2219,PRINTER LASER,BROTHER,HL-L5210DN,E81695J5N769493,ตึกคลังพัสดุ (ใหม่),1,ห้องจ่ายยา,ห้องยาสีเขียว,เภสัชกรรม,Active,โรงพยาบาลศูนย์อุดรธานี,อด 0033.1/380/2568 ลงวันที่ 26 สิงหาคม 2568,,,,2026-06-24 11:08:27,nikorn2527@gmail.com,,,,,,COMPANY,,TRUE,TOTAL,UDH-02190
1913,BARCODE SCANNERS,ZEBRA,DS2208,S22178010553987,ตึกห้อง Lab เบอร์ 10,2,ห้องจุลชีววิทยา,,พยาธิวิทยา/ห้องปฏิบัติการ,Active,โรงพยาบาลศูนย์อุดรธานี,อด 0033.1/380/2568 ลงวันที่ 26 สิงหาคม 2568,,,,2026-05-14 17:43:14,System,,,,,,COMPANY,,FALSE,TOTAL,UDH-01902
1914,BARCODE SCANNERS,ZEBRA,DS2208,S22178010553993,ตึกห้อง Lab เบอร์ 10,2,ห้องจุลชีววิทยา,,พยาธิวิทยา/ห้องปฏิบัติการ,Active,โรงพยาบาลศูนย์อุดรธานี,อด 0033.1/380/2568 ลงวันที่ 26 สิงหาคม 2568,,,,2026-05-14 17:43:14,System,,,,,,COMPANY,,FALSE,TOTAL,UDH-01903
1915,BARCODE SCANNERS,ZEBRA,DS2208,S22178010553974,ตึกห้อง Lab เบอร์ 10,2,ห้องจุลชีววิทยา,,พยาธิวิทยา/ห้องปฏิบัติการ,Active,โรงพยาบาลศูนย์อุดรธานี,อด 0033.1/380/2568 ลงวันที่ 26 สิงหาคม 2568,,,,2026-05-14 17:43:14,System,,,,,,COMPANY,,FALSE,TOTAL,UDH-01904
238,BARCODE SCANNERS,ZEBRA,DS2208,S22179010552207,ตึกผู้ป่วยนอก (OPD),2,ห้องเจาะเลือด,,พยาธิวิทยา/ห้องปฏิบัติการ,Active,โรงพยาบาลศูนย์อุดรธานี,อด 0033.1/380/2568 ลงวันที่ 26 สิงหาคม 2568,,,,2026-05-14 17:43:14,System,,,,,,COMPANY,,FALSE,TOTAL,UDH-00237
818,PRINTER INKJET AIO,EPSON,L5290,X8H2029060,ตึกผู้ป่วยนอก (OPD),2,ห้องเจาะเลือด,,พยาธิวิทยา/ห้องปฏิบัติการ,Active,โรงพยาบาลศูนย์อุดรธานี,อด 0033.1/380/2568 ลงวันที่ 26 สิงหาคม 2568,,,,2026-05-14 17:43:14,System,,,,,,COMPANY,,TRUE,TOTAL,UDH-00814
615,BARCODE SCANNERS,ZEBRA,DS2208,S22149010555319,ตึกผู้ป่วยนอก (OPD),1,นภาคลินิก,,คลินิก HIV / ARV,Active,โรงพยาบาลศูนย์อุดรธานี,อด 0033.1/380/2568 ลงวันที่ 26 สิงหาคม 2568,,,,2026-05-14 17:43:14,System,,,,,,COMPANY,,FALSE,TOTAL,UDH-00611
616,BARCODE SCANNERS,ZEBRA,DS2208,S22150010551642,ตึกผู้ป่วยนอก (OPD),1,นภาคลินิก,,คลินิก HIV / ARV,Active,โรงพยาบาลศูนย์อุดรธานี,อด 0033.1/380/2568 ลงวันที่ 26 สิงหาคม 2568,,,,2026-05-14 17:43:14,System,,,,,,COMPANY,,FALSE,TOTAL,UDH-00612
617,BARCODE SCANNERS,ZEBRA,DS2208,S22176010553162,ตึกผู้ป่วยนอก (OPD),1,นภาคลินิก,,คลินิก HIV / ARV,Active,โรงพยาบาลศูนย์อุดรธานี,อด 0033.1/380/2568 ลงวันที่ 26 สิงหาคม 2568,,,,2026-05-14 17:43:14,System,,,,,,COMPANY,,FALSE,TOTAL,UDH-00613
618,BARCODE SCANNERS,ZEBRA,DS2208,S22149010555318,ตึกผู้ป่วยนอก (OPD),1,นภาคลินิก,,คลินิก HIV / ARV,Active,โรงพยาบาลศูนย์อุดรธานี,อด 0033.1/380/2568 ลงวันที่ 26 สิงหาคม 2568,,,,2026-05-14 17:43:14,System,,,,,,COMPANY,,FALSE,TOTAL,UDH-00614
619,BARCODE SCANNERS,ZEBRA,DS2208,S22178010553963,ตึกผู้ป่วยนอก (OPD),1,ER,ห้องบัตร,อุบัติเหตุและฉุกเฉิน,Active,โรงพยาบาลศูนย์อุดรธานี,อด 0033.1/380/2568 ลงวันที่ 26 สิงหาคม 2568,,,,2026-05-14 17:43:14,System,,,,,,COMPANY,,FALSE,TOTAL,UDH-00615
620,BARCODE SCANNERS,ZEBRA,DS2208,S22178010553505,ตึกผู้ป่วยนอก (OPD),1,ER,โซนแดง,อุบัติเหตุและฉุกเฉิน,Active,โรงพยาบาลศูนย์อุดรธานี,อด 0033.1/380/2568 ลงวันที่ 26 สิงหาคม 2568,,,,2026-05-14 17:43:14,System,,,,,,COMPANY,,FALSE,TOTAL,UDH-00616
621,BARCODE SCANNERS,ZEBRA,DS2208,S22149010553981,ตึกผู้ป่วยนอก (OPD),1,ER,โซนแดง,อุบัติเหตุและฉุกเฉิน,Active,โรงพยาบาลศูนย์อุดรธานี,อด 0033.1/380/2568 ลงวันที่ 26 สิงหาคม 2568,,,,2026-05-14 17:43:14,System,,,,,,COMPANY,,FALSE,TOTAL,UDH-00617
622,BARCODE SCANNERS,ZEBRA,DS2208,S22178010553522,ตึกผู้ป่วยนอก (OPD),1,ER,โซนแดง,อุบัติเหตุและฉุกเฉิน,Active,โรงพยาบาลศูนย์อุดรธานี,อด 0033.1/380/2568 ลงวันที่ 26 สิงหาคม 2568,,,,2026-05-14 17:43:14,System,,,,,,COMPANY,,FALSE,TOTAL,UDH-00618
623,BARCODE SCANNERS,ZEBRA,DS2208,S22149010555163,ตึกผู้ป่วยนอก (OPD),1,ER,โซนแดง,อุบัติเหตุและฉุกเฉิน,Active,โรงพยาบาลศูนย์อุดรธานี,อด 0033.1/380/2568 ลงวันที่ 26 สิงหาคม 2568,,,,2026-05-14 17:43:14,System,,,,,,COMPANY,,FALSE,TOTAL,UDH-00619
624,BARCODE SCANNERS,ZEBRA,DS2208,S22178010553979,ตึกผู้ป่วยนอก (OPD),1,ER,โซนแดง,อุบัติเหตุและฉุกเฉิน,Active,โรงพยาบาลศูนย์อุดรธานี,อด 0033.1/380/2568 ลงวันที่ 26 สิงหาคม 2568,,,,2026-05-14 17:43:14,System,,,,,,COMPANY,,FALSE,TOTAL,UDH-00620
625,PRINTER INKJET AIO,EPSON,L5290,X8H2028222,ตึกผู้ป่วยนอก (OPD),1,AE ward,,อุบัติเหตุและฉุกเฉิน,Active,โรงพยาบาลศูนย์อุดรธานี,อด 0033.1/380/2568 ลงวันที่ 26 สิงหาคม 2568,,,,2026-05-14 17:43:14,System,,,,,,COMPANY,,TRUE,TOTAL,UDH-00621
626,PRINTER INKJET AIO,EPSON,L5290,X8H2028229,ตึกผู้ป่วยนอก (OPD),1,AE ward,,อุบัติเหตุและฉุกเฉิน,Active,โรงพยาบาลศูนย์อุดรธานี,อด 0033.1/380/2568 ลงวันที่ 26 สิงหาคม 2568,,,,2026-05-14 17:43:14,System,,,,,,COMPANY,,TRUE,TOTAL,UDH-00622
627,PRINTER INKJET AIO,EPSON,L5290,X8H2028194,ตึกหลวงตาบัว,2,หอผู้ป่วยอายุรกรรมชาย,,อายุรกรรม,Active,โรงพยาบาลศูนย์อุดรธานี,อด 0033.1/380/2568 ลงวันที่ 26 สิงหาคม 2568,,,,2026-05-14 17:43:14,System,,,,,,COMPANY,,TRUE,TOTAL,UDH-00623
628,PRINTER INKJET,EPSON,M3170,X5TT015123,ตึกผู้ป่วยนอก (OPD),1,ER,โซนชมพู,อุบัติเหตุและฉุกเฉิน,Active,โรงพยาบาลศูนย์อุดรธานี,อด 0033.1/380/2568 ลงวันที่ 26 สิงหาคม 2568,,,,2026-05-14 17:43:14,System,,,,,,COMPANY,,TRUE,TOTAL,UDH-00624
629,PRINTER INKJET,EPSON,M1120,X5J9013618,ตึกศูนย์แพทย์,1,ธุรการศูนย์แพทย์,,,Active,ศูนย์แพทย์โรงพยาบาลศูนย์อุดรธานี,อด 0033.1/380/2568 ลงวันที่ 26 สิงหาคม 2568,,,,2026-07-03 16:44:48,nikorn2527@gmail.com,,,,,,COMPANY,,TRUE,TOTAL,MECUD-00024
630,PRINTER INKJET,EPSON,M3170,X5TT006532,ตึกผู้ป่วยนอก (OPD),1,ER,โซนแดง,อุบัติเหตุและฉุกเฉิน,Retired,โรงพยาบาลศูนย์อุดรธานี,อด 0033.1/380/2568 ลงวันที่ 26 สิงหาคม 2568,,,,2026-05-14 17:43:14,System,,,,,,COMPANY,,TRUE,TOTAL,UDH-00626
631,PRINTER INKJET AIO,EPSON,L5290,X8H2028219,ตึกผู้ป่วยนอก (OPD),1,ER,จุดคัดกรอง,อุบัติเหตุและฉุกเฉิน,Active,โรงพยาบาลศูนย์อุดรธานี,อด 0033.1/380/2568 ลงวันที่ 26 สิงหาคม 2568,,,,2026-05-14 17:43:14,System,,,,,,COMPANY,,TRUE,TOTAL,UDH-00627
632,PRINTER INKJET AIO,EPSON,L5290,X8H2029442,ตึกผู้ป่วยนอก (OPD),2,ศูนย์เคลมประกันชีวิต,,บริหาร/ยุทธศาสตร์,Active,โรงพยาบาลศูนย์อุดรธานี,อด 0033.1/380/2568 ลงวันที่ 26 สิงหาคม 2568,,,,2026-06-30 12:57:21,nikorn2527@gmail.com,,,2026-06-12,,,COMPANY,,TRUE,TOTAL,UDH-00628
633,PRINTER INKJET AIO,EPSON,L5290,X8H2025905,ตึกผู้ป่วยนอก (OPD),1,แผนก Refer ศูนย์รับส่ง-ต่อ,,อุบัติเหตุและฉุกเฉิน,Retired,โรงพยาบาลศูนย์อุดรธานี,อด 0033.1/380/2568 ลงวันที่ 26 สิงหาคม 2568,,,,2026-05-14 17:43:14,System,,,,,,COMPANY,,TRUE,TOTAL,UDH-00629
634,PRINTER INKJET,EPSON,M3170,X5TT005905,ตึกผู้ป่วยนอก (OPD),1,แผนก Refer ศูนย์รับส่ง-ต่อ,,อุบัติเหตุและฉุกเฉิน,Retired,โรงพยาบาลศูนย์อุดรธานี,อด 0033.1/380/2568 ลงวันที่ 26 สิงหาคม 2568,,,,2026-05-14 17:43:14,System,,,,,,COMPANY,,TRUE,TOTAL,UDH-00630
635,PRINTER INKJET AIO,EPSON,L5290,X8H2029206,ตึกผู้ป่วยนอก (OPD),1,แผนกประชาสัมพันธ์,,บริหาร/ยุทธศาสตร์,Active,โรงพยาบาลศูนย์อุดรธานี,อด 0033.1/380/2568 ลงวันที่ 26 สิงหาคม 2568,,,,2026-05-14 17:43:14,System,,,,,,COMPANY,,TRUE,TOTAL,UDH-00631
748,BARCODE SCANNERS,ZEBRA,DS2208,S22176010553660,ตึกผู้ป่วยนอก (OPD),2,คลินิก SMC,ซักประวัติ,คลินิกเฉพาะทางนอกเวลา,Active,โรงพยาบาลศูนย์อุดรธานี,อด 0033.1/380/2568 ลงวันที่ 26 สิงหาคม 2568,,,,2026-05-14 17:43:14,System,,,,,,COMPANY,,FALSE,TOTAL,UDH-00744
637,PRINTER INKJET,EPSON,M3170,X5TT014603,ตึกผู้ป่วยนอก (OPD),1,แผนกประชาสัมพันธ์,,บริหาร/ยุทธศาสตร์,Retired,โรงพยาบาลศูนย์อุดรธานี,อด 0033.1/380/2568 ลงวันที่ 26 สิงหาคม 2568,,,,2026-05-14 17:43:14,System,,,,,,COMPANY,,TRUE,TOTAL,UDH-00633
638,PRINTER INKJET,EPSON,M3170,X5TT006146,ตึกผู้ป่วยนอก (OPD),1,แผนกประชาสัมพันธ์,,บริหาร/ยุทธศาสตร์,Active,โรงพยาบาลศูนย์อุดรธานี,อด 0033.1/380/2568 ลงวันที่ 26 สิงหาคม 2568,,,,2026-05-14 17:43:14,System,,,,,,COMPANY,,TRUE,TOTAL,UDH-00634
639,PRINTER INKJET AIO,EPSON,L5290,X8H2029170,ตึกผู้ป่วยนอก (OPD),1,แผนกรับ-แจ้งเหตุ 1669,,อุบัติเหตุและฉุกเฉิน,Active,โรงพยาบาลศูนย์อุดรธานี,อด 0033.1/380/2568 ลงวันที่ 26 สิงหาคม 2568,,,,2026-05-14 17:43:14,System,,,,,,COMPANY,,TRUE,TOTAL,UDH-00635
640,PRINTER INKJET AIO,EPSON,L5290,X8H2029084,ตึกผู้ป่วยนอก (OPD),1,ศูนย์วิทยุ,,อุบัติเหตุและฉุกเฉิน,Active,โรงพยาบาลศูนย์อุดรธานี,อด 0033.1/380/2568 ลงวันที่ 26 สิงหาคม 2568,,,,2026-05-14 17:43:14,System,,,,,,COMPANY,,TRUE,TOTAL,UDH-00636
641,PRINTER INKJET,EPSON,M3170,X5TT019596,ตึกผู้ป่วยนอก (OPD),1,แผนก Refer ศูนย์รับส่ง-ต่อ,,อุบัติเหตุและฉุกเฉิน,Active,โรงพยาบาลศูนย์อุดรธานี,อด 0033.1/380/2568 ลงวันที่ 26 สิงหาคม 2568,,,,2026-05-14 17:43:14,System,,,,,,COMPANY,,TRUE,TOTAL,UDH-00637
819,PRINTER INKJET AIO,EPSON,L5290,X8H2029205,ตึกผู้ป่วยนอก (OPD),2,ห้องเจาะเลือด,,พยาธิวิทยา/ห้องปฏิบัติการ,Active,โรงพยาบาลศูนย์อุดรธานี,อด 0033.1/380/2568 ลงวันที่ 26 สิงหาคม 2568,,,,2026-05-14 17:43:14,System,,,,,,COMPANY,,TRUE,TOTAL,UDH-00815
820,PRINTER INKJET AIO,EPSON,L5290,X8H2028209,ตึกผู้ป่วยนอก (OPD),2,ห้องเจาะเลือด,,พยาธิวิทยา/ห้องปฏิบัติการ,Active,โรงพยาบาลศูนย์อุดรธานี,อด 0033.1/380/2568 ลงวันที่ 26 สิงหาคม 2568,,,,2026-05-14 17:43:14,System,,,,,,COMPANY,,TRUE,TOTAL,UDH-00816
856,PRINTER LASER,OKI,ES5112,BW21013687C0,ตึกผู้ป่วยนอก (OPD),2,ห้องเจาะเลือด,,พยาธิวิทยา/ห้องปฏิบัติการ,Active,โรงพยาบาลศูนย์อุดรธานี,อด 0033.1/380/2568 ลงวันที่ 26 สิงหาคม 2568,,,,2026-05-14 17:43:14,System,,,,,,COMPANY,,TRUE,TOTAL,UDH-00852
898,PRINTER THERMAL,ZEBRA,ZD421,D6J222700879,ตึกผู้ป่วยนอก (OPD),2,ห้องเจาะเลือด,,พยาธิวิทยา/ห้องปฏิบัติการ,Retired,โรงพยาบาลศูนย์อุดรธานี,อด 0033.1/380/2568 ลงวันที่ 26 สิงหาคม 2568,,,,2026-05-14 17:43:14,System,,,,,,COMPANY,,FALSE,TOTAL,UDH-00894
899,PRINTER THERMAL,ZEBRA,ZD421,D6J222614690,ตึกผู้ป่วยนอก (OPD),2,ห้องเจาะเลือด,,พยาธิวิทยา/ห้องปฏิบัติการ,Active,โรงพยาบาลศูนย์อุดรธานี,อด 0033.1/380/2568 ลงวันที่ 26 สิงหาคม 2568,,,,2026-05-14 17:43:14,System,,,,,,COMPANY,,FALSE,TOTAL,UDH-00895
900,PRINTER THERMAL,ZEBRA,ZD421,D6J222613111,ตึกผู้ป่วยนอก (OPD),2,ห้องเจาะเลือด,,พยาธิวิทยา/ห้องปฏิบัติการ,Active,โรงพยาบาลศูนย์อุดรธานี,อด 0033.1/380/2568 ลงวันที่ 26 สิงหาคม 2568,,,,2026-05-14 17:43:14,System,,,,,,COMPANY,,FALSE,TOTAL,UDH-00896
902,PRINTER THERMAL,ZEBRA,ZD421,D6J222613754,ตึกผู้ป่วยนอก (OPD),2,ห้องเจาะเลือด,,พยาธิวิทยา/ห้องปฏิบัติการ,Active,โรงพยาบาลศูนย์อุดรธานี,อด 0033.1/380/2568 ลงวันที่ 26 สิงหาคม 2568,,,,2026-05-14 17:43:14,System,,,,,,COMPANY,,FALSE,TOTAL,UDH-00898
1916,PRINTER THERMAL,ZEBRA,ZD421,D6J222613768,ตึกห้อง Lab เบอร์ 10,2,ห้องเจาะเลือด,,พยาธิวิทยา/ห้องปฏิบัติการ,Active,โรงพยาบาลศูนย์อุดรธานี,อด 0033.1/380/2568 ลงวันที่ 26 สิงหาคม 2568,,,,2026-05-14 17:43:14,System,,,,,,COMPANY,,FALSE,TOTAL,UDH-01905
2011,PRINTER THERMAL,HONEYWELL,PC42E-T,25058W06AC,ตึกผู้ป่วยนอก (OPD),2,ห้องเจาะเลือด,,พยาธิวิทยา/ห้องปฏิบัติการ,Active,โรงพยาบาลศูนย์อุดรธานี,อด 0033.1/380/2568 ลงวันที่ 26 สิงหาคม 2568,,,,2026-05-14 17:43:14,System,,,,,,COMPANY,,FALSE,TOTAL,UDH-01998
2091,PRINTER THERMAL,TSC,TE200,TEA24330031,ตึกผู้ป่วยนอก (OPD),1,ห้องเจาะเลือด,,พยาธิวิทยา/ห้องปฏิบัติการ,Active,โรงพยาบาลศูนย์อุดรธานี,อด 0033.1/380/2568 ลงวันที่ 26 สิงหาคม 2568,,,,2026-05-14 17:43:14,System,,,,,,COMPANY,,FALSE,TOTAL,UDH-02065
2165,PRINTER LASER,BROTHER,HL-L5210DN,E81695J5N769270,ตึกผู้ป่วยนอก (OPD),2,ห้องเจาะเลือด,,พยาธิวิทยา/ห้องปฏิบัติการ,Active,โรงพยาบาลศูนย์อุดรธานี,อด 0033.1/380/2568 ลงวันที่ 26 สิงหาคม 2568,,,,2026-05-14 17:43:14,System,,,,,,COMPANY,,TRUE,TOTAL,UDH-02137
653,PRINTER INKJET AIO,EPSON,L5290,X8H2029424,ตึกผู้ป่วยนอก (OPD),1,ER,ห้องหัวหน้า,อุบัติเหตุและฉุกเฉิน,Active,โรงพยาบาลศูนย์อุดรธานี,อด 0033.1/380/2568 ลงวันที่ 26 สิงหาคม 2568,,,,2026-05-14 17:43:14,System,,,,,,COMPANY,,TRUE,TOTAL,UDH-00649
654,PRINTER INKJET AIO,EPSON,L5290,X8H2029178,ตึกสูตินรีเวช,4,สูติกรรมหลังคลอด,,สูตินรีเวชกรรม,Active,โรงพยาบาลศูนย์อุดรธานี,อด 0033.1/380/2568 ลงวันที่ 26 สิงหาคม 2568,,,,2026-05-14 17:43:14,System,,,,,,COMPANY,,TRUE,TOTAL,UDH-00650
655,PRINTER LASER,HP,M404DN,PHFXG18940,ตึกผู้ป่วยนอก (OPD),1,AE ward,,อุบัติเหตุและฉุกเฉิน,Active,โรงพยาบาลศูนย์อุดรธานี,อด 0033.1/380/2568 ลงวันที่ 26 สิงหาคม 2568,,,,2026-05-14 17:43:14,System,,,,,,COMPANY,,TRUE,TOTAL,UDH-00651
656,PRINTER LASER,HP,M402DN,PHCFD06247,ตึกผู้ป่วยนอก (OPD),1,ER,โซนแดง,อุบัติเหตุและฉุกเฉิน,Retired,โรงพยาบาลศูนย์อุดรธานี,อด 0033.1/380/2568 ลงวันที่ 26 สิงหาคม 2568,,,,2026-05-14 17:43:14,System,,,,,,COMPANY,,TRUE,TOTAL,UDH-00652
657,PRINTER LASER,SAMSUNG,M4020ND,CNB3L1PSDC,ตึกผู้ป่วยนอก (OPD),1,ER,โซนเหลือง,อุบัติเหตุและฉุกเฉิน,Retired,โรงพยาบาลศูนย์อุดรธานี,อด 0033.1/380/2568 ลงวันที่ 26 สิงหาคม 2568,,,,2026-05-14 17:43:14,System,,,,,,COMPANY,,TRUE,TOTAL,UDH-00653
658,PRINTER LASER,SAMSUNG,M4020ND,CNB3L3WST3,ตึกผู้ป่วยนอก (OPD),1,ER,จุดคัดกรอง,อุบัติเหตุและฉุกเฉิน,Retired,โรงพยาบาลศูนย์อุดรธานี,อด 0033.1/380/2568 ลงวันที่ 26 สิงหาคม 2568,,,,2026-05-14 17:43:14,System,,,,,,COMPANY,,TRUE,TOTAL,UDH-00654
659,PRINTER LASER,HP,M404DN,PHFXG18793,ตึกผู้ป่วยนอก (OPD),1,ER,สังเกตอาการ,อุบัติเหตุและฉุกเฉิน,Retired,โรงพยาบาลศูนย์อุดรธานี,อด 0033.1/380/2568 ลงวันที่ 26 สิงหาคม 2568,,,,2026-05-14 17:43:14,System,,,,,,COMPANY,,TRUE,TOTAL,UDH-00655
660,PRINTER LASER,SAMSUNG,M4020ND,CNB3L3WSRY,ตึกผู้ป่วยนอก (OPD),1,แผนก Refer ศูนย์รับส่ง-ต่อ,,อุบัติเหตุและฉุกเฉิน,Retired,โรงพยาบาลศูนย์อุดรธานี,อด 0033.1/380/2568 ลงวันที่ 26 สิงหาคม 2568,,,,2026-05-14 17:43:14,System,,,,,,COMPANY,,TRUE,TOTAL,UDH-00656
661,PRINTER LASER,OKI,B412DN,BW3A035328C0,ตึกผู้ป่วยนอก (OPD),1,แผนก Refer ศูนย์รับส่ง-ต่อ,,อุบัติเหตุและฉุกเฉิน,Retired,โรงพยาบาลศูนย์อุดรธานี,อด 0033.1/380/2568 ลงวันที่ 26 สิงหาคม 2568,,,,2026-05-14 17:43:14,System,,,,,,COMPANY,,TRUE,TOTAL,UDH-00657
662,PRINTER LASER,SAMSUNG,M4020ND,CNB3KDBLXY,ตึกผู้ป่วยนอก (OPD),1,แผนกประชาสัมพันธ์,,บริหาร/ยุทธศาสตร์,Active,โรงพยาบาลศูนย์อุดรธานี,อด 0033.1/380/2568 ลงวันที่ 26 สิงหาคม 2568,,,,2026-05-14 17:43:14,System,,,,,,COMPANY,,TRUE,TOTAL,UDH-00658
663,PRINTER LASER,SAMSUNG,M4020ND,CNB3L1PSDL,ตึกผู้ป่วยนอก (OPD),1,แผนกประชาสัมพันธ์,,บริหาร/ยุทธศาสตร์,Retired,โรงพยาบาลศูนย์อุดรธานี,อด 0033.1/380/2568 ลงวันที่ 26 สิงหาคม 2568,,,,2026-05-14 17:43:14,System,,,,,,COMPANY,,TRUE,TOTAL,UDH-00659
664,PRINTER LASER,SAMSUNG,M4020ND,CNB3L1PSDR,ตึกผู้ป่วยนอก (OPD),1,แผนกประชาสัมพันธ์,,บริหาร/ยุทธศาสตร์,Retired,โรงพยาบาลศูนย์อุดรธานี,อด 0033.1/380/2568 ลงวันที่ 26 สิงหาคม 2568,,,,2026-05-14 17:43:14,System,,,,,,COMPANY,,TRUE,TOTAL,UDH-00660
2107,PRINTER LASER,BROTHER,HL-L5210DN,E81695J5N769391,ตึกผู้ป่วยนอกเดิม,1,คลินิกเบาหวาน,ซักประวัติ,อายุรกรรม,Active,โรงพยาบาลศูนย์อุดรธานี,อด 0033.1/380/2568 ลงวันที่ 26 สิงหาคม 2568,,,,2026-05-14 17:43:14,System,,,,,,COMPANY,,TRUE,TOTAL,UDH-02081
1393,PRINTER INKJET AIO,EPSON,L5290,X8H2027151,ตึกผู้ป่วยนอกเดิม,1,คลินิกเบาหวาน,ห้องตรวจ 10,อายุรกรรม,Active,โรงพยาบาลศูนย์อุดรธานี,อด 0033.1/380/2568 ลงวันที่ 26 สิงหาคม 2568,,,,2026-05-14 17:43:14,System,,,,,,COMPANY,,TRUE,TOTAL,UDH-01389
749,BARCODE SCANNERS,ZEBRA,DS2208,S22176010553718,ตึกผู้ป่วยนอก (OPD),2,คลินิก SMC,ซักประวัติ,คลินิกเฉพาะทางนอกเวลา,Active,โรงพยาบาลศูนย์อุดรธานี,อด 0033.1/380/2568 ลงวันที่ 26 สิงหาคม 2568,,,,2026-05-14 17:43:14,System,,,,,,COMPANY,,FALSE,TOTAL,UDH-00745
644,PRINTER INKJET AIO,EPSON,L5290,X8H2029195,ตึกผู้ป่วยนอก (OPD),1,ห้องฉีดยาทำแผล OPD ศัลยกรรม,,ศัลยกรรม,Active,โรงพยาบาลศูนย์อุดรธานี,อด 0033.1/380/2568 ลงวันที่ 26 สิงหาคม 2568,,,,2026-05-14 17:43:14,System,,,,,,COMPANY,,TRUE,TOTAL,UDH-00640
697,PRINTER THERMAL,ZEBRA,ZD421,D6J222700870,ตึกผู้ป่วยนอก (OPD),1,ห้องฉีดยาทำแผล OPD ศัลยกรรม,,ศัลยกรรม,Active,โรงพยาบาลศูนย์อุดรธานี,อด 0033.1/380/2568 ลงวันที่ 26 สิงหาคม 2568,,,,2026-05-14 17:43:14,System,,,,,,COMPANY,,FALSE,TOTAL,UDH-00693
1406,PRINTER LASER,OKI,ES5112,BW21013594C0,ตึกผู้ป่วยนอกเดิม,1,คลินิกเบาหวาน,ห้องตรวจ 7,อายุรกรรม,Active,โรงพยาบาลศูนย์อุดรธานี,อด 0033.1/380/2568 ลงวันที่ 26 สิงหาคม 2568,,,,2026-05-14 17:43:14,System,,,,,,COMPANY,,TRUE,TOTAL,UDH-01402
1444,PRINTER THERMAL,ZEBRA,ZD421,D6J222613569,ตึกผู้ป่วยนอกเดิม,1,คลินิกเบาหวาน,ห้องตรวจ 7,อายุรกรรม,Active,โรงพยาบาลศูนย์อุดรธานี,อด 0033.1/380/2568 ลงวันที่ 26 สิงหาคม 2568,,,,2026-05-14 17:43:14,System,,,,,,COMPANY,,FALSE,TOTAL,UDH-01440
672,PRINTER LASER,OKI,ES5112,BW21013695C0,ตึกผู้ป่วยนอก (OPD),4,ทันตกรรม,,ทันตกรรม,Active,โรงพยาบาลศูนย์อุดรธานี,อด 0033.1/380/2568 ลงวันที่ 26 สิงหาคม 2568,,,,2026-05-14 17:43:14,System,,,,,,COMPANY,,TRUE,TOTAL,UDH-00668
673,PRINTER LASER,SAMSUNG,M4020ND,CNB3L3WSXY,ตึกผู้ป่วยนอก (OPD),1,ER,ห้องบัตร,อุบัติเหตุและฉุกเฉิน,Retired,โรงพยาบาลศูนย์อุดรธานี,อด 0033.1/380/2568 ลงวันที่ 26 สิงหาคม 2568,,,,2026-05-14 17:43:14,System,,,,,,COMPANY,,TRUE,TOTAL,UDH-00669
674,PRINTER LASER,OKI,ES5112,BW1C029600C0,ตึกผู้ป่วยนอก (OPD),1,ER,ห้องบัตร,อุบัติเหตุและฉุกเฉิน,Retired,โรงพยาบาลศูนย์อุดรธานี,อด 0033.1/380/2568 ลงวันที่ 26 สิงหาคม 2568,,,,2026-06-12 13:39:09,nikorn2527@gmail.com,,,,,,COMPANY,,TRUE,TOTAL,UDH-00670
698,PRINTER THERMAL,ZEBRA,ZD421,D6J222702143,ตึกผู้ป่วยนอก (OPD),1,ห้องฉีดยาทำแผล OPD ศัลยกรรม,,ศัลยกรรม,Active,โรงพยาบาลศูนย์อุดรธานี,อด 0033.1/380/2568 ลงวันที่ 26 สิงหาคม 2568,,,,2026-05-14 17:43:14,System,,,,,,COMPANY,,FALSE,TOTAL,UDH-00694
676,PRINTER THERMAL,ZEBRA,ZD421,D6J222613104,ตึกผู้ป่วยนอก (OPD),1,ER,โซนชมพู,อุบัติเหตุและฉุกเฉิน,Active,โรงพยาบาลศูนย์อุดรธานี,อด 0033.1/380/2568 ลงวันที่ 26 สิงหาคม 2568,,,,2026-05-14 17:43:14,System,,,,,,COMPANY,,FALSE,TOTAL,UDH-00672
677,PRINTER THERMAL,ZEBRA,ZD421,D6J222613631,ตึกผู้ป่วยนอก (OPD),1,ER,จุดคัดกรอง,อุบัติเหตุและฉุกเฉิน,Retired,โรงพยาบาลศูนย์อุดรธานี,อด 0033.1/380/2568 ลงวันที่ 26 สิงหาคม 2568,,,,2026-05-14 17:43:14,System,,,,,,COMPANY,,FALSE,TOTAL,UDH-00673
1077,PRINTER LASER,SAMSUNG,M4020ND,CNB3L3WSY6,ตึกผู้ป่วยนอก (OPD),3,OPD กุมารเวชกรรม,ห้องตรวจ,กุมารเวชกรรม,Retired,โรงพยาบาลศูนย์อุดรธานี,อด 0033.1/380/2568 ลงวันที่ 26 สิงหาคม 2568,,,,2026-05-14 17:43:14,System,,,,,,COMPANY,,TRUE,TOTAL,UDH-01073
1080,PRINTER LASER,SAMSUNG,M4020ND,CNB3L3WSSY,ตึกผู้ป่วยนอก (OPD),3,OPD กุมารเวชกรรม,ห้องตรวจ,กุมารเวชกรรม,Retired,โรงพยาบาลศูนย์อุดรธานี,อด 0033.1/380/2568 ลงวันที่ 26 สิงหาคม 2568,,,,2026-05-14 17:43:14,System,,,,,,COMPANY,,TRUE,TOTAL,UDH-01076
1081,PRINTER LASER,HP,M402DN,PHCFD06265,ตึกผู้ป่วยนอก (OPD),3,OPD กุมารเวชกรรม,จุดบริการ 2,กุมารเวชกรรม,Disposed,โรงพยาบาลศูนย์อุดรธานี,อด 0033.1/380/2568 ลงวันที่ 26 สิงหาคม 2568,,,,2026-08-06 13:27:50,nikorn2527@gmail.com,,,,2026-08-06,,COMPANY,,TRUE,TOTAL,UDH-01077
1445,PRINTER THERMAL,ZEBRA,ZD421,D6J222700830,ตึกผู้ป่วยนอกเดิม,1,คลินิกเบาหวาน,ห้องตรวจ 8,อายุรกรรม,Active,โรงพยาบาลศูนย์อุดรธานี,อด 0033.1/380/2568 ลงวันที่ 26 สิงหาคม 2568,,,,2026-05-14 17:43:14,System,,,,,,COMPANY,,FALSE,TOTAL,UDH-01441
1446,PRINTER THERMAL,ZEBRA,ZD421,D6J222700819,ตึกผู้ป่วยนอกเดิม,1,คลินิกเบาหวาน,ห้องตรวจ 9,อายุรกรรม,Active,โรงพยาบาลศูนย์อุดรธานี,อด 0033.1/380/2568 ลงวันที่ 26 สิงหาคม 2568,,,,2026-05-14 17:43:14,System,,,,,,COMPANY,,FALSE,TOTAL,UDH-01442
929,PRINTER THERMAL,ZEBRA,ZD421,D6J222614644,ตึกผู้ป่วยนอก (OPD),2,คลินิก SMC,จุดบริการ 1,คลินิกเฉพาะทางนอกเวลา,Active,โรงพยาบาลศูนย์อุดรธานี,อด 0033.1/380/2568 ลงวันที่ 26 สิงหาคม 2568,,,,2026-05-14 17:43:14,System,,,,,,COMPANY,,FALSE,TOTAL,UDH-00925
684,PRINTER THERMAL,ZEBRA,ZD421,D6J222613113,ตึกผู้ป่วยนอก (OPD),1,เจาะเลือด,,พยาธิวิทยา/ห้องปฏิบัติการ,Active,โรงพยาบาลศูนย์อุดรธานี,อด 0033.1/380/2568 ลงวันที่ 26 สิงหาคม 2568,,,,2026-05-14 17:43:14,System,,,,,,COMPANY,,FALSE,TOTAL,UDH-00680
685,PRINTER THERMAL,ZEBRA,ZD421,D6J222614790,ตึกผู้ป่วยนอก (OPD),1,แผนกประชาสัมพันธ์,,บริหาร/ยุทธศาสตร์,Active,โรงพยาบาลศูนย์อุดรธานี,อด 0033.1/380/2568 ลงวันที่ 26 สิงหาคม 2568,,,,2026-05-14 17:43:14,System,,,,,,COMPANY,,FALSE,TOTAL,UDH-00681
686,PRINTER THERMAL,ZEBRA,ZD421,D6J222613686,ตึกผู้ป่วยนอก (OPD),1,ศูนย์เปล,,บริหาร/ยุทธศาสตร์,Active,โรงพยาบาลศูนย์อุดรธานี,อด 0033.1/380/2568 ลงวันที่ 26 สิงหาคม 2568,,,,2026-05-14 17:43:14,System,,,,,,COMPANY,,FALSE,TOTAL,UDH-00682
687,PRINTER THERMAL,ZEBRA,ZD421,D6J222700806,ตึกผู้ป่วยนอก (OPD),1,ศูนย์เปล,,บริหาร/ยุทธศาสตร์,Active,โรงพยาบาลศูนย์อุดรธานี,อด 0033.1/380/2568 ลงวันที่ 26 สิงหาคม 2568,,,,2026-05-14 17:43:14,System,,,,,,COMPANY,,FALSE,TOTAL,UDH-00683
1082,PRINTER LASER,HP,M404DN,PHFXG18782,ตึกผู้ป่วยนอก (OPD),3,OPD กุมารเวชกรรม,ห้องตรวจ,กุมารเวชกรรม,Active,โรงพยาบาลศูนย์อุดรธานี,อด 0033.1/380/2568 ลงวันที่ 26 สิงหาคม 2568,,,,2026-05-14 17:43:14,System,,,,,,COMPANY,,TRUE,TOTAL,UDH-01078
1084,PRINTER LASER,HP,M402DN,PHCFF06256,ตึกผู้ป่วยนอก (OPD),3,OPD กุมารเวชกรรม,จุดบริการ 1,กุมารเวชกรรม,Disposed,โรงพยาบาลศูนย์อุดรธานี,อด 0033.1/380/2568 ลงวันที่ 26 สิงหาคม 2568,,,,2026-08-06 13:28:27,nikorn2527@gmail.com,,,,2026-08-06,,COMPANY,,TRUE,TOTAL,UDH-01080
690,PRINTER THERMAL,HONEYWELL,PC42E-T,24339W0503,ตึกศัลยกรรม,1,ศัลยกรรม 1 Trauma,,ศัลยกรรม,Active,โรงพยาบาลศูนย์อุดรธานี,อด 0033.1/380/2568 ลงวันที่ 26 สิงหาคม 2568,,,,2026-05-14 17:43:14,System,,,,,,COMPANY,,FALSE,TOTAL,UDH-00686
1119,PRINTER THERMAL,ZEBRA,ZD421,D6J222613125,ตึกผู้ป่วยนอก (OPD),3,OPD กุมารเวชกรรม,ห้องตรวจ,กุมารเวชกรรม,Active,โรงพยาบาลศูนย์อุดรธานี,อด 0033.1/380/2568 ลงวันที่ 26 สิงหาคม 2568,,,,2026-05-14 17:43:14,System,,,,,,COMPANY,,FALSE,TOTAL,UDH-01115
2138,PRINTER LASER,BROTHER,HL-L5210DN,E81695J5N771942,ตึกผู้ป่วยนอก (OPD),2,คลินิก SMC,จุดบริการ 41,คลินิกเฉพาะทางนอกเวลา,Active,โรงพยาบาลศูนย์อุดรธานี,อด 0033.1/380/2568 ลงวันที่ 26 สิงหาคม 2568,,,,2026-05-14 17:43:14,System,,,,,,COMPANY,,TRUE,TOTAL,UDH-02111
831,PRINTER INKJET AIO,EPSON,L5290,X8H2025620,ตึกผู้ป่วยนอก (OPD),2,คลินิก SMC,จุดบริการ 42,คลินิกเฉพาะทางนอกเวลา,Active,โรงพยาบาลศูนย์อุดรธานี,อด 0033.1/380/2568 ลงวันที่ 26 สิงหาคม 2568,,,,2026-05-14 17:43:14,System,,,,,,COMPANY,,TRUE,TOTAL,UDH-00827
747,BARCODE SCANNERS,ZEBRA,DS2208,S22179010552168,ตึกผู้ป่วยนอก (OPD),2,คลินิก SMC,ห้องตรวจ,คลินิกเฉพาะทางนอกเวลา,Active,โรงพยาบาลศูนย์อุดรธานี,อด 0033.1/380/2568 ลงวันที่ 26 สิงหาคม 2568,,,,2026-05-14 17:43:14,System,,,,,,COMPANY,,FALSE,TOTAL,UDH-00743
1120,PRINTER THERMAL,ZEBRA,ZD421,D6J222613793,ตึกผู้ป่วยนอก (OPD),3,OPD กุมารเวชกรรม,จุดบริการ 1,กุมารเวชกรรม,Active,โรงพยาบาลศูนย์อุดรธานี,อด 0033.1/380/2568 ลงวันที่ 26 สิงหาคม 2568,,,,2026-05-14 17:43:14,System,,,,,,COMPANY,,FALSE,TOTAL,UDH-01116
1121,PRINTER THERMAL,ZEBRA,ZD421,D6J222613110,ตึกผู้ป่วยนอก (OPD),3,OPD กุมารเวชกรรม,จุดบริการ 2,กุมารเวชกรรม,Active,โรงพยาบาลศูนย์อุดรธานี,อด 0033.1/380/2568 ลงวันที่ 26 สิงหาคม 2568,,,,2026-05-14 17:43:14,System,,,,,,COMPANY,,FALSE,TOTAL,UDH-01117
1124,PRINTER THERMAL,ZEBRA,ZD421,D6J222614760,ตึกผู้ป่วยนอก (OPD),3,OPD กุมารเวชกรรม,ห้องตรวจ  31,กุมารเวชกรรม,Active,โรงพยาบาลศูนย์อุดรธานี,อด 0033.1/380/2568 ลงวันที่ 26 สิงหาคม 2568,,,,2026-05-14 17:43:14,System,,,,,,COMPANY,,FALSE,TOTAL,UDH-01120
1125,PRINTER THERMAL,ZEBRA,ZD421,D6J222700905,ตึกผู้ป่วยนอก (OPD),3,OPD กุมารเวชกรรม,ห้องตรวจ 33,กุมารเวชกรรม,Active,โรงพยาบาลศูนย์อุดรธานี,อด 0033.1/380/2568 ลงวันที่ 26 สิงหาคม 2568,,,,2026-05-14 17:43:14,System,,,,,,COMPANY,,FALSE,TOTAL,UDH-01121
699,PRINTER THERMAL,ZEBRA,ZD421,D6J222613696,ตึกผู้ป่วยนอก (OPD),1,ER,ห้องบัตร,อุบัติเหตุและฉุกเฉิน,Active,โรงพยาบาลศูนย์อุดรธานี,อด 0033.1/380/2568 ลงวันที่ 26 สิงหาคม 2568,,,,2026-05-14 17:43:14,System,,,,,,COMPANY,,FALSE,TOTAL,UDH-00695
700,PRINTER THERMAL,ZEBRA,ZD421,D6J222613744,ตึกผู้ป่วยนอก (OPD),1,ER,ห้องบัตร,อุบัติเหตุและฉุกเฉิน,Retired,โรงพยาบาลศูนย์อุดรธานี,อด 0033.1/380/2568 ลงวันที่ 26 สิงหาคม 2568,,,,2026-05-14 17:43:14,System,,,,,,COMPANY,,FALSE,TOTAL,UDH-00696
701,PRINTER THERMAL,ZEBRA,ZD421,D6J222614661,ตึกผู้ป่วยนอก (OPD),1,ER,ห้องบัตร,อุบัติเหตุและฉุกเฉิน,Active,โรงพยาบาลศูนย์อุดรธานี,อด 0033.1/380/2568 ลงวันที่ 26 สิงหาคม 2568,,,,2026-05-14 17:43:14,System,,,,,,COMPANY,,FALSE,TOTAL,UDH-00697
702,PRINTER THERMAL,ZEBRA,ZD421,D6J222700928,ตึกผู้ป่วยนอก (OPD),1,ER,ห้องบัตร,อุบัติเหตุและฉุกเฉิน,Active,โรงพยาบาลศูนย์อุดรธานี,อด 0033.1/380/2568 ลงวันที่ 26 สิงหาคม 2568,,,,2026-05-14 17:43:14,System,,,,,,COMPANY,,FALSE,TOTAL,UDH-00698
1126,PRINTER THERMAL,ZEBRA,ZD421,D6J222613766,ตึกผู้ป่วยนอก (OPD),3,OPD กุมารเวชกรรม,ห้องตรวจ 34,กุมารเวชกรรม,Active,โรงพยาบาลศูนย์อุดรธานี,อด 0033.1/380/2568 ลงวันที่ 26 สิงหาคม 2568,,,,2026-05-14 17:43:14,System,,,,,,COMPANY,,FALSE,TOTAL,UDH-01122
1127,PRINTER THERMAL,ZEBRA,ZD421,D6J222613646,ตึกผู้ป่วยนอก (OPD),3,OPD กุมารเวชกรรม,ห้องตรวจ 35,กุมารเวชกรรม,Active,โรงพยาบาลศูนย์อุดรธานี,อด 0033.1/380/2568 ลงวันที่ 26 สิงหาคม 2568,,,,2026-05-14 17:43:14,System,,,,,,COMPANY,,FALSE,TOTAL,UDH-01123
705,PRINTER THERMAL,ZEBRA,ZD421,D6J222613138,ตึกผู้ป่วยนอก (OPD),1,AE ward,,อุบัติเหตุและฉุกเฉิน,Active,โรงพยาบาลศูนย์อุดรธานี,อด 0033.1/380/2568 ลงวันที่ 26 สิงหาคม 2568,,,,2026-05-14 17:43:14,System,,,,,,COMPANY,,FALSE,TOTAL,UDH-00701
706,PRINTER THERMAL,ZEBRA,ZD421,D6J222613815,ตึกผู้ป่วยนอก (OPD),1,ER,โซนแดง,อุบัติเหตุและฉุกเฉิน,Active,โรงพยาบาลศูนย์อุดรธานี,อด 0033.1/380/2568 ลงวันที่ 26 สิงหาคม 2568,,,,2026-05-14 17:43:14,System,,,,,,COMPANY,,FALSE,TOTAL,UDH-00702
707,PRINTER THERMAL,ZEBRA,ZD421,D6J222613150,ตึกผู้ป่วยนอก (OPD),1,ER,โซนแดง,อุบัติเหตุและฉุกเฉิน,Active,โรงพยาบาลศูนย์อุดรธานี,อด 0033.1/380/2568 ลงวันที่ 26 สิงหาคม 2568,,,,2026-05-14 17:43:14,System,,,,,,COMPANY,,FALSE,TOTAL,UDH-00703
708,PRINTER THERMAL,ZEBRA,ZD421,D6J222613587,ตึกผู้ป่วยนอก (OPD),1,ER,โซนแดง,อุบัติเหตุและฉุกเฉิน,Active,โรงพยาบาลศูนย์อุดรธานี,อด 0033.1/380/2568 ลงวันที่ 26 สิงหาคม 2568,,,,2026-05-14 17:43:14,System,,,,,,COMPANY,,FALSE,TOTAL,UDH-00704
709,PRINTER THERMAL,ZEBRA,ZD421,D6J222613749,ตึกผู้ป่วยนอก (OPD),1,ER,โซนแดง,อุบัติเหตุและฉุกเฉิน,Active,โรงพยาบาลศูนย์อุดรธานี,อด 0033.1/380/2568 ลงวันที่ 26 สิงหาคม 2568,,,,2026-05-14 17:43:14,System,,,,,,COMPANY,,FALSE,TOTAL,UDH-00705
710,PRINTER THERMAL,ZEBRA,ZD421,D6J222613557,ตึกผู้ป่วยนอก (OPD),1,ER,โซนแดง,อุบัติเหตุและฉุกเฉิน,Active,โรงพยาบาลศูนย์อุดรธานี,อด 0033.1/380/2568 ลงวันที่ 26 สิงหาคม 2568,,,,2026-05-14 17:43:14,System,,,,,,COMPANY,,FALSE,TOTAL,UDH-00706
711,PRINTER THERMAL,ZEBRA,ZD421,D6J222613792,ตึกผู้ป่วยนอก (OPD),1,ER,โซนแดง,อุบัติเหตุและฉุกเฉิน,Active,โรงพยาบาลศูนย์อุดรธานี,อด 0033.1/380/2568 ลงวันที่ 26 สิงหาคม 2568,,,,2026-05-14 17:43:14,System,,,,,,COMPANY,,FALSE,TOTAL,UDH-00707
712,PRINTER THERMAL,ZEBRA,ZD421,D6J222613676,ตึกผู้ป่วยนอก (OPD),1,ER,โซนแดง,อุบัติเหตุและฉุกเฉิน,Active,โรงพยาบาลศูนย์อุดรธานี,อด 0033.1/380/2568 ลงวันที่ 26 สิงหาคม 2568,,,,2026-05-14 17:43:14,System,,,,,,COMPANY,,FALSE,TOTAL,UDH-00708
713,SCANNERS,CANON,DR-C230,JA491759,ตึกผู้ป่วยนอก (OPD),1,AE ward,,อุบัติเหตุและฉุกเฉิน,Active,โรงพยาบาลศูนย์อุดรธานี,อด 0033.1/380/2568 ลงวันที่ 26 สิงหาคม 2568,,,,2026-05-14 17:43:14,System,,,,,,COMPANY,,FALSE,TOTAL,UDH-00709
1271,PRINTER LASER,HP,M402DN,PHCFB18530,ตึกผู้ป่วยนอก (OPD),3,OPD กุมารเวชกรรม,ห้องตรวจ,กุมารเวชกรรม,Disposed,โรงพยาบาลศูนย์อุดรธานี,อด 0033.1/380/2568 ลงวันที่ 26 สิงหาคม 2568,,,,2026-08-06 13:29:28,nikorn2527@gmail.com,,,,2026-08-06,,COMPANY,,TRUE,TOTAL,UDH-01267
387,BARCODE SCANNERS,ZEBRA,DS2208,S22176010553531,ตึกเชี่ยวชาญ,2,คลินิกเฉพาะทางมะเร็ง,ห้องตรวจ,มะเร็งวิทยา,Active,โรงพยาบาลศูนย์อุดรธานี,อด 0033.1/380/2568 ลงวันที่ 26 สิงหาคม 2568,,,,2026-05-14 17:43:14,System,,,,,,COMPANY,,FALSE,TOTAL,UDH-00383
716,SCANNERS,CANON,DR-C230,JA491904,ตึกผู้ป่วยนอก (OPD),1,แผนกประชาสัมพันธ์,,บริหาร/ยุทธศาสตร์,Active,โรงพยาบาลศูนย์อุดรธานี,อด 0033.1/380/2568 ลงวันที่ 26 สิงหาคม 2568,,,,2026-05-14 17:43:14,System,,,,,,COMPANY,,FALSE,TOTAL,UDH-00712
388,BARCODE SCANNERS,ZEBRA,DS2208,S22176010553272,ตึกเชี่ยวชาญ,2,คลินิกเฉพาะทางมะเร็ง,ห้องตรวจ,มะเร็งวิทยา,Active,โรงพยาบาลศูนย์อุดรธานี,อด 0033.1/380/2568 ลงวันที่ 26 สิงหาคม 2568,,,,2026-05-14 17:43:14,System,,,,,,COMPANY,,FALSE,TOTAL,UDH-00384
718,SCANNERS,CANON,DR-C230,JA491974,ตึกผู้ป่วยนอกเดิม,2,เวชระเบียนนอก,,เวชระเบียน,Active,โรงพยาบาลศูนย์อุดรธานี,อด 0033.1/380/2568 ลงวันที่ 26 สิงหาคม 2568,,,,2026-05-14 17:43:14,System,,,,,,COMPANY,,FALSE,TOTAL,UDH-00714
719,SCANNERS,CANON,DR-C230,JA491869,ตึกผู้ป่วยนอก (OPD),1,ER,ห้องบัตร,อุบัติเหตุและฉุกเฉิน,Active,โรงพยาบาลศูนย์อุดรธานี,อด 0033.1/380/2568 ลงวันที่ 26 สิงหาคม 2568,,,,2026-05-14 17:43:14,System,,,,,,COMPANY,,FALSE,TOTAL,UDH-00715
389,BARCODE SCANNERS,ZEBRA,DS2208,S22176010553277,ตึกเชี่ยวชาญ,2,คลินิกเฉพาะทางมะเร็ง,ห้องตรวจ,มะเร็งวิทยา,Active,โรงพยาบาลศูนย์อุดรธานี,อด 0033.1/380/2568 ลงวันที่ 26 สิงหาคม 2568,,,,2026-05-14 17:43:14,System,,,,,,COMPANY,,FALSE,TOTAL,UDH-00385
721,BARCODE SCANNERS,ZEBRA,DS2208,S22179010552364,ตึกผู้ป่วยนอก (OPD),2,คลินิกเฉพาะทางโรคผู้สูงอายุ,,คลินิกเฉพาะทางนอกเวลา,Active,โรงพยาบาลศูนย์อุดรธานี,อด 0033.1/380/2568 ลงวันที่ 26 สิงหาคม 2568,,,,2026-05-14 17:43:14,System,,,,,,COMPANY,,FALSE,TOTAL,UDH-00717
722,BARCODE SCANNERS,ZEBRA,DS2208,S22179010552226,ตึกผู้ป่วยนอก (OPD),2,เคาร์เตอร์บัตรผู้ป่วยนอก ,เคาร์เตอร์บัตรผู้ป่วยนอก ,เวชระเบียน,Active,โรงพยาบาลศูนย์อุดรธานี,อด 0033.1/380/2568 ลงวันที่ 26 สิงหาคม 2568,,,,2026-05-14 17:43:14,System,,,,,,COMPANY,,FALSE,TOTAL,UDH-00718
723,BARCODE SCANNERS,ZEBRA,DS2208,S22179010552230,ตึกผู้ป่วยนอก (OPD),2,เคาร์เตอร์บัตรผู้ป่วยนอก ,เคาร์เตอร์บัตรผู้ป่วยนอก ,เวชระเบียน,Active,โรงพยาบาลศูนย์อุดรธานี,อด 0033.1/380/2568 ลงวันที่ 26 สิงหาคม 2568,,,,2026-05-14 17:43:14,System,,,,,,COMPANY,,FALSE,TOTAL,UDH-00719
724,BARCODE SCANNERS,ZEBRA,DS2208,S22179010552124,ตึกผู้ป่วยนอก (OPD),2,เคาร์เตอร์บัตรผู้ป่วยนอก ,เคาร์เตอร์บัตรผู้ป่วยนอก ,เวชระเบียน,Active,โรงพยาบาลศูนย์อุดรธานี,อด 0033.1/380/2568 ลงวันที่ 26 สิงหาคม 2568,,,,2026-05-14 17:43:14,System,,,,,,COMPANY,,FALSE,TOTAL,UDH-00720
725,BARCODE SCANNERS,ZEBRA,DS2208,S22176010553259,ตึกผู้ป่วยนอก (OPD),2,ประเมินก่อนผ่าตัด,,คลินิกเฉพาะทางนอกเวลา,Active,โรงพยาบาลศูนย์อุดรธานี,อด 0033.1/380/2568 ลงวันที่ 26 สิงหาคม 2568,,,,2026-05-14 17:43:14,System,,,,,,COMPANY,,FALSE,TOTAL,UDH-00721
726,BARCODE SCANNERS,ZEBRA,DS2208,S22179010552357,ตึกผู้ป่วยนอก (OPD),2,ประเมินก่อนผ่าตัด,,คลินิกเฉพาะทางนอกเวลา,Active,โรงพยาบาลศูนย์อุดรธานี,อด 0033.1/380/2568 ลงวันที่ 26 สิงหาคม 2568,,,,2026-05-14 17:43:14,System,,,,,,COMPANY,,FALSE,TOTAL,UDH-00722
727,BARCODE SCANNERS,ZEBRA,DS2208,S22179010552392,ตึกผู้ป่วยนอก (OPD),2,ประเมินก่อนผ่าตัด,,คลินิกเฉพาะทางนอกเวลา,Active,โรงพยาบาลศูนย์อุดรธานี,อด 0033.1/380/2568 ลงวันที่ 26 สิงหาคม 2568,,,,2026-05-14 17:43:14,System,,,,,,COMPANY,,FALSE,TOTAL,UDH-00723
728,BARCODE SCANNERS,ZEBRA,DS2208,S22179010552398,ตึกผู้ป่วยนอก (OPD),2,ประเมินก่อนผ่าตัด,,คลินิกเฉพาะทางนอกเวลา,Active,โรงพยาบาลศูนย์อุดรธานี,อด 0033.1/380/2568 ลงวันที่ 26 สิงหาคม 2568,,,,2026-05-14 17:43:14,System,,,,,,COMPANY,,FALSE,TOTAL,UDH-00724
729,BARCODE SCANNERS,ZEBRA,DS2208,S22178010553927,ตึกผู้ป่วยนอก (OPD),2,ประเมินก่อนผ่าตัด,,คลินิกเฉพาะทางนอกเวลา,Active,โรงพยาบาลศูนย์อุดรธานี,อด 0033.1/380/2568 ลงวันที่ 26 สิงหาคม 2568,,,,2026-05-14 17:43:14,System,,,,,,COMPANY,,FALSE,TOTAL,UDH-00725
730,BARCODE SCANNERS,ZEBRA,DS2208,S22149010555112,ตึกผู้ป่วยนอก (OPD),2,X-Ray Interrention,,รังสีวิทยา,Active,โรงพยาบาลศูนย์อุดรธานี,อด 0033.1/380/2568 ลงวันที่ 26 สิงหาคม 2568,,,,2026-05-14 17:43:14,System,,,,,,COMPANY,,FALSE,TOTAL,UDH-00726
731,BARCODE SCANNERS,ZEBRA,DS2208,S18309010510383,ตึกผู้ป่วยนอก (OPD),2,การเงิน,,การเงิน,Active,โรงพยาบาลศูนย์อุดรธานี,อด 0033.1/380/2568 ลงวันที่ 26 สิงหาคม 2568,,,,2026-05-14 17:43:14,System,,,,,,COMPANY,,FALSE,TOTAL,UDH-00727
732,BARCODE SCANNERS,ZEBRA,DS2208,S182860105661,ตึกผู้ป่วยนอก (OPD),2,การเงิน,,การเงิน,Active,โรงพยาบาลศูนย์อุดรธานี,อด 0033.1/380/2568 ลงวันที่ 26 สิงหาคม 2568,,,,2026-05-14 17:43:14,System,,,,,,COMPANY,,FALSE,TOTAL,UDH-00728
390,BARCODE SCANNERS,ZEBRA,DS2208,S22176010553708,ตึกเชี่ยวชาญ,2,คลินิกเฉพาะทางมะเร็ง,ห้องตรวจ,มะเร็งวิทยา,Active,โรงพยาบาลศูนย์อุดรธานี,อด 0033.1/380/2568 ลงวันที่ 26 สิงหาคม 2568,,,,2026-05-14 17:43:14,System,,,,,,COMPANY,,FALSE,TOTAL,UDH-00386
391,BARCODE SCANNERS,ZEBRA,DS2208,S22178010553504,ตึกเชี่ยวชาญ,2,คลินิกเฉพาะทางมะเร็ง,ห้องตรวจ,มะเร็งวิทยา,Active,โรงพยาบาลศูนย์อุดรธานี,อด 0033.1/380/2568 ลงวันที่ 26 สิงหาคม 2568,,,,2026-05-14 17:43:14,System,,,,,,COMPANY,,FALSE,TOTAL,UDH-00387
392,BARCODE SCANNERS,ZEBRA,DS2208,S22178010553637,ตึกเชี่ยวชาญ,2,คลินิกเฉพาะทางมะเร็ง,ห้องตรวจ,มะเร็งวิทยา,Active,โรงพยาบาลศูนย์อุดรธานี,อด 0033.1/380/2568 ลงวันที่ 26 สิงหาคม 2568,,,,2026-05-14 17:43:14,System,,,,,,COMPANY,,FALSE,TOTAL,UDH-00388
393,BARCODE SCANNERS,ZEBRA,DS2208,S22178010553644,ตึกเชี่ยวชาญ,2,คลินิกเฉพาะทางมะเร็ง,ห้องตรวจ,มะเร็งวิทยา,Active,โรงพยาบาลศูนย์อุดรธานี,อด 0033.1/380/2568 ลงวันที่ 26 สิงหาคม 2568,,,,2026-05-14 17:43:14,System,,,,,,COMPANY,,FALSE,TOTAL,UDH-00389
394,BARCODE SCANNERS,ZEBRA,DS2208,S22178010553650,ตึกเชี่ยวชาญ,2,คลินิกเฉพาะทางมะเร็ง,ห้องตรวจ,มะเร็งวิทยา,Active,โรงพยาบาลศูนย์อุดรธานี,อด 0033.1/380/2568 ลงวันที่ 26 สิงหาคม 2568,,,,2026-05-14 17:43:14,System,,,,,,COMPANY,,FALSE,TOTAL,UDH-00390
395,BARCODE SCANNERS,ZEBRA,DS2208,S22149010555164,ตึกเชี่ยวชาญ,2,คลินิกเฉพาะทางมะเร็ง,ห้องตรวจ,มะเร็งวิทยา,Active,โรงพยาบาลศูนย์อุดรธานี,อด 0033.1/380/2568 ลงวันที่ 26 สิงหาคม 2568,,,,2026-05-14 17:43:14,System,,,,,,COMPANY,,FALSE,TOTAL,UDH-00391
396,BARCODE SCANNERS,ZEBRA,DS2208,S22176010553232,ตึกเชี่ยวชาญ,2,คลินิกเฉพาะทางมะเร็ง,ห้องตรวจ,มะเร็งวิทยา,Active,โรงพยาบาลศูนย์อุดรธานี,อด 0033.1/380/2568 ลงวันที่ 26 สิงหาคม 2568,,,,2026-05-14 17:43:14,System,,,,,,COMPANY,,FALSE,TOTAL,UDH-00392
397,BARCODE SCANNERS,ZEBRA,DS2208,S22178010553675,ตึกเชี่ยวชาญ,2,คลินิกเฉพาะทางมะเร็ง,ห้องตรวจ,มะเร็งวิทยา,Active,โรงพยาบาลศูนย์อุดรธานี,อด 0033.1/380/2568 ลงวันที่ 26 สิงหาคม 2568,,,,2026-05-14 17:43:14,System,,,,,,COMPANY,,FALSE,TOTAL,UDH-00393
418,PRINTER INKJET,EPSON,M3170,X5TT006034,ตึกเชี่ยวชาญ,2,คลินิกเฉพาะทางมะเร็ง,ห้องตรวจ 4,มะเร็งวิทยา,Active,โรงพยาบาลศูนย์อุดรธานี,อด 0033.1/380/2568 ลงวันที่ 26 สิงหาคม 2568,,,,2026-05-14 17:43:14,System,,,,,,COMPANY,,TRUE,TOTAL,UDH-00414
419,PRINTER INKJET,EPSON,M3170,X5TT006036,ตึกเชี่ยวชาญ,2,คลินิกเฉพาะทางมะเร็ง,ห้องตรวจ 2,มะเร็งวิทยา,Active,โรงพยาบาลศูนย์อุดรธานี,อด 0033.1/380/2568 ลงวันที่ 26 สิงหาคม 2568,,,,2026-05-14 17:43:14,System,,,,,,COMPANY,,TRUE,TOTAL,UDH-00415
420,PRINTER INKJET,EPSON,M3170,X5TT006073,ตึกเชี่ยวชาญ,2,คลินิกเฉพาะทางมะเร็ง,ห้องตรวจ 1,มะเร็งวิทยา,Active,โรงพยาบาลศูนย์อุดรธานี,อด 0033.1/380/2568 ลงวันที่ 26 สิงหาคม 2568,,,,2026-05-14 17:43:14,System,,,,,,COMPANY,,TRUE,TOTAL,UDH-00416
421,PRINTER INKJET,EPSON,M3170,X5TT010665,ตึกเชี่ยวชาญ,2,คลินิกเฉพาะทางมะเร็ง,ห้องตรวจ 5,มะเร็งวิทยา,Active,โรงพยาบาลศูนย์อุดรธานี,อด 0033.1/380/2568 ลงวันที่ 26 สิงหาคม 2568,,,,2026-05-14 17:43:14,System,,,,,,COMPANY,,TRUE,TOTAL,UDH-00417
422,PRINTER INKJET AIO,EPSON,L5290,X8H2029417,ตึกเชี่ยวชาญ,2,คลินิกเฉพาะทางมะเร็ง,ห้องตรวจ 3,มะเร็งวิทยา,Active,โรงพยาบาลศูนย์อุดรธานี,อด 0033.1/380/2568 ลงวันที่ 26 สิงหาคม 2568,,,,2026-05-14 17:43:14,System,,,,,,COMPANY,,TRUE,TOTAL,UDH-00418
424,PRINTER INKJET AIO,EPSON,L5290,X8H2029569,ตึกเชี่ยวชาญ,2,คลินิกเฉพาะทางมะเร็ง,ห้องตรวจ 2,มะเร็งวิทยา,Active,โรงพยาบาลศูนย์อุดรธานี,อด 0033.1/380/2568 ลงวันที่ 26 สิงหาคม 2568,,,,2026-05-14 17:43:14,System,,,,,,COMPANY,,TRUE,TOTAL,UDH-00420
903,PRINTER THERMAL,ZEBRA,ZD421,D6J222700821,ตึกผู้ป่วยนอก (OPD),2,คลินิก SMC,ซักประวัติ,คลินิกเฉพาะทางนอกเวลา,Active,โรงพยาบาลศูนย์อุดรธานี,อด 0033.1/380/2568 ลงวันที่ 26 สิงหาคม 2568,,,,2026-05-14 17:43:14,System,,,,,,COMPANY,,FALSE,TOTAL,UDH-00899
904,PRINTER THERMAL,ZEBRA,ZD421,D6J222614727,ตึกผู้ป่วยนอก (OPD),2,คลินิก SMC,ซักประวัติ,คลินิกเฉพาะทางนอกเวลา,Active,โรงพยาบาลศูนย์อุดรธานี,อด 0033.1/380/2568 ลงวันที่ 26 สิงหาคม 2568,,,,2026-05-14 17:43:14,System,,,,,,COMPANY,,FALSE,TOTAL,UDH-00900
761,BARCODE SCANNERS,ZEBRA,DS2208,S22178010553483,ตึกผู้ป่วยนอก (OPD),2,คลินิก SMC,ห้องตรวจ,คลินิกเฉพาะทางนอกเวลา,Active,โรงพยาบาลศูนย์อุดรธานี,อด 0033.1/380/2568 ลงวันที่ 26 สิงหาคม 2568,,,,2026-05-14 17:43:14,System,,,,,,COMPANY,,FALSE,TOTAL,UDH-00757
425,PRINTER INKJET AIO,EPSON,L5290,X8H2029587,ตึกเชี่ยวชาญ,2,คลินิกเฉพาะทางมะเร็ง,ห้องตรวจ 6,มะเร็งวิทยา,Active,โรงพยาบาลศูนย์อุดรธานี,อด 0033.1/380/2568 ลงวันที่ 26 สิงหาคม 2568,,,,2026-05-14 17:43:14,System,,,,,,COMPANY,,TRUE,TOTAL,UDH-00421
426,PRINTER INKJET AIO,EPSON,L5290,X8H2029560,ตึกเชี่ยวชาญ,2,คลินิกเฉพาะทางมะเร็ง,ห้องตรวจ 8,มะเร็งวิทยา,Active,โรงพยาบาลศูนย์อุดรธานี,อด 0033.1/380/2568 ลงวันที่ 26 สิงหาคม 2568,,,,2026-05-14 17:43:14,System,,,,,,COMPANY,,TRUE,TOTAL,UDH-00422
427,PRINTER INKJET AIO,EPSON,L5290,X8H2029044,ตึกเชี่ยวชาญ,2,คลินิกเฉพาะทางมะเร็ง,ห้องตรวจ 5,มะเร็งวิทยา,Active,โรงพยาบาลศูนย์อุดรธานี,อด 0033.1/380/2568 ลงวันที่ 26 สิงหาคม 2568,,,,2026-05-14 17:43:14,System,,,,,,COMPANY,,TRUE,TOTAL,UDH-00423
1348,BARCODE SCANNERS,ZEBRA,DS2208,S22149010555117,ตึกผู้ป่วยนอกเดิม,1,คลินิกเบาหวาน,ห้องตรวจ,อายุรกรรม,Active,โรงพยาบาลศูนย์อุดรธานี,อด 0033.1/380/2568 ลงวันที่ 26 สิงหาคม 2568,,,,2026-05-14 17:43:14,System,,,,,,COMPANY,,FALSE,TOTAL,UDH-01344
1349,BARCODE SCANNERS,ZEBRA,DS2208,S22178010553502,ตึกผู้ป่วยนอกเดิม,1,คลินิกเบาหวาน,ห้องตรวจ,อายุรกรรม,Active,โรงพยาบาลศูนย์อุดรธานี,อด 0033.1/380/2568 ลงวันที่ 26 สิงหาคม 2568,,,,2026-05-14 17:43:14,System,,,,,,COMPANY,,FALSE,TOTAL,UDH-01345
1350,BARCODE SCANNERS,ZEBRA,DS2208,S22146010559446,ตึกผู้ป่วยนอกเดิม,1,คลินิกเบาหวาน,ห้องตรวจ,อายุรกรรม,Active,โรงพยาบาลศูนย์อุดรธานี,อด 0033.1/380/2568 ลงวันที่ 26 สิงหาคม 2568,,,,2026-05-14 17:43:14,System,,,,,,COMPANY,,FALSE,TOTAL,UDH-01346
1351,BARCODE SCANNERS,ZEBRA,DS2208,S22149010555047,ตึกผู้ป่วยนอกเดิม,1,คลินิกเบาหวาน,ห้องตรวจ,อายุรกรรม,Active,โรงพยาบาลศูนย์อุดรธานี,อด 0033.1/380/2568 ลงวันที่ 26 สิงหาคม 2568,,,,2026-05-14 17:43:14,System,,,,,,COMPANY,,FALSE,TOTAL,UDH-01347
1352,BARCODE SCANNERS,ZEBRA,DS2208,S22150010551671,ตึกผู้ป่วยนอกเดิม,1,คลินิกเบาหวาน,ห้องตรวจ,อายุรกรรม,Active,โรงพยาบาลศูนย์อุดรธานี,อด 0033.1/380/2568 ลงวันที่ 26 สิงหาคม 2568,,,,2026-05-14 17:43:14,System,,,,,,COMPANY,,FALSE,TOTAL,UDH-01348
1353,BARCODE SCANNERS,ZEBRA,DS2208,S22150010551693,ตึกผู้ป่วยนอกเดิม,1,คลินิกเบาหวาน,ห้องตรวจ,อายุรกรรม,Active,โรงพยาบาลศูนย์อุดรธานี,อด 0033.1/380/2568 ลงวันที่ 26 สิงหาคม 2568,,,,2026-05-14 17:43:14,System,,,,,,COMPANY,,FALSE,TOTAL,UDH-01349
1354,BARCODE SCANNERS,ZEBRA,DS2208,S22149010555302,ตึกผู้ป่วยนอกเดิม,1,คลินิกเบาหวาน,ห้องตรวจ,อายุรกรรม,Active,โรงพยาบาลศูนย์อุดรธานี,อด 0033.1/380/2568 ลงวันที่ 26 สิงหาคม 2568,,,,2026-05-14 17:43:14,System,,,,,,COMPANY,,FALSE,TOTAL,UDH-01350
1355,BARCODE SCANNERS,ZEBRA,DS2208,S22150010551708,ตึกผู้ป่วยนอกเดิม,1,คลินิกเบาหวาน,ห้องตรวจ,อายุรกรรม,Active,โรงพยาบาลศูนย์อุดรธานี,อด 0033.1/380/2568 ลงวันที่ 26 สิงหาคม 2568,,,,2026-05-14 17:43:14,System,,,,,,COMPANY,,FALSE,TOTAL,UDH-01351
762,BARCODE SCANNERS,ZEBRA,DS2208,S22149010555088,ตึกผู้ป่วยนอก (OPD),2,คลินิก SMC,ห้องตรวจ,คลินิกเฉพาะทางนอกเวลา,Active,โรงพยาบาลศูนย์อุดรธานี,อด 0033.1/380/2568 ลงวันที่ 26 สิงหาคม 2568,,,,2026-05-14 17:43:14,System,,,,,,COMPANY,,FALSE,TOTAL,UDH-00758
763,BARCODE SCANNERS,ZEBRA,DS2208,S22149010555121,ตึกผู้ป่วยนอก (OPD),2,คลินิก SMC,ห้องตรวจ,คลินิกเฉพาะทางนอกเวลา,Active,โรงพยาบาลศูนย์อุดรธานี,อด 0033.1/380/2568 ลงวันที่ 26 สิงหาคม 2568,,,,2026-05-14 17:43:14,System,,,,,,COMPANY,,FALSE,TOTAL,UDH-00759
764,BARCODE SCANNERS,ZEBRA,DS2208,S22149010555142,ตึกผู้ป่วยนอก (OPD),2,คลินิก SMC,ห้องตรวจ,คลินิกเฉพาะทางนอกเวลา,Active,โรงพยาบาลศูนย์อุดรธานี,อด 0033.1/380/2568 ลงวันที่ 26 สิงหาคม 2568,,,,2026-05-14 17:43:14,System,,,,,,COMPANY,,FALSE,TOTAL,UDH-00760
765,BARCODE SCANNERS,ZEBRA,DS2208,S22149010555083,ตึกผู้ป่วยนอก (OPD),2,คลินิก SMC,ห้องตรวจ,คลินิกเฉพาะทางนอกเวลา,Active,โรงพยาบาลศูนย์อุดรธานี,อด 0033.1/380/2568 ลงวันที่ 26 สิงหาคม 2568,,,,2026-05-14 17:43:14,System,,,,,,COMPANY,,FALSE,TOTAL,UDH-00761
766,BARCODE SCANNERS,ZEBRA,DS2208,S22149010555409,ตึกผู้ป่วยนอก (OPD),2,คลินิก SMC,ห้องตรวจ,คลินิกเฉพาะทางนอกเวลา,Active,โรงพยาบาลศูนย์อุดรธานี,อด 0033.1/380/2568 ลงวันที่ 26 สิงหาคม 2568,,,,2026-05-14 17:43:14,System,,,,,,COMPANY,,FALSE,TOTAL,UDH-00762
767,BARCODE SCANNERS,ZEBRA,DS2208,S22149010555412,ตึกผู้ป่วยนอก (OPD),2,คลินิก SMC,ห้องตรวจ,คลินิกเฉพาะทางนอกเวลา,Active,โรงพยาบาลศูนย์อุดรธานี,อด 0033.1/380/2568 ลงวันที่ 26 สิงหาคม 2568,,,,2026-05-14 17:43:14,System,,,,,,COMPANY,,FALSE,TOTAL,UDH-00763
768,BARCODE SCANNERS,ZEBRA,DS2208,S22150010551711,ตึกผู้ป่วยนอก (OPD),2,คลินิก SMC,ห้องตรวจ,คลินิกเฉพาะทางนอกเวลา,Active,โรงพยาบาลศูนย์อุดรธานี,อด 0033.1/380/2568 ลงวันที่ 26 สิงหาคม 2568,,,,2026-05-14 17:43:14,System,,,,,,COMPANY,,FALSE,TOTAL,UDH-00764
769,BARCODE SCANNERS,ZEBRA,DS2208,S22150010551709,ตึกผู้ป่วยนอก (OPD),2,คลินิก SMC,ห้องตรวจ,คลินิกเฉพาะทางนอกเวลา,Active,โรงพยาบาลศูนย์อุดรธานี,อด 0033.1/380/2568 ลงวันที่ 26 สิงหาคม 2568,,,,2026-05-14 17:43:14,System,,,,,,COMPANY,,FALSE,TOTAL,UDH-00765
770,BARCODE SCANNERS,ZEBRA,DS2208,S22150010551725,ตึกผู้ป่วยนอก (OPD),2,คลินิก SMC,ห้องตรวจ,คลินิกเฉพาะทางนอกเวลา,Active,โรงพยาบาลศูนย์อุดรธานี,อด 0033.1/380/2568 ลงวันที่ 26 สิงหาคม 2568,,,,2026-05-14 17:43:14,System,,,,,,COMPANY,,FALSE,TOTAL,UDH-00766
771,BARCODE SCANNERS,ZEBRA,DS2208,S22179010552119,ตึกผู้ป่วยนอก (OPD),2,คลินิก SMC,ห้องตรวจ,คลินิกเฉพาะทางนอกเวลา,Active,โรงพยาบาลศูนย์อุดรธานี,อด 0033.1/380/2568 ลงวันที่ 26 สิงหาคม 2568,,,,2026-05-14 17:43:14,System,,,,,,COMPANY,,FALSE,TOTAL,UDH-00767
821,PRINTER INKJET AIO,EPSON,L5290,X8H2027141,ตึกผู้ป่วยนอก (OPD),2,คลินิก SMC,ห้องตรวจ,คลินิกเฉพาะทางนอกเวลา,Active,โรงพยาบาลศูนย์อุดรธานี,อด 0033.1/380/2568 ลงวันที่ 26 สิงหาคม 2568,,,,2026-05-14 17:43:14,System,,,,,,COMPANY,,TRUE,TOTAL,UDH-00817
1356,BARCODE SCANNERS,ZEBRA,DS2208,S22149010555551,ตึกผู้ป่วยนอกเดิม,1,คลินิกเบาหวาน,ห้องตรวจ,อายุรกรรม,Active,โรงพยาบาลศูนย์อุดรธานี,อด 0033.1/380/2568 ลงวันที่ 26 สิงหาคม 2568,,,,2026-05-14 17:43:14,System,,,,,,COMPANY,,FALSE,TOTAL,UDH-01352
1357,BARCODE SCANNERS,ZEBRA,DS2208,S22150010551676,ตึกผู้ป่วยนอกเดิม,1,คลินิกเบาหวาน,ห้องตรวจ,อายุรกรรม,Active,โรงพยาบาลศูนย์อุดรธานี,อด 0033.1/380/2568 ลงวันที่ 26 สิงหาคม 2568,,,,2026-05-14 17:43:14,System,,,,,,COMPANY,,FALSE,TOTAL,UDH-01353
1358,BARCODE SCANNERS,ZEBRA,DS2208,S22150010551721,ตึกผู้ป่วยนอกเดิม,1,คลินิกเบาหวาน,ห้องตรวจ,อายุรกรรม,Active,โรงพยาบาลศูนย์อุดรธานี,อด 0033.1/380/2568 ลงวันที่ 26 สิงหาคม 2568,,,,2026-05-14 17:43:14,System,,,,,,COMPANY,,FALSE,TOTAL,UDH-01354
1359,BARCODE SCANNERS,ZEBRA,DS2208,S22178010553924,ตึกผู้ป่วยนอกเดิม,1,คลินิกเบาหวาน,ห้องตรวจ,อายุรกรรม,Active,โรงพยาบาลศูนย์อุดรธานี,อด 0033.1/380/2568 ลงวันที่ 26 สิงหาคม 2568,,,,2026-05-14 17:43:14,System,,,,,,COMPANY,,FALSE,TOTAL,UDH-01355
1388,PRINTER INKJET AIO,EPSON,L5290,X8H2029165,ตึกผู้ป่วยนอกเดิม,1,คลินิกเบาหวาน,ห้องตรวจ,อายุรกรรม,Active,โรงพยาบาลศูนย์อุดรธานี,อด 0033.1/380/2568 ลงวันที่ 26 สิงหาคม 2568,,,,2026-05-14 17:43:14,System,,,,,,COMPANY,,TRUE,TOTAL,UDH-01384
1389,PRINTER INKJET AIO,EPSON,L5290,X8H2029141,ตึกผู้ป่วยนอกเดิม,1,คลินิกเบาหวาน,ห้องตรวจ,อายุรกรรม,Active,โรงพยาบาลศูนย์อุดรธานี,อด 0033.1/380/2568 ลงวันที่ 26 สิงหาคม 2568,,,,2026-05-14 17:43:14,System,,,,,,COMPANY,,TRUE,TOTAL,UDH-01385
1390,PRINTER INKJET A4,EPSON,L3150,X9CB061209,ตึกผู้ป่วยนอกเดิม,1,คลินิกเบาหวาน,ห้องตรวจ,อายุรกรรม,Active,โรงพยาบาลศูนย์อุดรธานี,อด 0033.1/380/2568 ลงวันที่ 26 สิงหาคม 2568,,,,2026-05-14 17:43:14,System,,,,,,COMPANY,,TRUE,TOTAL,UDH-01386
1391,PRINTER INKJET AIO,EPSON,L5290,X8H2029440,ตึกผู้ป่วยนอกเดิม,1,คลินิกเบาหวาน,ห้องตรวจ,อายุรกรรม,Active,โรงพยาบาลศูนย์อุดรธานี,อด 0033.1/380/2568 ลงวันที่ 26 สิงหาคม 2568,,,,2026-05-14 17:43:14,System,,,,,,COMPANY,,TRUE,TOTAL,UDH-01387
1392,PRINTER INKJET AIO,EPSON,L5290,X8H2028230,ตึกผู้ป่วยนอกเดิม,1,คลินิกเบาหวาน,ห้องตรวจ,อายุรกรรม,Active,โรงพยาบาลศูนย์อุดรธานี,อด 0033.1/380/2568 ลงวันที่ 26 สิงหาคม 2568,,,,2026-05-14 17:43:14,System,,,,,,COMPANY,,TRUE,TOTAL,UDH-01388
1404,PRINTER LASER,HP,M402DN,PHCFB18533,ตึกผู้ป่วยนอกเดิม,1,คลินิกเบาหวาน,ห้องตรวจ,อายุรกรรม,Retired,โรงพยาบาลศูนย์อุดรธานี,อด 0033.1/380/2568 ลงวันที่ 26 สิงหาคม 2568,,,,2026-05-14 17:43:14,System,,,,,,COMPANY,,TRUE,TOTAL,UDH-01400
869,PRINTER LASER,OKI,B412DN,BW38048626C0,ตึกผู้ป่วยนอก (OPD),2,คลินิก SMC,จุดบริการ 42,คลินิกเฉพาะทางนอกเวลา,Retired,โรงพยาบาลศูนย์อุดรธานี,อด 0033.1/380/2568 ลงวันที่ 26 สิงหาคม 2568,,,,2026-05-14 17:43:14,System,,,,,,COMPANY,,TRUE,TOTAL,UDH-00865
1437,PRINTER THERMAL,ZEBRA,ZD421,D6J222701604,ตึกผู้ป่วยนอกเดิม,1,คลินิกเบาหวาน,ห้องตรวจ,อายุรกรรม,Active,โรงพยาบาลศูนย์อุดรธานี,อด 0033.1/380/2568 ลงวันที่ 26 สิงหาคม 2568,,,,2026-05-14 17:43:14,System,,,,,,COMPANY,,FALSE,TOTAL,UDH-01433
1438,PRINTER THERMAL,ZEBRA,ZD421,D6J222613654,ตึกผู้ป่วยนอกเดิม,1,คลินิกเบาหวาน,ห้องตรวจ,อายุรกรรม,Active,โรงพยาบาลศูนย์อุดรธานี,อด 0033.1/380/2568 ลงวันที่ 26 สิงหาคม 2568,,,,2026-05-14 17:43:14,System,,,,,,COMPANY,,FALSE,TOTAL,UDH-01434
1439,PRINTER THERMAL,ZEBRA,ZD421,D6J222613704,ตึกผู้ป่วยนอกเดิม,1,คลินิกเบาหวาน,ห้องตรวจ,อายุรกรรม,Active,โรงพยาบาลศูนย์อุดรธานี,อด 0033.1/380/2568 ลงวันที่ 26 สิงหาคม 2568,,,,2026-05-14 17:43:14,System,,,,,,COMPANY,,FALSE,TOTAL,UDH-01435
1440,PRINTER THERMAL,ZEBRA,ZD421,D6J222613107,ตึกผู้ป่วยนอกเดิม,1,คลินิกเบาหวาน,ห้องตรวจ,อายุรกรรม,Active,โรงพยาบาลศูนย์อุดรธานี,อด 0033.1/380/2568 ลงวันที่ 26 สิงหาคม 2568,,,,2026-05-14 17:43:14,System,,,,,,COMPANY,,FALSE,TOTAL,UDH-01436
1441,PRINTER THERMAL,ZEBRA,ZD421,D6J222613558,ตึกผู้ป่วยนอกเดิม,1,คลินิกเบาหวาน,ห้องตรวจ,อายุรกรรม,Active,โรงพยาบาลศูนย์อุดรธานี,อด 0033.1/380/2568 ลงวันที่ 26 สิงหาคม 2568,,,,2026-05-14 17:43:14,System,,,,,,COMPANY,,FALSE,TOTAL,UDH-01437
1442,PRINTER THERMAL,ZEBRA,ZD421,D6J222613695,ตึกผู้ป่วยนอกเดิม,1,คลินิกเบาหวาน,ห้องตรวจ,อายุรกรรม,Active,โรงพยาบาลศูนย์อุดรธานี,อด 0033.1/380/2568 ลงวันที่ 26 สิงหาคม 2568,,,,2026-05-14 17:43:14,System,,,,,,COMPANY,,FALSE,TOTAL,UDH-01438
1443,PRINTER THERMAL,ZEBRA,ZD421,D6J222614741,ตึกผู้ป่วยนอกเดิม,1,คลินิกเบาหวาน,ห้องตรวจ,อายุรกรรม,Active,โรงพยาบาลศูนย์อุดรธานี,อด 0033.1/380/2568 ลงวันที่ 26 สิงหาคม 2568,,,,2026-05-14 17:43:14,System,,,,,,COMPANY,,FALSE,TOTAL,UDH-01439
870,PRINTER LASER,SAMSUNG,M4020ND,CNB3L3WSS3,ตึกผู้ป่วยนอก (OPD),2,คลินิก SMC,จุดบริการ 43,คลินิกเฉพาะทางนอกเวลา,Active,โรงพยาบาลศูนย์อุดรธานี,อด 0033.1/380/2568 ลงวันที่ 26 สิงหาคม 2568,,,,2026-05-14 17:43:14,System,,,,,,COMPANY,,TRUE,TOTAL,UDH-00866
829,PRINTER INKJET AIO,EPSON,L5290,X8H2029314,ตึกผู้ป่วยนอก (OPD),2,คลินิก SMC,จุดบริการ 44,คลินิกเฉพาะทางนอกเวลา,Active,โรงพยาบาลศูนย์อุดรธานี,อด 0033.1/380/2568 ลงวันที่ 26 สิงหาคม 2568,,,,2026-05-14 17:43:14,System,,,,,,COMPANY,,TRUE,TOTAL,UDH-00825
828,PRINTER INKJET AIO,EPSON,L5290,X8H2029580,ตึกผู้ป่วยนอก (OPD),2,คลินิก SMC,จุดบริการ 45,คลินิกเฉพาะทางนอกเวลา,Active,โรงพยาบาลศูนย์อุดรธานี,อด 0033.1/380/2568 ลงวันที่ 26 สิงหาคม 2568,,,,2026-05-14 17:43:14,System,,,,,,COMPANY,,TRUE,TOTAL,UDH-00824
793,BARCODE SCANNERS,ZEBRA,DS2208,S22179010552239,ตึกผู้ป่วยนอก (OPD),2,หน่วยส่องกล้องระบบทางเดินหายใจ,,อายุรกรรมโรคปอดและระบบทางเดินหายใจ,Active,โรงพยาบาลศูนย์อุดรธานี,อด 0033.1/380/2568 ลงวันที่ 26 สิงหาคม 2568,,,,2026-05-14 17:43:14,System,,,,,,COMPANY,,FALSE,TOTAL,UDH-00789
794,BARCODE SCANNERS,ZEBRA,DS2208,S22149010552847,ตึกผู้ป่วยนอก (OPD),2,หน่วยส่องกล้องระบบทางเดินหายใจ,,อายุรกรรมโรคปอดและระบบทางเดินหายใจ,Active,โรงพยาบาลศูนย์อุดรธานี,อด 0033.1/380/2568 ลงวันที่ 26 สิงหาคม 2568,,,,2026-05-14 17:43:14,System,,,,,,COMPANY,,FALSE,TOTAL,UDH-00790
795,BARCODE SCANNERS,ZEBRA,DS2208,S22179010552247,ตึกผู้ป่วยนอก (OPD),2,หน่วยส่องกล้องระบบทางเดินหายใจ,,อายุรกรรมโรคปอดและระบบทางเดินหายใจ,Active,โรงพยาบาลศูนย์อุดรธานี,อด 0033.1/380/2568 ลงวันที่ 26 สิงหาคม 2568,,,,2026-05-14 17:43:14,System,,,,,,COMPANY,,FALSE,TOTAL,UDH-00791
796,BARCODE SCANNERS,ZEBRA,DS2208,S22179010552237,ตึกผู้ป่วยนอก (OPD),2,หน่วยส่องกล้องระบบทางเดินหายใจ,,อายุรกรรมโรคปอดและระบบทางเดินหายใจ,Active,โรงพยาบาลศูนย์อุดรธานี,อด 0033.1/380/2568 ลงวันที่ 26 สิงหาคม 2568,,,,2026-05-14 17:43:14,System,,,,,,COMPANY,,FALSE,TOTAL,UDH-00792
797,BARCODE SCANNERS,ZEBRA,DS2208,S22179010552092,ตึกผู้ป่วยนอก (OPD),2,หน่วยส่องกล้องระบบทางเดินหายใจ,,อายุรกรรมโรคปอดและระบบทางเดินหายใจ,Active,โรงพยาบาลศูนย์อุดรธานี,อด 0033.1/380/2568 ลงวันที่ 26 สิงหาคม 2568,,,,2026-05-14 17:43:14,System,,,,,,COMPANY,,FALSE,TOTAL,UDH-00793
798,BARCODE SCANNERS,ZEBRA,DS2208,S22178010553982,ตึกผู้ป่วยนอก (OPD),2,หน่วยส่องกล้องระบบทางเดินหายใจ,,อายุรกรรมโรคปอดและระบบทางเดินหายใจ,Active,โรงพยาบาลศูนย์อุดรธานี,อด 0033.1/380/2568 ลงวันที่ 26 สิงหาคม 2568,,,,2026-05-14 17:43:14,System,,,,,,COMPANY,,FALSE,TOTAL,UDH-00794
799,BARCODE SCANNERS,ZEBRA,DS2208,S22179010552099,ตึกผู้ป่วยนอก (OPD),2,หน่วยส่องกล้องระบบทางเดินหายใจ,,อายุรกรรมโรคปอดและระบบทางเดินหายใจ,Active,โรงพยาบาลศูนย์อุดรธานี,อด 0033.1/380/2568 ลงวันที่ 26 สิงหาคม 2568,,,,2026-05-14 17:43:14,System,,,,,,COMPANY,,FALSE,TOTAL,UDH-00795
800,BARCODE SCANNERS,ZEBRA,DS2208,S22179010552091,ตึกผู้ป่วยนอก (OPD),2,หน่วยส่องกล้องระบบทางเดินหายใจ,,อายุรกรรมโรคปอดและระบบทางเดินหายใจ,Retired,โรงพยาบาลศูนย์อุดรธานี,อด 0033.1/380/2568 ลงวันที่ 26 สิงหาคม 2568,,,,2026-05-14 17:43:14,System,,,,,,COMPANY,,FALSE,TOTAL,UDH-00796
801,PRINTER INKJET AIO,EPSON,L5290,X8H2029041,ตึกผู้ป่วยนอก (OPD),2,คลินิกผู้สูงอายุครบวงจร,,คลินิกเฉพาะทางนอกเวลา,Active,โรงพยาบาลศูนย์อุดรธานี,อด 0033.1/380/2568 ลงวันที่ 26 สิงหาคม 2568,,,,2026-05-14 17:43:14,System,,,,,,COMPANY,,TRUE,TOTAL,UDH-00797
802,PRINTER INKJET AIO,EPSON,L5290,X8H2028287,ตึกผู้ป่วยนอก (OPD),2,คลินิกผู้สูงอายุครบวงจร,,คลินิกเฉพาะทางนอกเวลา,Retired,โรงพยาบาลศูนย์อุดรธานี,อด 0033.1/380/2568 ลงวันที่ 26 สิงหาคม 2568,,,,2026-05-14 17:43:14,System,,,,,,COMPANY,,TRUE,TOTAL,UDH-00798
803,PRINTER INKJET AIO,EPSON,L5290,X8H2029111,ตึกหลวงตาบัว,4,หอผู้ป่วยอายุรกรรมชาย,,อายุรกรรม,Pending Repair,โรงพยาบาลศูนย์อุดรธานี,อด 0033.1/380/2568 ลงวันที่ 26 สิงหาคม 2568,,,,2026-05-26 21:39:13,nikorn2527@gmail.com,,,,,,COMPANY,,TRUE,TOTAL,UDH-00799
822,PRINTER INKJET,EPSON,M3170,X5TT010563,ตึกผู้ป่วยนอก (OPD),2,คลินิก SMC,ห้องตรวจ,คลินิกเฉพาะทางนอกเวลา,Active,โรงพยาบาลศูนย์อุดรธานี,อด 0033.1/380/2568 ลงวันที่ 26 สิงหาคม 2568,,,,2026-05-14 17:43:14,System,,,,,,COMPANY,,TRUE,TOTAL,UDH-00818
805,PRINTER INKJET AIO,EPSON,L5290,X8H2025920,ตึกผู้ป่วยนอกเดิม,2,เวชระเบียนนอก,,เวชระเบียน,Active,โรงพยาบาลศูนย์อุดรธานี,อด 0033.1/380/2568 ลงวันที่ 26 สิงหาคม 2568,,,,2026-05-14 17:43:14,System,,,,,,COMPANY,,TRUE,TOTAL,UDH-00801
806,PRINTER INKJET,EPSON,M3170,X5TT019721,ตึกผู้ป่วยนอก (OPD),2,ธุรการ,ห้องบัตร,เวชระเบียน,Retired,โรงพยาบาลศูนย์อุดรธานี,อด 0033.1/380/2568 ลงวันที่ 26 สิงหาคม 2568,,,,2026-05-14 17:43:14,System,,,,,,COMPANY,,TRUE,TOTAL,UDH-00802
807,PRINTER INKJET AIO,EPSON,L5290,X8H2029064,ตึกเชี่ยวชาญ,5,ธุรการ,OR,บริหาร/ยุทธศาสตร์,Active,โรงพยาบาลศูนย์อุดรธานี,อด 0033.1/380/2568 ลงวันที่ 26 สิงหาคม 2568,,,,2026-06-11 16:07:59,nikorn2527@gmail.com,,,2026-06-11,,,COMPANY,,TRUE,TOTAL,UDH-00803
808,PRINTER INKJET AIO,EPSON,L5290,X8H2029087,ตึกผู้ป่วยนอกเดิม,2,เวชระเบียนนอก,,เวชระเบียน,Active,โรงพยาบาลศูนย์อุดรธานี,อด 0033.1/380/2568 ลงวันที่ 26 สิงหาคม 2568,,,,2026-05-14 17:43:14,System,,,,,,COMPANY,,TRUE,TOTAL,UDH-00804
905,PRINTER THERMAL,ZEBRA,ZD421,D6J222613818,ตึกผู้ป่วยนอก (OPD),2,คลินิก SMC,ซักประวัติ,คลินิกเฉพาะทางนอกเวลา,Active,โรงพยาบาลศูนย์อุดรธานี,อด 0033.1/380/2568 ลงวันที่ 26 สิงหาคม 2568,,,,2026-05-14 17:43:14,System,,,,,,COMPANY,,FALSE,TOTAL,UDH-00901
2201,PRINTER LASER,BROTHER,HL-L5210DN,E81695J5N769353,ตึกผู้ป่วยนอกเดิม,1,คลินิกเบาหวาน,ห้องตรวจ,อายุรกรรม,Active,โรงพยาบาลศูนย์อุดรธานี,อด 0033.1/380/2568 ลงวันที่ 26 สิงหาคม 2568,,,,2026-05-14 17:43:14,System,,,,,,COMPANY,,TRUE,TOTAL,UDH-02172
811,PRINTER INKJET AIO,EPSON,L5290,X8H2029132,ตึกหลวงตาบัว,8,หอผู้ป่วยอายุกรรมโรคเลือด,,อายุรกรรม,Retired,โรงพยาบาลศูนย์อุดรธานี,อด 0033.1/380/2568 ลงวันที่ 26 สิงหาคม 2568,,,,2026-06-11 16:25:52,nikorn2527@gmail.com,,,,2026-06-11,,COMPANY,,TRUE,TOTAL,UDH-00807
812,PRINTER INKJET AIO,EPSON,L5290,X8H2029154,ตึกเชี่ยวชาญ,6,CVT Cath Lab,,ศัลยกรรมหัวใจและทรวงอก,Retired,โรงพยาบาลศูนย์อุดรธานี,อด 0033.1/380/2568 ลงวันที่ 26 สิงหาคม 2568,,,,2026-05-14 17:43:14,System,,,,,,COMPANY,,TRUE,TOTAL,UDH-00808
1367,BARCODE SCANNERS,ZEBRA,DS2208,S22176010553273,ตึกผู้ป่วยนอกเดิม,1,นภาคลินิก,ห้องตรวจ,คลินิก HIV / ARV,Active,โรงพยาบาลศูนย์อุดรธานี,อด 0033.1/380/2568 ลงวันที่ 26 สิงหาคม 2568,,,,2026-05-14 17:43:14,System,,,,,,COMPANY,,FALSE,TOTAL,UDH-01363
1368,BARCODE SCANNERS,ZEBRA,DS2208,S22176010553528,ตึกผู้ป่วยนอกเดิม,1,นภาคลินิก,ห้องตรวจ,คลินิก HIV / ARV,Active,โรงพยาบาลศูนย์อุดรธานี,อด 0033.1/380/2568 ลงวันที่ 26 สิงหาคม 2568,,,,2026-05-14 17:43:14,System,,,,,,COMPANY,,FALSE,TOTAL,UDH-01364
1369,BARCODE SCANNERS,ZEBRA,DS2208,S22176010553723,ตึกผู้ป่วยนอกเดิม,1,นภาคลินิก,ห้องตรวจ,คลินิก HIV / ARV,Active,โรงพยาบาลศูนย์อุดรธานี,อด 0033.1/380/2568 ลงวันที่ 26 สิงหาคม 2568,,,,2026-05-14 17:43:14,System,,,,,,COMPANY,,FALSE,TOTAL,UDH-01365
1370,BARCODE SCANNERS,ZEBRA,DS2208,S22176010553252,ตึกผู้ป่วยนอกเดิม,1,นภาคลินิก,ห้องตรวจ,คลินิก HIV / ARV,Active,โรงพยาบาลศูนย์อุดรธานี,อด 0033.1/380/2568 ลงวันที่ 26 สิงหาคม 2568,,,,2026-05-14 17:43:14,System,,,,,,COMPANY,,FALSE,TOTAL,UDH-01366
1371,BARCODE SCANNERS,ZEBRA,DS2208,S22176010553263,ตึกผู้ป่วยนอกเดิม,1,นภาคลินิก,ห้องตรวจ,คลินิก HIV / ARV,Active,โรงพยาบาลศูนย์อุดรธานี,อด 0033.1/380/2568 ลงวันที่ 26 สิงหาคม 2568,,,,2026-05-14 17:43:14,System,,,,,,COMPANY,,FALSE,TOTAL,UDH-01367
1397,PRINTER INKJET AIO,EPSON,L5290,X8H2029160,ตึกผู้ป่วยนอกเดิม,1,นภาคลินิก,ห้องตรวจ,คลินิก HIV / ARV,Active,โรงพยาบาลศูนย์อุดรธานี,อด 0033.1/380/2568 ลงวันที่ 26 สิงหาคม 2568,,,,2026-05-14 17:43:14,System,,,,,,COMPANY,,TRUE,TOTAL,UDH-01393
1398,PRINTER INKJET AIO,EPSON,L5290,X8H2029086,ตึกผู้ป่วยนอกเดิม,1,นภาคลินิก,ห้องตรวจ,คลินิก HIV / ARV,Active,โรงพยาบาลศูนย์อุดรธานี,อด 0033.1/380/2568 ลงวันที่ 26 สิงหาคม 2568,,,,2026-05-14 17:43:14,System,,,,,,COMPANY,,TRUE,TOTAL,UDH-01394
1410,PRINTER LASER,HP,M402DN,PHCFF05954,ตึกผู้ป่วยนอกเดิม,1,นภาคลินิก,ห้องตรวจ,คลินิก HIV / ARV,Retired,โรงพยาบาลศูนย์อุดรธานี,อด 0033.1/380/2568 ลงวันที่ 26 สิงหาคม 2568,,,,2026-05-14 17:43:14,System,,,,,,COMPANY,,TRUE,TOTAL,UDH-01406
830,PRINTER INKJET AIO,EPSON,L5290,X8H2029193,ตึกผู้ป่วยนอก (OPD),2,คลินิก SMC,จุดบริการ 46,คลินิกเฉพาะทางนอกเวลา,Active,โรงพยาบาลศูนย์อุดรธานี,อด 0033.1/380/2568 ลงวันที่ 26 สิงหาคม 2568,,,,2026-05-14 17:43:14,System,,,,,,COMPANY,,TRUE,TOTAL,UDH-00826
827,PRINTER INKJET AIO,EPSON,L5290,X8H2028207,ตึกผู้ป่วยนอก (OPD),2,คลินิก SMC,จุดบริการ 55,คลินิกเฉพาะทางนอกเวลา,Active,โรงพยาบาลศูนย์อุดรธานี,อด 0033.1/380/2568 ลงวันที่ 26 สิงหาคม 2568,,,,2026-05-14 17:43:14,System,,,,,,COMPANY,,TRUE,TOTAL,UDH-00823
1455,PRINTER THERMAL,HONEYWELL,PC42E-T,24339W095C,ตึกผู้ป่วยนอกเดิม,1,นภาคลินิก,ห้องตรวจ,คลินิก HIV / ARV,Active,โรงพยาบาลศูนย์อุดรธานี,อด 0033.1/380/2568 ลงวันที่ 26 สิงหาคม 2568,,,,2026-05-14 17:43:14,System,,,,,,COMPANY,,FALSE,TOTAL,UDH-01451
824,PRINTER INKJET AIO,EPSON,L5290,X8H2029042,ตึกศัลยกรรม,1,ศัลยกรรม,ICU ศัลยกรรม 1,,Active,โรงพยาบาลศูนย์อุดรธานี,อด 0033.1/380/2568 ลงวันที่ 26 สิงหาคม 2568,,,,2026-07-31 23:02:10,bie3110greedisgood@gmail.com,,,2026-07-31,,,COMPANY,,TRUE,TOTAL,UDH-00820
1456,PRINTER THERMAL,HONEYWELL,PC42E-T,24339W067F,ตึกผู้ป่วยนอกเดิม,1,นภาคลินิก,ห้องตรวจ,คลินิก HIV / ARV,Active,โรงพยาบาลศูนย์อุดรธานี,อด 0033.1/380/2568 ลงวันที่ 26 สิงหาคม 2568,,,,2026-05-14 17:43:14,System,,,,,,COMPANY,,FALSE,TOTAL,UDH-01452
1457,PRINTER THERMAL,ZEBRA,ZD421,D6J222613122,ตึกผู้ป่วยนอกเดิม,1,นภาคลินิก,ห้องตรวจ,คลินิก HIV / ARV,Active,โรงพยาบาลศูนย์อุดรธานี,อด 0033.1/380/2568 ลงวันที่ 26 สิงหาคม 2568,,,,2026-05-14 17:43:14,System,,,,,,COMPANY,,FALSE,TOTAL,UDH-01453
859,PRINTER LASER,SAMSUNG,M4020ND,CNB3L3WSXT,ตึกผู้ป่วยนอก (OPD),2,คลินิก SMC,ห้องตรวจ,คลินิกเฉพาะทางนอกเวลา,Active,โรงพยาบาลศูนย์อุดรธานี,อด 0033.1/380/2568 ลงวันที่ 26 สิงหาคม 2568,,,,2026-05-14 17:43:14,System,,,,,,COMPANY,,TRUE,TOTAL,UDH-00855
868,PRINTER LASER,SAMSUNG,M4020ND,CNB3L3WSSQ,ตึกผู้ป่วยนอก (OPD),2,คลินิก SMC,ห้องตรวจ,คลินิกเฉพาะทางนอกเวลา,Retired,โรงพยาบาลศูนย์อุดรธานี,อด 0033.1/380/2568 ลงวันที่ 26 สิงหาคม 2568,,,,2026-05-14 17:43:14,System,,,,,,COMPANY,,TRUE,TOTAL,UDH-00864
915,PRINTER THERMAL,ZEBRA,ZD421,D6J222700871,ตึกผู้ป่วยนอก (OPD),2,คลินิก SMC,ห้องตรวจ,คลินิกเฉพาะทางนอกเวลา,Active,โรงพยาบาลศูนย์อุดรธานี,อด 0033.1/380/2568 ลงวันที่ 26 สิงหาคม 2568,,,,2026-05-14 17:43:14,System,,,,,,COMPANY,,FALSE,TOTAL,UDH-00911
1409,PRINTER LASER,SAMSUNG,M4020ND,CNB3L1PSD6,ตึกผู้ป่วยนอกเดิม,1,นภาคลินิก,ซักประวัติ,คลินิก HIV / ARV,Retired,โรงพยาบาลศูนย์อุดรธานี,อด 0033.1/380/2568 ลงวันที่ 26 สิงหาคม 2568,,,,2026-05-14 17:43:14,System,,,,,,COMPANY,,TRUE,TOTAL,UDH-01405
2008,PRINTER THERMAL,HONEYWELL,PC42E-T,25058W08FD,ตึกผู้ป่วยนอกเดิม,1,นภาคลินิก,ห้องเจาะเลือด,คลินิก HIV / ARV,Active,โรงพยาบาลศูนย์อุดรธานี,อด 0033.1/380/2568 ลงวันที่ 26 สิงหาคม 2568,,,,2026-05-14 17:43:14,System,,,,,,COMPANY,,FALSE,TOTAL,UDH-01996
832,PRINTER INKJET AIO,EPSON,L5290,X8H2029150,ตึกผู้ป่วยนอก (OPD),2,คลินิกโรคไตเรื้อรัง,,คลินิกเฉพาะทางนอกเวลา,Active,โรงพยาบาลศูนย์อุดรธานี,อด 0033.1/380/2568 ลงวันที่ 26 สิงหาคม 2568,,,,2026-05-14 17:43:14,System,,,,,,COMPANY,,TRUE,TOTAL,UDH-00828
833,PRINTER INKJET,EPSON,M3170,X5TT005784,ตึกผู้ป่วยนอก (OPD),2,หน่วยส่องกล้องระบบทางเดินหายใจ,,อายุรกรรมโรคปอดและระบบทางเดินหายใจ,Active,โรงพยาบาลศูนย์อุดรธานี,อด 0033.1/380/2568 ลงวันที่ 26 สิงหาคม 2568,,,,2026-05-14 17:43:14,System,,,,,,COMPANY,,TRUE,TOTAL,UDH-00829
834,PRINTER INKJET,EPSON,M3170,X5TT005913,ตึกเชี่ยวชาญ,4,หน่วยส่องกล้องระบบทางเดินหายใจ,,อายุรกรรมโรคปอดและระบบทางเดินหายใจ,Retired,โรงพยาบาลศูนย์อุดรธานี,อด 0033.1/380/2568 ลงวันที่ 26 สิงหาคม 2568,,,,2026-05-14 17:43:14,System,,,,,,COMPANY,,TRUE,TOTAL,UDH-00830
835,PRINTER INKJET,EPSON,M3170,X5TT008852,ตึกผู้ป่วยนอก (OPD),2,หน่วยส่องกล้องระบบทางเดินหายใจ,,อายุรกรรมโรคปอดและระบบทางเดินหายใจ,Active,โรงพยาบาลศูนย์อุดรธานี,อด 0033.1/380/2568 ลงวันที่ 26 สิงหาคม 2568,,,,2026-05-14 17:43:14,System,,,,,,COMPANY,,TRUE,TOTAL,UDH-00831
836,PRINTER INKJET,EPSON,M3170,X5TT008875,ตึกผู้ป่วยนอก (OPD),2,หน่วยส่องกล้องระบบทางเดินหายใจ,,อายุรกรรมโรคปอดและระบบทางเดินหายใจ,Active,โรงพยาบาลศูนย์อุดรธานี,อด 0033.1/380/2568 ลงวันที่ 26 สิงหาคม 2568,,,,2026-05-14 17:43:14,System,,,,,,COMPANY,,TRUE,TOTAL,UDH-00832
2157,PRINTER LASER,BROTHER,HL-L5210DN,E81695J5N771998,ตึกผู้ป่วยนอก (OPD),2,OPD ศัลยกรรมกระดูก,จุดบริการ 2,ออร์โธปิดิกส์,Active,โรงพยาบาลศูนย์อุดรธานี,อด 0033.1/380/2568 ลงวันที่ 26 สิงหาคม 2568,,,,2026-05-14 17:43:14,System,,,,,,COMPANY,,TRUE,TOTAL,UDH-02129
866,PRINTER LASER,SAMSUNG,M4020ND,CNB3L3WSRW,ตึกผู้ป่วยนอก (OPD),2,OPD ศัลยกรรมกระดูก,จุดบริการ 4,ออร์โธปิดิกส์,Retired,โรงพยาบาลศูนย์อุดรธานี,อด 0033.1/380/2568 ลงวันที่ 26 สิงหาคม 2568,,,,2026-05-14 17:43:14,System,,,,,,COMPANY,,TRUE,TOTAL,UDH-00862
1458,PRINTER THERMAL,ZEBRA,ZD421,D6J222614770,ตึกผู้ป่วยนอกเดิม,1,นภาคลินิก,ห้องตรวจ,คลินิก HIV / ARV,Active,โรงพยาบาลศูนย์อุดรธานี,อด 0033.1/380/2568 ลงวันที่ 26 สิงหาคม 2568,,,,2026-05-14 17:43:14,System,,,,,,COMPANY,,FALSE,TOTAL,UDH-01454
1459,PRINTER THERMAL,ZEBRA,ZD421,D6J222613648,ตึกผู้ป่วยนอกเดิม,1,นภาคลินิก,ห้องตรวจ,คลินิก HIV / ARV,Active,โรงพยาบาลศูนย์อุดรธานี,อด 0033.1/380/2568 ลงวันที่ 26 สิงหาคม 2568,,,,2026-05-14 17:43:14,System,,,,,,COMPANY,,FALSE,TOTAL,UDH-01455
1460,PRINTER THERMAL,ZEBRA,ZD421,D6J222613713,ตึกผู้ป่วยนอกเดิม,1,นภาคลินิก,ห้องตรวจ,คลินิก HIV / ARV,Retired,โรงพยาบาลศูนย์อุดรธานี,อด 0033.1/380/2568 ลงวันที่ 26 สิงหาคม 2568,,,,2026-05-14 17:43:14,System,,,,,,COMPANY,,FALSE,TOTAL,UDH-01456
842,PRINTER INKJET,EPSON,M3170,X5TT006150,ตึกศูนย์แพทย์,1,ธุรการศูนย์แพทย์,,,Active,ศูนย์แพทย์โรงพยาบาลศูนย์อุดรธานี,อด 0033.1/380/2568 ลงวันที่ 26 สิงหาคม 2568,,,,2026-07-03 16:37:00,nikorn2527@gmail.com,,,2026-07-03,,,COMPANY,,TRUE,TOTAL,MECUD-00023
843,PRINTER INKJET,EPSON,M3170,X5TT008888,ตึกผู้ป่วยนอก (OPD),2,คลินิกเฉพาะทางโรคผู้สูงอายุ,,คลินิกเฉพาะทางนอกเวลา,Active,โรงพยาบาลศูนย์อุดรธานี,อด 0033.1/380/2568 ลงวันที่ 26 สิงหาคม 2568,,,,2026-05-14 17:43:14,System,,,,,,COMPANY,,TRUE,TOTAL,UDH-00839
2158,PRINTER LASER,BROTHER,HL-L5210DN,E81695J5N769398,ตึกผู้ป่วยนอก (OPD),2,OPD ศัลยกรรมกระดูก,จุดบริการ 5,ออร์โธปิดิกส์,Active,โรงพยาบาลศูนย์อุดรธานี,อด 0033.1/380/2568 ลงวันที่ 26 สิงหาคม 2568,,,,2026-05-14 17:43:14,System,,,,,,COMPANY,,TRUE,TOTAL,UDH-02130
867,PRINTER LASER,HP,M402DN,PHCFD06259,ตึกผู้ป่วยนอก (OPD),2,OPD ศัลยกรรมกระดูก,จุดบริการ 6,ออร์โธปิดิกส์,Retired,โรงพยาบาลศูนย์อุดรธานี,อด 0033.1/380/2568 ลงวันที่ 26 สิงหาคม 2568,,,,2026-05-14 17:43:14,System,,,,,,COMPANY,,TRUE,TOTAL,UDH-00863
1461,PRINTER THERMAL,ZEBRA,ZD421,D6J222700793,ตึกผู้ป่วยนอกเดิม,1,นภาคลินิก,ห้องตรวจ,คลินิก HIV / ARV,Active,โรงพยาบาลศูนย์อุดรธานี,อด 0033.1/380/2568 ลงวันที่ 26 สิงหาคม 2568,,,,2026-05-14 17:43:14,System,,,,,,COMPANY,,FALSE,TOTAL,UDH-01457
1462,PRINTER THERMAL,ZEBRA,ZD421,D6J222613782,ตึกผู้ป่วยนอกเดิม,1,นภาคลินิก,ห้องตรวจ,คลินิก HIV / ARV,Active,โรงพยาบาลศูนย์อุดรธานี,อด 0033.1/380/2568 ลงวันที่ 26 สิงหาคม 2568,,,,2026-05-14 17:43:14,System,,,,,,COMPANY,,FALSE,TOTAL,UDH-01458
848,PRINTER INKJET AIO,EPSON,L5290,X8H2029093,ตึกหลวงตาบัว,7,หอผู้ป่วยอายุรกรรมโรคมะเร็ง,,อายุรกรรม,Active,โรงพยาบาลศูนย์อุดรธานี,อด 0033.1/380/2568 ลงวันที่ 26 สิงหาคม 2568,,,,2026-05-14 17:43:14,System,,,,,,COMPANY,,TRUE,TOTAL,UDH-00844
1930,PRINTER INKJET AIO,EPSON,L5290,X8H2029072,ตึกผู้ป่วยนอกเดิม,1,นภาคลินิก,ห้องตรวจ,คลินิก HIV / ARV,Active,โรงพยาบาลศูนย์อุดรธานี,อด 0033.1/380/2568 ลงวันที่ 26 สิงหาคม 2568,,,,2026-05-14 17:43:14,System,,,,,,COMPANY,,TRUE,TOTAL,UDH-01919
2019,PRINTER LASER,OKI,ES5112,BW21013644C0,ตึกผู้ป่วยนอกเดิม,1,นภาคลินิก,ห้องตรวจ,คลินิก HIV / ARV,Retired,โรงพยาบาลศูนย์อุดรธานี,อด 0033.1/380/2568 ลงวันที่ 26 สิงหาคม 2568,,,,2026-06-12 13:39:09,nikorn2527@gmail.com,,,,,,COMPANY,,TRUE,TOTAL,UDH-02005
2020,PRINTER LASER,OKI,ES5112,BW21042787C0,ตึกผู้ป่วยนอกเดิม,1,นภาคลินิก,ห้องตรวจ,คลินิก HIV / ARV,Retired,โรงพยาบาลศูนย์อุดรธานี,อด 0033.1/380/2568 ลงวันที่ 26 สิงหาคม 2568,,,,2026-06-12 13:39:09,nikorn2527@gmail.com,,,,,,COMPANY,,TRUE,TOTAL,UDH-02006
2038,PRINTER THERMAL,DELI,S351,64455300096,ตึกผู้ป่วยนอกเดิม,1,นภาคลินิก,ห้องตรวจ,คลินิก HIV / ARV,Active,โรงพยาบาลศูนย์อุดรธานี,อด 0033.1/380/2568 ลงวันที่ 26 สิงหาคม 2568,,,,2026-05-14 17:43:14,System,,,,,,COMPANY,,FALSE,TOTAL,UDH-02014
853,PRINTER INKJET AIO,EPSON,L5290,X8H2029578,ตึกผู้ป่วยนอก (OPD),2,หน่วยส่องกล้องระบบทางเดินหายใจ,,อายุรกรรมโรคปอดและระบบทางเดินหายใจ,Active,โรงพยาบาลศูนย์อุดรธานี,อด 0033.1/380/2568 ลงวันที่ 26 สิงหาคม 2568,,,,2026-05-14 17:43:14,System,,,,,,COMPANY,,TRUE,TOTAL,UDH-00849
854,PRINTER INKJET AIO,EPSON,L5290,X8H2029429,ตึกผู้ป่วยนอก (OPD),2,คลินิกผู้สูงอายุครบวงจร,,คลินิกเฉพาะทางนอกเวลา,Active,โรงพยาบาลศูนย์อุดรธานี,อด 0033.1/380/2568 ลงวันที่ 26 สิงหาคม 2568,,,,2026-05-14 17:43:14,System,,,,,,COMPANY,,TRUE,TOTAL,UDH-00850
855,PRINTER LASER,HP,M402DN,PHCFC09935,ตึกผู้ป่วยนอก (OPD),2,X-Ray Interrention,,รังสีวิทยา,Retired,โรงพยาบาลศูนย์อุดรธานี,อด 0033.1/380/2568 ลงวันที่ 26 สิงหาคม 2568,,,,2026-05-14 17:43:14,System,,,,,,COMPANY,,TRUE,TOTAL,UDH-00851
689,PRINTER THERMAL,ZEBRA,ZD421,D6J222613753,ตึกผู้ป่วยนอก (OPD),1,ห้องตรวจเบาหวาน,,,Active,โรงพยาบาลศูนย์อุดรธานี,อด 0033.1/380/2568 ลงวันที่ 26 สิงหาคม 2568,,,,2026-05-14 17:43:14,System,,,,,,COMPANY,,FALSE,TOTAL,UDH-00685
857,PRINTER LASER,HP,M402DN,PHCFF06031,ตึกผู้ป่วยนอก (OPD),2,การเงิน,,การเงิน,Retired,โรงพยาบาลศูนย์อุดรธานี,อด 0033.1/380/2568 ลงวันที่ 26 สิงหาคม 2568,,,,2026-05-14 17:43:14,System,,,,,,COMPANY,,TRUE,TOTAL,UDH-00853
1909,PRINTER THERMAL,ZEBRA,ZD421,D6J222613526,ตึกห้อง Lab เบอร์ 10,1,ห้องตรวจพิเศษ,,พยาธิวิทยา/ห้องปฏิบัติการ,Active,โรงพยาบาลศูนย์อุดรธานี,อด 0033.1/380/2568 ลงวันที่ 26 สิงหาคม 2568,,,,2026-05-14 17:43:14,System,,,,,,COMPANY,,FALSE,TOTAL,UDH-01898
916,PRINTER THERMAL,ZEBRA,ZD421,D6J222702147,ตึกผู้ป่วยนอก (OPD),2,คลินิก SMC,ห้องตรวจ,คลินิกเฉพาะทางนอกเวลา,Active,โรงพยาบาลศูนย์อุดรธานี,อด 0033.1/380/2568 ลงวันที่ 26 สิงหาคม 2568,,,,2026-05-14 17:43:14,System,,,,,,COMPANY,,FALSE,TOTAL,UDH-00912
864,PRINTER LASER,SAMSUNG,M4020ND,CNB3L3WSXL,ตึกผู้ป่วยนอก (OPD),2,OPD ศัลยกรรมกระดูก,จุดบริการ 18,ออร์โธปิดิกส์,Active,โรงพยาบาลศูนย์อุดรธานี,อด 0033.1/380/2568 ลงวันที่ 26 สิงหาคม 2568,,,,2026-05-14 17:43:14,System,,,,,,COMPANY,,TRUE,TOTAL,UDH-00860
1360,BARCODE SCANNERS,ZEBRA,DS2208,S22176010553161,ตึกผู้ป่วยนอกเดิม,1,ห้องตรวจแพทย์แผนไทย ,,แพทย์แผนไทยและการแพทย์ทางเลือก,Active,โรงพยาบาลศูนย์อุดรธานี,อด 0033.1/380/2568 ลงวันที่ 26 สิงหาคม 2568,,,,2026-05-14 17:43:14,System,,,,,,COMPANY,,FALSE,TOTAL,UDH-01356
862,PRINTER LASER,SAMSUNG,M4020ND,CNB3L3WSRS,ตึกหลวงตาบัว,6,หอผู้ป่วยกึ่งวิกฤตอายุรกรรม SICU,ห้องประชุม,อายุรกรรม,Retired,โรงพยาบาลศูนย์อุดรธานี,อด 0033.1/380/2568 ลงวันที่ 26 สิงหาคม 2568,,,,2026-05-14 17:43:14,System,,,,,,COMPANY,,TRUE,TOTAL,UDH-00858
860,PRINTER LASER,SAMSUNG,M4020ND,CNB3L3WSSG,ตึกผู้ป่วยนอก (OPD),2,OPD ศัลยกรรมกระดูก,จุดบริการ 19,ออร์โธปิดิกส์,Active,โรงพยาบาลศูนย์อุดรธานี,อด 0033.1/380/2568 ลงวันที่ 26 สิงหาคม 2568,,,,2026-05-14 17:43:14,System,,,,,,COMPANY,,TRUE,TOTAL,UDH-00856
863,PRINTER LASER,SAMSUNG,M4020ND,CNB3L3WSM1,ตึกผู้ป่วยนอก (OPD),2,OPD ศัลยกรรมกระดูก,จุดบริการ 21,ออร์โธปิดิกส์,Active,โรงพยาบาลศูนย์อุดรธานี,อด 0033.1/380/2568 ลงวันที่ 26 สิงหาคม 2568,,,,2026-05-14 17:43:14,System,,,,,,COMPANY,,TRUE,TOTAL,UDH-00859
865,PRINTER LASER,SAMSUNG,M4020ND,CNB3L3WSSF,ตึกผู้ป่วยนอก (OPD),2,OPD ศัลยกรรมกระดูก,จุดบริการ 25,ออร์โธปิดิกส์,Active,โรงพยาบาลศูนย์อุดรธานี,อด 0033.1/380/2568 ลงวันที่ 26 สิงหาคม 2568,,,,2026-05-14 17:43:14,System,,,,,,COMPANY,,TRUE,TOTAL,UDH-00861
2047,PRINTER LASER,OKI,ES5112,BW1C009829C0,ตึกผู้ป่วยนอก (OPD),2,OPD ศัลยกรรมกระดูก,จุดบริการ 20,ออร์โธปิดิกส์,Active,โรงพยาบาลศูนย์อุดรธานี,อด 0033.1/380/2568 ลงวันที่ 26 สิงหาคม 2568,,,,2026-05-14 17:43:14,System,,,,,,COMPANY,,TRUE,TOTAL,UDH-02023
825,PRINTER INKJET AIO,EPSON,L5290,X8H2029575,ตึกผู้ป่วยนอก (OPD),2,OPD ศัลยกรรมกระดูก,จุดบริการ 24,ออร์โธปิดิกส์,Active,โรงพยาบาลศูนย์อุดรธานี,อด 0033.1/380/2568 ลงวันที่ 26 สิงหาคม 2568,,,,2026-05-14 17:43:14,System,,,,,,COMPANY,,TRUE,TOTAL,UDH-00821
917,PRINTER THERMAL,ZEBRA,ZD421,D6J222614642,ตึกผู้ป่วยนอก (OPD),2,คลินิก SMC,ห้องตรวจ,คลินิกเฉพาะทางนอกเวลา,Active,โรงพยาบาลศูนย์อุดรธานี,อด 0033.1/380/2568 ลงวันที่ 26 สิงหาคม 2568,,,,2026-05-14 17:43:14,System,,,,,,COMPANY,,FALSE,TOTAL,UDH-00913
1928,BARCODE SCANNERS,ZEBRA,DS2208,S22179010552210,หลังโรงพยาบาลอุดรธานี,1,ARI Clinic,ฉีดวัคซีน,คลินิกเฉพาะโรค,Active,โรงพยาบาลศูนย์อุดรธานี,อด 0033.1/380/2568 ลงวันที่ 26 สิงหาคม 2568,,,,2026-05-14 17:43:14,System,,,,,,COMPANY,,FALSE,TOTAL,UDH-01917
1929,BARCODE SCANNERS,ZEBRA,DS2208,S22179010552192,หลังโรงพยาบาลอุดรธานี,1,ARI Clinic,ฉีดวัคซีน,คลินิกเฉพาะโรค,Active,โรงพยาบาลศูนย์อุดรธานี,อด 0033.1/380/2568 ลงวันที่ 26 สิงหาคม 2568,,,,2026-05-14 17:43:14,System,,,,,,COMPANY,,FALSE,TOTAL,UDH-01918
871,PRINTER LASER,HP,M402DN,PHCFB18528,ตึกผู้ป่วยนอก (OPD),2,หน่วยส่องกล้องระบบทางเดินหายใจ,,อายุรกรรมโรคปอดและระบบทางเดินหายใจ,Active,โรงพยาบาลศูนย์อุดรธานี,อด 0033.1/380/2568 ลงวันที่ 26 สิงหาคม 2568,,,,2026-05-14 17:43:14,System,,,,,,COMPANY,,TRUE,TOTAL,UDH-00867
875,PRINTER LASER,SAMSUNG,M4020ND,CNB3L3WSS7,ตึกผู้ป่วยนอก (OPD),2,OPD อายุรกรรม,จุดบริการ 8,อายุรกรรม,Active,โรงพยาบาลศูนย์อุดรธานี,อด 0033.1/380/2568 ลงวันที่ 26 สิงหาคม 2568,,,,2026-06-04 07:43:41,nikorn2527@gmail.com,,,,,,COMPANY,,TRUE,TOTAL,UDH-00871
844,PRINTER INKJET,EPSON,M3170,X5TT024224,ตึกผู้ป่วยนอก (OPD),2,OPD อายุรกรรม,จุดบริการ 17,อายุรกรรม,Retired,โรงพยาบาลศูนย์อุดรธานี,อด 0033.1/380/2568 ลงวันที่ 26 สิงหาคม 2568,,,,2026-06-12 13:39:09,nikorn2527@gmail.com,,,,,,COMPANY,,TRUE,TOTAL,UDH-00840
930,PRINTER THERMAL,ZEBRA,ZD421,D6J222613820,ตึกผู้ป่วยนอก (OPD),2,OPD อายุรกรรม,ห้องตรวจ 10,อายุรกรรม,Retired,โรงพยาบาลศูนย์อุดรธานี,อด 0033.1/380/2568 ลงวันที่ 26 สิงหาคม 2568,,,,2026-05-14 17:43:14,System,,,,,,COMPANY,,FALSE,TOTAL,UDH-00926
931,PRINTER THERMAL,TSC,TE200,TEA24290003,ตึกผู้ป่วยนอก (OPD),2,OPD อายุรกรรม,ห้องตรวจ 10,อายุรกรรม,Active,โรงพยาบาลศูนย์อุดรธานี,อด 0033.1/380/2568 ลงวันที่ 26 สิงหาคม 2568,,,,2026-05-14 17:43:14,System,,,,,,COMPANY,,FALSE,TOTAL,UDH-00927
2001,PRINTER THERMAL,TSC,TE200,TEA24330042,ตึกผู้ป่วยนอก (OPD),2,OPD อายุรกรรม,ห้องตรวจ 10,อายุรกรรม,Active,โรงพยาบาลศูนย์อุดรธานี,อด 0033.1/380/2568 ลงวันที่ 26 สิงหาคม 2568,,,,2026-05-14 17:43:14,System,,,,,,COMPANY,,FALSE,TOTAL,UDH-01990
932,PRINTER THERMAL,ZEBRA,ZD421,D6J222614795,ตึกผู้ป่วยนอก (OPD),2,OPD อายุรกรรม,ห้องตรวจ 11,อายุรกรรม,Active,โรงพยาบาลศูนย์อุดรธานี,อด 0033.1/380/2568 ลงวันที่ 26 สิงหาคม 2568,,,,2026-05-14 17:43:14,System,,,,,,COMPANY,,FALSE,TOTAL,UDH-00928
1417,PRINTER LASER,HP,M402DN,PHCFD06258,ตึกผู้ป่วยนอกเดิม,1,ห้องตรวจแพทย์แผนไทย ,,แพทย์แผนไทยและการแพทย์ทางเลือก,Active,โรงพยาบาลศูนย์อุดรธานี,อด 0033.1/380/2568 ลงวันที่ 26 สิงหาคม 2568,,,,2026-05-14 17:43:14,System,,,,,,COMPANY,,TRUE,TOTAL,UDH-01413
1447,PRINTER THERMAL,ZEBRA,ZD421,D6J222613714,ตึกสูตินรีเวช,1,ห้องคลอด /ผ่าตัดสูติ,,สูตินรีเวชกรรม,Active,โรงพยาบาลศูนย์อุดรธานี,อด 0033.1/380/2568 ลงวันที่ 26 สิงหาคม 2568,,,,2026-07-09 15:47:08,nikorn2527@gmail.com,,,,,,COMPANY,,FALSE,TOTAL,UDH-01443
1361,BARCODE SCANNERS,ZEBRA,DS2208,S22149010553982,ตึกผู้ป่วยนอกเดิม,1,ห้องตรวจโรคทั่วไป,,,Active,โรงพยาบาลศูนย์อุดรธานี,อด 0033.1/380/2568 ลงวันที่ 26 สิงหาคม 2568,,,,2026-05-14 17:43:14,System,,,,,,COMPANY,,FALSE,TOTAL,UDH-01357
1362,BARCODE SCANNERS,ZEBRA,DS2208,S22178010553487,ตึกผู้ป่วยนอกเดิม,1,ห้องตรวจโรคทั่วไป,,,Active,โรงพยาบาลศูนย์อุดรธานี,อด 0033.1/380/2568 ลงวันที่ 26 สิงหาคม 2568,,,,2026-05-14 17:43:14,System,,,,,,COMPANY,,FALSE,TOTAL,UDH-01358
882,PRINTER THERMAL,HONEYWELL,PC42E-T,24339W09AE,ตึกผู้ป่วยนอก (OPD),2,คลินิกเฉพาะทางโรคผู้สูงอายุ,,คลินิกเฉพาะทางนอกเวลา,Active,โรงพยาบาลศูนย์อุดรธานี,อด 0033.1/380/2568 ลงวันที่ 26 สิงหาคม 2568,,,,2026-05-14 17:43:14,System,,,,,,COMPANY,,FALSE,TOTAL,UDH-00878
1363,BARCODE SCANNERS,ZEBRA,DS2208,S22178010553984,ตึกผู้ป่วยนอกเดิม,1,ห้องตรวจโรคทั่วไป,,,Active,โรงพยาบาลศูนย์อุดรธานี,อด 0033.1/380/2568 ลงวันที่ 26 สิงหาคม 2568,,,,2026-05-14 17:43:14,System,,,,,,COMPANY,,FALSE,TOTAL,UDH-01359
884,PRINTER THERMAL,ZEBRA,ZD421,D6J222613817,อาคารเภสัชกรรม,1,CAPD ไตเทียม,,อายุรกรรมโรคไต,Active,โรงพยาบาลศูนย์อุดรธานี,อด 0033.1/380/2568 ลงวันที่ 26 สิงหาคม 2568,,,,2026-05-14 17:43:14,System,,,,,,COMPANY,,FALSE,TOTAL,UDH-00880
885,PRINTER THERMAL,ZEBRA,ZD421,D6J222614630,ตึกผู้ป่วยนอก (OPD),2,ศูนย์เคลมประกันชีวิต,,บริหาร/ยุทธศาสตร์,Active,โรงพยาบาลศูนย์อุดรธานี,อด 0033.1/380/2568 ลงวันที่ 26 สิงหาคม 2568,,,,2026-05-14 17:43:14,System,,,,,,COMPANY,,FALSE,TOTAL,UDH-00881
1364,BARCODE SCANNERS,ZEBRA,DS2208,S22178010553996,ตึกผู้ป่วยนอกเดิม,1,ห้องตรวจโรคทั่วไป,,,Active,โรงพยาบาลศูนย์อุดรธานี,อด 0033.1/380/2568 ลงวันที่ 26 สิงหาคม 2568,,,,2026-05-14 17:43:14,System,,,,,,COMPANY,,FALSE,TOTAL,UDH-01360
1365,BARCODE SCANNERS,ZEBRA,DS2208,S22178010554000,ตึกผู้ป่วยนอกเดิม,1,ห้องตรวจโรคทั่วไป,,,Active,โรงพยาบาลศูนย์อุดรธานี,อด 0033.1/380/2568 ลงวันที่ 26 สิงหาคม 2568,,,,2026-05-14 17:43:14,System,,,,,,COMPANY,,FALSE,TOTAL,UDH-01361
1366,BARCODE SCANNERS,ZEBRA,DS2208,S22178010553989,ตึกผู้ป่วยนอกเดิม,1,ห้องตรวจโรคทั่วไป,,,Active,โรงพยาบาลศูนย์อุดรธานี,อด 0033.1/380/2568 ลงวันที่ 26 สิงหาคม 2568,,,,2026-05-14 17:43:14,System,,,,,,COMPANY,,FALSE,TOTAL,UDH-01362
1448,PRINTER THERMAL,ZEBRA,ZD421,D6J222614639,ตึกผู้ป่วยนอกเดิม,1,ห้องตรวจโรคทั่วไป,,,Active,โรงพยาบาลศูนย์อุดรธานี,อด 0033.1/380/2568 ลงวันที่ 26 สิงหาคม 2568,,,,2026-05-14 17:43:14,System,,,,,,COMPANY,,FALSE,TOTAL,UDH-01444
750,BARCODE SCANNERS,ZEBRA,DS2208,S22149010552870,ตึกผู้ป่วยนอก (OPD),2,OPD ศัลยกรรมกระดูก,ห้องตรวจ,ออร์โธปิดิกส์,Active,โรงพยาบาลศูนย์อุดรธานี,อด 0033.1/380/2568 ลงวันที่ 26 สิงหาคม 2568,,,,2026-05-14 17:43:14,System,,,,,,COMPANY,,FALSE,TOTAL,UDH-00746
751,BARCODE SCANNERS,ZEBRA,DS2208,S22178010553657,ตึกผู้ป่วยนอก (OPD),2,OPD ศัลยกรรมกระดูก,ห้องตรวจ,ออร์โธปิดิกส์,Active,โรงพยาบาลศูนย์อุดรธานี,อด 0033.1/380/2568 ลงวันที่ 26 สิงหาคม 2568,,,,2026-05-14 17:43:14,System,,,,,,COMPANY,,FALSE,TOTAL,UDH-00747
752,BARCODE SCANNERS,ZEBRA,DS2208,S22149010552840,ตึกผู้ป่วยนอก (OPD),2,OPD ศัลยกรรมกระดูก,ห้องตรวจ,ออร์โธปิดิกส์,Active,โรงพยาบาลศูนย์อุดรธานี,อด 0033.1/380/2568 ลงวันที่ 26 สิงหาคม 2568,,,,2026-05-14 17:43:14,System,,,,,,COMPANY,,FALSE,TOTAL,UDH-00748
753,BARCODE SCANNERS,ZEBRA,DS2208,S22178010553482,ตึกผู้ป่วยนอก (OPD),2,OPD ศัลยกรรมกระดูก,ห้องตรวจ,ออร์โธปิดิกส์,Active,โรงพยาบาลศูนย์อุดรธานี,อด 0033.1/380/2568 ลงวันที่ 26 สิงหาคม 2568,,,,2026-05-14 17:43:14,System,,,,,,COMPANY,,FALSE,TOTAL,UDH-00749
754,BARCODE SCANNERS,ZEBRA,DS2208,S22178010553491,ตึกผู้ป่วยนอก (OPD),2,OPD ศัลยกรรมกระดูก,ห้องตรวจ,ออร์โธปิดิกส์,Active,โรงพยาบาลศูนย์อุดรธานี,อด 0033.1/380/2568 ลงวันที่ 26 สิงหาคม 2568,,,,2026-05-14 17:43:14,System,,,,,,COMPANY,,FALSE,TOTAL,UDH-00750
755,BARCODE SCANNERS,ZEBRA,DS2208,S22178010553604,ตึกผู้ป่วยนอก (OPD),2,OPD ศัลยกรรมกระดูก,ห้องตรวจ,ออร์โธปิดิกส์,Active,โรงพยาบาลศูนย์อุดรธานี,อด 0033.1/380/2568 ลงวันที่ 26 สิงหาคม 2568,,,,2026-05-14 17:43:14,System,,,,,,COMPANY,,FALSE,TOTAL,UDH-00751
756,BARCODE SCANNERS,ZEBRA,DS2208,S22149010553962,ตึกผู้ป่วยนอก (OPD),2,OPD ศัลยกรรมกระดูก,ห้องตรวจ,ออร์โธปิดิกส์,Active,โรงพยาบาลศูนย์อุดรธานี,อด 0033.1/380/2568 ลงวันที่ 26 สิงหาคม 2568,,,,2026-05-14 17:43:14,System,,,,,,COMPANY,,FALSE,TOTAL,UDH-00752
757,BARCODE SCANNERS,ZEBRA,DS2208,S22178010553689,ตึกผู้ป่วยนอก (OPD),2,OPD ศัลยกรรมกระดูก,ห้องตรวจ,ออร์โธปิดิกส์,Active,โรงพยาบาลศูนย์อุดรธานี,อด 0033.1/380/2568 ลงวันที่ 26 สิงหาคม 2568,,,,2026-05-14 17:43:14,System,,,,,,COMPANY,,FALSE,TOTAL,UDH-00753
758,BARCODE SCANNERS,ZEBRA,DS2208,S22178010553706,ตึกผู้ป่วยนอก (OPD),2,OPD ศัลยกรรมกระดูก,ห้องตรวจ,ออร์โธปิดิกส์,Active,โรงพยาบาลศูนย์อุดรธานี,อด 0033.1/380/2568 ลงวันที่ 26 สิงหาคม 2568,,,,2026-05-14 17:43:14,System,,,,,,COMPANY,,FALSE,TOTAL,UDH-00754
759,BARCODE SCANNERS,ZEBRA,DS2208,S22178010554002,ตึกผู้ป่วยนอก (OPD),2,OPD ศัลยกรรมกระดูก,ห้องตรวจ,ออร์โธปิดิกส์,Active,โรงพยาบาลศูนย์อุดรธานี,อด 0033.1/380/2568 ลงวันที่ 26 สิงหาคม 2568,,,,2026-05-14 17:43:14,System,,,,,,COMPANY,,FALSE,TOTAL,UDH-00755
760,BARCODE SCANNERS,ZEBRA,DS2208,S22178010553693,ตึกผู้ป่วยนอก (OPD),2,OPD ศัลยกรรมกระดูก,ห้องตรวจ,ออร์โธปิดิกส์,Active,โรงพยาบาลศูนย์อุดรธานี,อด 0033.1/380/2568 ลงวันที่ 26 สิงหาคม 2568,,,,2026-05-14 17:43:14,System,,,,,,COMPANY,,FALSE,TOTAL,UDH-00756
901,PRINTER THERMAL,ZEBRA,ZD421,D6J222700803,ตึกผู้ป่วยนอก (OPD),1,ER,จุดคัดกรอง,อุบัติเหตุและฉุกเฉิน,Active,โรงพยาบาลศูนย์อุดรธานี,อด 0033.1/380/2568 ลงวันที่ 26 สิงหาคม 2568,,,,2026-05-14 17:43:14,System,,,,,,COMPANY,,FALSE,TOTAL,UDH-00897
933,PRINTER THERMAL,ZEBRA,ZD421,D6J222700874,ตึกผู้ป่วยนอก (OPD),2,OPD อายุรกรรม,ห้องตรวจ 12,อายุรกรรม,Active,โรงพยาบาลศูนย์อุดรธานี,อด 0033.1/380/2568 ลงวันที่ 26 สิงหาคม 2568,,,,2026-05-14 17:43:14,System,,,,,,COMPANY,,FALSE,TOTAL,UDH-00929
1083,PRINTER LASER,OKI,ES5112,BW21013622C0,ตึกผู้ป่วยนอก (OPD),3,OPD กุมารเวชกรรม,จุดบริการ 5,กุมารเวชกรรม,Active,โรงพยาบาลศูนย์อุดรธานี,อด 0033.1/380/2568 ลงวันที่ 26 สิงหาคม 2568,,,,2026-05-14 17:43:14,System,,,,,,COMPANY,,TRUE,TOTAL,UDH-01079
594,BARCODE SCANNERS,ZEBRA,DS2208,S22176010553530,ตึกผู้ป่วยนอก (OPD),1,OPD ศัลยกรรม,จุดซักประวัติ,ศัลยกรรม,Active,โรงพยาบาลศูนย์อุดรธานี,อด 0033.1/380/2568 ลงวันที่ 26 สิงหาคม 2568,,,,2026-05-14 17:43:14,System,,,,,,COMPANY,,FALSE,TOTAL,UDH-00590
595,BARCODE SCANNERS,ZEBRA,DS2208,S22178010553534,ตึกผู้ป่วยนอก (OPD),1,OPD ศัลยกรรม,จุดซักประวัติ,ศัลยกรรม,Active,โรงพยาบาลศูนย์อุดรธานี,อด 0033.1/380/2568 ลงวันที่ 26 สิงหาคม 2568,,,,2026-05-14 17:43:14,System,,,,,,COMPANY,,FALSE,TOTAL,UDH-00591
826,PRINTER INKJET AIO,EPSON,L5290,X8H2029604,ตึกผู้ป่วยนอก (OPD),2,OPD ศัลยกรรมกระดูก,ห้องตรวจ,ออร์โธปิดิกส์,Active,โรงพยาบาลศูนย์อุดรธานี,อด 0033.1/380/2568 ลงวันที่ 26 สิงหาคม 2568,,,,2026-05-14 17:43:14,System,,,,,,COMPANY,,TRUE,TOTAL,UDH-00822
861,PRINTER LASER,SAMSUNG,M4020ND,CNB3L3WSRV,ตึกผู้ป่วยนอก (OPD),2,OPD ศัลยกรรมกระดูก,ห้องตรวจ,ออร์โธปิดิกส์,Retired,โรงพยาบาลศูนย์อุดรธานี,อด 0033.1/380/2568 ลงวันที่ 26 สิงหาคม 2568,,,,2026-05-14 17:43:14,System,,,,,,COMPANY,,TRUE,TOTAL,UDH-00857
906,PRINTER THERMAL,ZEBRA,ZD421,D6J222702161,ตึกผู้ป่วยนอก (OPD),2,OPD ศัลยกรรมกระดูก,ห้องตรวจ,ออร์โธปิดิกส์,Active,โรงพยาบาลศูนย์อุดรธานี,อด 0033.1/380/2568 ลงวันที่ 26 สิงหาคม 2568,,,,2026-05-14 17:43:14,System,,,,,,COMPANY,,FALSE,TOTAL,UDH-00902
907,PRINTER THERMAL,ZEBRA,ZD421,D6J222613816,ตึกผู้ป่วยนอก (OPD),2,OPD ศัลยกรรมกระดูก,ห้องตรวจ,ออร์โธปิดิกส์,Active,โรงพยาบาลศูนย์อุดรธานี,อด 0033.1/380/2568 ลงวันที่ 26 สิงหาคม 2568,,,,2026-05-14 17:43:14,System,,,,,,COMPANY,,FALSE,TOTAL,UDH-00903
908,PRINTER THERMAL,ZEBRA,ZD421,D6J222613617,ตึกผู้ป่วยนอก (OPD),2,OPD ศัลยกรรมกระดูก,ห้องตรวจ,ออร์โธปิดิกส์,Active,โรงพยาบาลศูนย์อุดรธานี,อด 0033.1/380/2568 ลงวันที่ 26 สิงหาคม 2568,,,,2026-05-14 17:43:14,System,,,,,,COMPANY,,FALSE,TOTAL,UDH-00904
909,PRINTER THERMAL,ZEBRA,ZD421,D6J222700901,ตึกผู้ป่วยนอก (OPD),2,OPD ศัลยกรรมกระดูก,ห้องตรวจ,ออร์โธปิดิกส์,Active,โรงพยาบาลศูนย์อุดรธานี,อด 0033.1/380/2568 ลงวันที่ 26 สิงหาคม 2568,,,,2026-05-14 17:43:14,System,,,,,,COMPANY,,FALSE,TOTAL,UDH-00905
910,PRINTER THERMAL,ZEBRA,ZD421,D6J222613711,ตึกผู้ป่วยนอก (OPD),2,OPD ศัลยกรรมกระดูก,ห้องตรวจ,ออร์โธปิดิกส์,Active,โรงพยาบาลศูนย์อุดรธานี,อด 0033.1/380/2568 ลงวันที่ 26 สิงหาคม 2568,,,,2026-05-14 17:43:14,System,,,,,,COMPANY,,FALSE,TOTAL,UDH-00906
911,PRINTER THERMAL,ZEBRA,ZD421,D6J222613772,ตึกผู้ป่วยนอก (OPD),2,OPD ศัลยกรรมกระดูก,ห้องตรวจ,ออร์โธปิดิกส์,Disposed,โรงพยาบาลศูนย์อุดรธานี,อด 0033.1/380/2568 ลงวันที่ 26 สิงหาคม 2568,,,,2026-08-06 13:50:49,nikorn2527@gmail.com,,,,2026-08-06,,COMPANY,,FALSE,TOTAL,UDH-00907
912,PRINTER THERMAL,ZEBRA,ZD421,D6J222613546,ตึกผู้ป่วยนอก (OPD),2,OPD ศัลยกรรมกระดูก,ห้องตรวจ,ออร์โธปิดิกส์,Active,โรงพยาบาลศูนย์อุดรธานี,อด 0033.1/380/2568 ลงวันที่ 26 สิงหาคม 2568,,,,2026-05-14 17:43:14,System,,,,,,COMPANY,,FALSE,TOTAL,UDH-00908
918,PRINTER THERMAL,ZEBRA,ZD421,D6J222613565,ตึกผู้ป่วยนอก (OPD),2,คลินิก SMC,ห้องตรวจ,คลินิกเฉพาะทางนอกเวลา,Active,โรงพยาบาลศูนย์อุดรธานี,อด 0033.1/380/2568 ลงวันที่ 26 สิงหาคม 2568,,,,2026-05-14 17:43:14,System,,,,,,COMPANY,,FALSE,TOTAL,UDH-00914
919,PRINTER THERMAL,ZEBRA,ZD421,D6J222700836,ตึกผู้ป่วยนอก (OPD),2,คลินิก SMC,ห้องตรวจ,คลินิกเฉพาะทางนอกเวลา,Active,โรงพยาบาลศูนย์อุดรธานี,อด 0033.1/380/2568 ลงวันที่ 26 สิงหาคม 2568,,,,2026-05-14 17:43:14,System,,,,,,COMPANY,,FALSE,TOTAL,UDH-00915
920,PRINTER THERMAL,ZEBRA,ZD421,D6J222702175,ตึกผู้ป่วยนอก (OPD),2,คลินิก SMC,ห้องตรวจ,คลินิกเฉพาะทางนอกเวลา,Active,โรงพยาบาลศูนย์อุดรธานี,อด 0033.1/380/2568 ลงวันที่ 26 สิงหาคม 2568,,,,2026-05-14 17:43:14,System,,,,,,COMPANY,,FALSE,TOTAL,UDH-00916
921,PRINTER THERMAL,ZEBRA,ZD421,D6J222702225,ตึกผู้ป่วยนอก (OPD),2,คลินิก SMC,ห้องตรวจ,คลินิกเฉพาะทางนอกเวลา,Active,โรงพยาบาลศูนย์อุดรธานี,อด 0033.1/380/2568 ลงวันที่ 26 สิงหาคม 2568,,,,2026-05-14 17:43:14,System,,,,,,COMPANY,,FALSE,TOTAL,UDH-00917
922,PRINTER THERMAL,ZEBRA,ZD421,D6J222613571,ตึกผู้ป่วยนอก (OPD),2,คลินิก SMC,ห้องตรวจ,คลินิกเฉพาะทางนอกเวลา,Active,โรงพยาบาลศูนย์อุดรธานี,อด 0033.1/380/2568 ลงวันที่ 26 สิงหาคม 2568,,,,2026-05-14 17:43:14,System,,,,,,COMPANY,,FALSE,TOTAL,UDH-00918
923,PRINTER THERMAL,ZEBRA,ZD421,D6J222613594,ตึกผู้ป่วยนอก (OPD),2,คลินิก SMC,ห้องตรวจ,คลินิกเฉพาะทางนอกเวลา,Active,โรงพยาบาลศูนย์อุดรธานี,อด 0033.1/380/2568 ลงวันที่ 26 สิงหาคม 2568,,,,2026-05-14 17:43:14,System,,,,,,COMPANY,,FALSE,TOTAL,UDH-00919
924,PRINTER THERMAL,ZEBRA,ZD421,D6J222613576,ตึกผู้ป่วยนอก (OPD),2,คลินิก SMC,ห้องตรวจ,คลินิกเฉพาะทางนอกเวลา,Active,โรงพยาบาลศูนย์อุดรธานี,อด 0033.1/380/2568 ลงวันที่ 26 สิงหาคม 2568,,,,2026-05-14 17:43:14,System,,,,,,COMPANY,,FALSE,TOTAL,UDH-00920
925,PRINTER THERMAL,ZEBRA,ZD421,D6J222613643,ตึกผู้ป่วยนอก (OPD),2,คลินิก SMC,ห้องตรวจ,คลินิกเฉพาะทางนอกเวลา,Active,โรงพยาบาลศูนย์อุดรธานี,อด 0033.1/380/2568 ลงวันที่ 26 สิงหาคม 2568,,,,2026-05-14 17:43:14,System,,,,,,COMPANY,,FALSE,TOTAL,UDH-00921
926,PRINTER THERMAL,ZEBRA,ZD421,D6J222613658,ตึกผู้ป่วยนอก (OPD),2,คลินิก SMC,ห้องตรวจ,คลินิกเฉพาะทางนอกเวลา,Active,โรงพยาบาลศูนย์อุดรธานี,อด 0033.1/380/2568 ลงวันที่ 26 สิงหาคม 2568,,,,2026-05-14 17:43:14,System,,,,,,COMPANY,,FALSE,TOTAL,UDH-00922
927,PRINTER THERMAL,ZEBRA,ZD421,D6J222613706,ตึกผู้ป่วยนอก (OPD),2,คลินิก SMC,ห้องตรวจ,คลินิกเฉพาะทางนอกเวลา,Active,โรงพยาบาลศูนย์อุดรธานี,อด 0033.1/380/2568 ลงวันที่ 26 สิงหาคม 2568,,,,2026-05-14 17:43:14,System,,,,,,COMPANY,,FALSE,TOTAL,UDH-00923
928,PRINTER THERMAL,ZEBRA,ZD421,D6J222614699,ตึกผู้ป่วยนอก (OPD),2,คลินิก SMC,ห้องตรวจ,คลินิกเฉพาะทางนอกเวลา,Active,โรงพยาบาลศูนย์อุดรธานี,อด 0033.1/380/2568 ลงวันที่ 26 สิงหาคม 2568,,,,2026-05-14 17:43:14,System,,,,,,COMPANY,,FALSE,TOTAL,UDH-00924
976,SCANNERS,CANON,DR-C230,JA491955,ตึกผู้ป่วยนอก (OPD),2,คลินิก SMC,ห้องตรวจ,คลินิกเฉพาะทางนอกเวลา,Active,โรงพยาบาลศูนย์อุดรธานี,อด 0033.1/380/2568 ลงวันที่ 26 สิงหาคม 2568,,,,2026-05-14 17:43:14,System,,,,,,COMPANY,,FALSE,TOTAL,UDH-00972
1484,PRINTER INKJET AIO,EPSON,L5290,X8H2028213,ตึกผู้ป่วยนอก (OPD),2,คลินิก SMC,คลินิกโรคภูมิแพ้,คลินิกเฉพาะทางนอกเวลา,Active,โรงพยาบาลศูนย์อุดรธานี,อด 0033.1/380/2568 ลงวันที่ 26 สิงหาคม 2568,,,,2026-05-14 17:43:14,System,,,,,,COMPANY,,TRUE,TOTAL,UDH-01480
2026,PRINTER LASER,OKI,ES5112,BW1C009825C0,ตึกผู้ป่วยนอก (OPD),2,คลินิก SMC,ห้องตรวจ,คลินิกเฉพาะทางนอกเวลา,Active,โรงพยาบาลศูนย์อุดรธานี,อด 0033.1/380/2568 ลงวันที่ 26 สิงหาคม 2568,,,,2026-05-14 17:43:14,System,,,,,,COMPANY,,TRUE,TOTAL,UDH-02012
596,BARCODE SCANNERS,ZEBRA,DS2208,S22149010555322,ตึกผู้ป่วยนอก (OPD),1,OPD ศัลยกรรม,จุดซักประวัติ,ศัลยกรรม,Active,โรงพยาบาลศูนย์อุดรธานี,อด 0033.1/380/2568 ลงวันที่ 26 สิงหาคม 2568,,,,2026-05-14 17:43:14,System,,,,,,COMPANY,,FALSE,TOTAL,UDH-00592
913,PRINTER THERMAL,ZEBRA,ZD421,D6J222700845,ตึกผู้ป่วยนอก (OPD),2,OPD ศัลยกรรมกระดูก,ห้องตรวจ,ออร์โธปิดิกส์,Active,โรงพยาบาลศูนย์อุดรธานี,อด 0033.1/380/2568 ลงวันที่ 26 สิงหาคม 2568,,,,2026-05-14 17:43:14,System,,,,,,COMPANY,,FALSE,TOTAL,UDH-00909
914,PRINTER THERMAL,ZEBRA,ZD421,D6J222700852,ตึกผู้ป่วยนอก (OPD),2,OPD ศัลยกรรมกระดูก,ห้องตรวจ,ออร์โธปิดิกส์,Active,โรงพยาบาลศูนย์อุดรธานี,อด 0033.1/380/2568 ลงวันที่ 26 สิงหาคม 2568,,,,2026-05-14 17:43:14,System,,,,,,COMPANY,,FALSE,TOTAL,UDH-00910
934,PRINTER THERMAL,ZEBRA,ZD421,D6J222613689,ตึกผู้ป่วยนอก (OPD),2,OPD อายุรกรรม,ห้องตรวจ 12,อายุรกรรม,Active,โรงพยาบาลศูนย์อุดรธานี,อด 0033.1/380/2568 ลงวันที่ 26 สิงหาคม 2568,,,,2026-05-14 17:43:14,System,,,,,,COMPANY,,FALSE,TOTAL,UDH-00930
2136,PRINTER LASER,BROTHER,HL-L5210DN,E81695J5N769400,ตึกผู้ป่วยนอก (OPD),2,OPD ศัลยกรรมกระดูก,ห้องตรวจ,ออร์โธปิดิกส์,Active,โรงพยาบาลศูนย์อุดรธานี,อด 0033.1/380/2568 ลงวันที่ 26 สิงหาคม 2568,,,,2026-05-14 17:43:14,System,,,,,,COMPANY,,TRUE,TOTAL,UDH-02109
2137,PRINTER LASER,BROTHER,HL-L5210DN,E81695J5N769567,ตึกผู้ป่วยนอก (OPD),2,OPD ศัลยกรรมกระดูก,ห้องตรวจ,ออร์โธปิดิกส์,Active,โรงพยาบาลศูนย์อุดรธานี,อด 0033.1/380/2568 ลงวันที่ 26 สิงหาคม 2568,,,,2026-05-14 17:43:14,System,,,,,,COMPANY,,TRUE,TOTAL,UDH-02110
935,PRINTER THERMAL,ZEBRA,ZD421,D6J222613645,ตึกผู้ป่วยนอก (OPD),4,OPD จักษุ,ห้องตรวจตา 7,จักษุวิทยา,Active,โรงพยาบาลศูนย์อุดรธานี,อด 0033.1/380/2568 ลงวันที่ 26 สิงหาคม 2568,,,,2026-05-14 17:43:14,System,,,,,,COMPANY,,FALSE,TOTAL,UDH-00931
772,BARCODE SCANNERS,ZEBRA,DS2208,S22149010555122,ตึกผู้ป่วยนอก (OPD),2,OPD อายุรกรรม,ห้องตรวจ,อายุรกรรม,Active,โรงพยาบาลศูนย์อุดรธานี,อด 0033.1/380/2568 ลงวันที่ 26 สิงหาคม 2568,,,,2026-05-14 17:43:14,System,,,,,,COMPANY,,FALSE,TOTAL,UDH-00768
773,BARCODE SCANNERS,ZEBRA,DS2208,S22179010552232,ตึกผู้ป่วยนอก (OPD),2,OPD อายุรกรรม,ห้องตรวจ,อายุรกรรม,Active,โรงพยาบาลศูนย์อุดรธานี,อด 0033.1/380/2568 ลงวันที่ 26 สิงหาคม 2568,,,,2026-05-14 17:43:14,System,,,,,,COMPANY,,FALSE,TOTAL,UDH-00769
774,BARCODE SCANNERS,ZEBRA,DS2208,S22149010555125,ตึกผู้ป่วยนอก (OPD),2,OPD อายุรกรรม,ห้องตรวจ,อายุรกรรม,Active,โรงพยาบาลศูนย์อุดรธานี,อด 0033.1/380/2568 ลงวันที่ 26 สิงหาคม 2568,,,,2026-05-14 17:43:14,System,,,,,,COMPANY,,FALSE,TOTAL,UDH-00770
775,BARCODE SCANNERS,ZEBRA,DS2208,S22149010555131,ตึกผู้ป่วยนอก (OPD),2,OPD อายุรกรรม,ห้องตรวจ,อายุรกรรม,Active,โรงพยาบาลศูนย์อุดรธานี,อด 0033.1/380/2568 ลงวันที่ 26 สิงหาคม 2568,,,,2026-05-14 17:43:14,System,,,,,,COMPANY,,FALSE,TOTAL,UDH-00771
776,BARCODE SCANNERS,ZEBRA,DS2208,S22178010553614,ตึกผู้ป่วยนอก (OPD),2,OPD อายุรกรรม,ห้องตรวจ,อายุรกรรม,Active,โรงพยาบาลศูนย์อุดรธานี,อด 0033.1/380/2568 ลงวันที่ 26 สิงหาคม 2568,,,,2026-05-14 17:43:14,System,,,,,,COMPANY,,FALSE,TOTAL,UDH-00772
777,BARCODE SCANNERS,ZEBRA,DS2208,S22179010552227,ตึกผู้ป่วยนอก (OPD),2,OPD อายุรกรรม,ห้องตรวจ,อายุรกรรม,Active,โรงพยาบาลศูนย์อุดรธานี,อด 0033.1/380/2568 ลงวันที่ 26 สิงหาคม 2568,,,,2026-05-14 17:43:14,System,,,,,,COMPANY,,FALSE,TOTAL,UDH-00773
778,BARCODE SCANNERS,ZEBRA,DS2208,S22149010555119,ตึกผู้ป่วยนอก (OPD),2,OPD อายุรกรรม,ห้องตรวจ,อายุรกรรม,Active,โรงพยาบาลศูนย์อุดรธานี,อด 0033.1/380/2568 ลงวันที่ 26 สิงหาคม 2568,,,,2026-05-14 17:43:14,System,,,,,,COMPANY,,FALSE,TOTAL,UDH-00774
779,BARCODE SCANNERS,ZEBRA,DS2208,S22149010555123,ตึกผู้ป่วยนอก (OPD),2,OPD อายุรกรรม,ห้องตรวจ,อายุรกรรม,Active,โรงพยาบาลศูนย์อุดรธานี,อด 0033.1/380/2568 ลงวันที่ 26 สิงหาคม 2568,,,,2026-05-14 17:43:14,System,,,,,,COMPANY,,FALSE,TOTAL,UDH-00775
780,BARCODE SCANNERS,ZEBRA,DS2208,S22178010553509,ตึกผู้ป่วยนอก (OPD),2,OPD อายุรกรรม,ห้องตรวจ,อายุรกรรม,Active,โรงพยาบาลศูนย์อุดรธานี,อด 0033.1/380/2568 ลงวันที่ 26 สิงหาคม 2568,,,,2026-05-14 17:43:14,System,,,,,,COMPANY,,FALSE,TOTAL,UDH-00776
781,BARCODE SCANNERS,ZEBRA,DS2208,S22149010555307,ตึกผู้ป่วยนอก (OPD),2,OPD อายุรกรรม,ห้องตรวจ,อายุรกรรม,Active,โรงพยาบาลศูนย์อุดรธานี,อด 0033.1/380/2568 ลงวันที่ 26 สิงหาคม 2568,,,,2026-05-14 17:43:14,System,,,,,,COMPANY,,FALSE,TOTAL,UDH-00777
782,BARCODE SCANNERS,ZEBRA,DS2208,S22150010551646,ตึกผู้ป่วยนอก (OPD),2,OPD อายุรกรรม,ห้องตรวจ,อายุรกรรม,Active,โรงพยาบาลศูนย์อุดรธานี,อด 0033.1/380/2568 ลงวันที่ 26 สิงหาคม 2568,,,,2026-05-14 17:43:14,System,,,,,,COMPANY,,FALSE,TOTAL,UDH-00778
783,BARCODE SCANNERS,ZEBRA,DS2208,S22150010551654,ตึกผู้ป่วยนอก (OPD),2,OPD อายุรกรรม,ห้องตรวจ,อายุรกรรม,Active,โรงพยาบาลศูนย์อุดรธานี,อด 0033.1/380/2568 ลงวันที่ 26 สิงหาคม 2568,,,,2026-05-14 17:43:14,System,,,,,,COMPANY,,FALSE,TOTAL,UDH-00779
784,BARCODE SCANNERS,ZEBRA,DS2208,S22150010551704,ตึกผู้ป่วยนอก (OPD),2,OPD อายุรกรรม,ห้องตรวจ,อายุรกรรม,Active,โรงพยาบาลศูนย์อุดรธานี,อด 0033.1/380/2568 ลงวันที่ 26 สิงหาคม 2568,,,,2026-05-14 17:43:14,System,,,,,,COMPANY,,FALSE,TOTAL,UDH-00780
785,BARCODE SCANNERS,ZEBRA,DS2208,S22150010551653,ตึกผู้ป่วยนอก (OPD),2,OPD อายุรกรรม,ห้องตรวจ,อายุรกรรม,Active,โรงพยาบาลศูนย์อุดรธานี,อด 0033.1/380/2568 ลงวันที่ 26 สิงหาคม 2568,,,,2026-05-14 17:43:14,System,,,,,,COMPANY,,FALSE,TOTAL,UDH-00781
786,BARCODE SCANNERS,ZEBRA,DS2208,S22150010551663,ตึกผู้ป่วยนอก (OPD),2,OPD อายุรกรรม,ห้องตรวจ,อายุรกรรม,Active,โรงพยาบาลศูนย์อุดรธานี,อด 0033.1/380/2568 ลงวันที่ 26 สิงหาคม 2568,,,,2026-05-14 17:43:14,System,,,,,,COMPANY,,FALSE,TOTAL,UDH-00782
787,BARCODE SCANNERS,ZEBRA,DS2208,S22150010551666,ตึกผู้ป่วยนอก (OPD),2,OPD อายุรกรรม,ห้องตรวจ,อายุรกรรม,Active,โรงพยาบาลศูนย์อุดรธานี,อด 0033.1/380/2568 ลงวันที่ 26 สิงหาคม 2568,,,,2026-05-14 17:43:14,System,,,,,,COMPANY,,FALSE,TOTAL,UDH-00783
788,BARCODE SCANNERS,ZEBRA,DS2208,S22150010551702,ตึกผู้ป่วยนอก (OPD),2,OPD อายุรกรรม,ห้องตรวจ,อายุรกรรม,Active,โรงพยาบาลศูนย์อุดรธานี,อด 0033.1/380/2568 ลงวันที่ 26 สิงหาคม 2568,,,,2026-05-14 17:43:14,System,,,,,,COMPANY,,FALSE,TOTAL,UDH-00784
789,BARCODE SCANNERS,ZEBRA,DS2208,S22179010552123,ตึกผู้ป่วยนอก (OPD),2,OPD อายุรกรรม,ห้องตรวจ,อายุรกรรม,Active,โรงพยาบาลศูนย์อุดรธานี,อด 0033.1/380/2568 ลงวันที่ 26 สิงหาคม 2568,,,,2026-05-14 17:43:14,System,,,,,,COMPANY,,FALSE,TOTAL,UDH-00785
636,PRINTER INKJET AIO,EPSON,L5290,X8H2029058,ตึกผู้ป่วยนอก (OPD),2,ธุรการ,SMC,บริหาร/ยุทธศาสตร์,Active,โรงพยาบาลศูนย์อุดรธานี,อด 0033.1/380/2568 ลงวันที่ 26 สิงหาคม 2568,,,,2026-06-09 20:46:34,nikorn2527@gmail.com,,,,,,COMPANY,,TRUE,TOTAL,UDH-00632
790,BARCODE SCANNERS,ZEBRA,DS2208,S22179010552144,ตึกผู้ป่วยนอก (OPD),2,OPD อายุรกรรม,ห้องตรวจ,อายุรกรรม,Active,โรงพยาบาลศูนย์อุดรธานี,อด 0033.1/380/2568 ลงวันที่ 26 สิงหาคม 2568,,,,2026-05-14 17:43:14,System,,,,,,COMPANY,,FALSE,TOTAL,UDH-00786
791,BARCODE SCANNERS,ZEBRA,DS2208,S22178010553977,ตึกผู้ป่วยนอก (OPD),2,OPD อายุรกรรม,ห้องตรวจ,อายุรกรรม,Active,โรงพยาบาลศูนย์อุดรธานี,อด 0033.1/380/2568 ลงวันที่ 26 สิงหาคม 2568,,,,2026-05-14 17:43:14,System,,,,,,COMPANY,,FALSE,TOTAL,UDH-00787
839,PRINTER INKJET,EPSON,M3170,X5TT005917,ตึกผู้ป่วยนอก (OPD),2,OPD อายุรกรรม,ห้องตรวจ,อายุรกรรม,Active,โรงพยาบาลศูนย์อุดรธานี,อด 0033.1/380/2568 ลงวันที่ 26 สิงหาคม 2568,,,,2026-05-14 17:43:14,System,,,,,,COMPANY,,TRUE,TOTAL,UDH-00835
840,PRINTER INKJET,EPSON,M3170,X5TT006029,ตึกผู้ป่วยนอก (OPD),2,OPD อายุรกรรม,ห้องตรวจ,อายุรกรรม,Retired,โรงพยาบาลศูนย์อุดรธานี,อด 0033.1/380/2568 ลงวันที่ 26 สิงหาคม 2568,,,,2026-05-14 17:43:14,System,,,,,,COMPANY,,TRUE,TOTAL,UDH-00836
841,PRINTER INKJET,EPSON,M3170,X5TT006078,ตึกผู้ป่วยนอก (OPD),2,OPD อายุรกรรม,ห้องตรวจ,อายุรกรรม,Retired,โรงพยาบาลศูนย์อุดรธานี,อด 0033.1/380/2568 ลงวันที่ 26 สิงหาคม 2568,,,,2026-06-29 15:30:39,nikorn2527@gmail.com,,,,2026-06-29,,COMPANY,,TRUE,TOTAL,UDH-00837
936,PRINTER THERMAL,ZEBRA,ZD421,D6J222613781,ตึกผู้ป่วยนอก (OPD),2,OPD อายุรกรรม,ห้องตรวจ 12,อายุรกรรม,Active,โรงพยาบาลศูนย์อุดรธานี,อด 0033.1/380/2568 ลงวันที่ 26 สิงหาคม 2568,,,,2026-05-14 17:43:14,System,,,,,,COMPANY,,FALSE,TOTAL,UDH-00932
847,PRINTER INKJET AIO,EPSON,L5290,X8H2029250,ตึกผู้ป่วยนอก (OPD),2,OPD อายุรกรรม,ห้องตรวจ,อายุรกรรม,Active,โรงพยาบาลศูนย์อุดรธานี,อด 0033.1/380/2568 ลงวันที่ 26 สิงหาคม 2568,,,,2026-05-14 17:43:14,System,,,,,,COMPANY,,TRUE,TOTAL,UDH-00843
878,PRINTER LASER,SAMSUNG,M4020ND,CNB3L3WSY4,ตึกผู้ป่วยนอก (OPD),2,OPD อายุรกรรม,ห้องตรวจ,อายุรกรรม,Retired,โรงพยาบาลศูนย์อุดรธานี,อด 0033.1/380/2568 ลงวันที่ 26 สิงหาคม 2568,,,,2026-05-14 17:43:14,System,,,,,,COMPANY,,TRUE,TOTAL,UDH-00874
2081,PRINTER LASER,OKI,ES5112,BW21013591C0,ตึกผู้ป่วยนอก (OPD),2,OPD อายุรกรรม,ห้องตรวจ 12,อายุรกรรม,Disposed,โรงพยาบาลศูนย์อุดรธานี,อด 0033.1/380/2568 ลงวันที่ 26 สิงหาคม 2568,,,,2026-08-05 09:23:07,nikorn2527@gmail.com,,,,2026-08-05,,COMPANY,,TRUE,TOTAL,UDH-02057
964,PRINTER THERMAL,ZEBRA,ZD421,D6J222614746,ตึกผู้ป่วยนอก (OPD),2,หน่วยส่องกล้องระบบทางเดินหายใจ,,อายุรกรรมโรคปอดและระบบทางเดินหายใจ,Active,โรงพยาบาลศูนย์อุดรธานี,อด 0033.1/380/2568 ลงวันที่ 26 สิงหาคม 2568,,,,2026-05-14 17:43:14,System,,,,,,COMPANY,,FALSE,TOTAL,UDH-00960
965,PRINTER THERMAL,ZEBRA,ZD421,D6J222700872,ตึกผู้ป่วยนอก (OPD),2,หน่วยส่องกล้องระบบทางเดินหายใจ,,อายุรกรรมโรคปอดและระบบทางเดินหายใจ,Active,โรงพยาบาลศูนย์อุดรธานี,อด 0033.1/380/2568 ลงวันที่ 26 สิงหาคม 2568,,,,2026-05-14 17:43:14,System,,,,,,COMPANY,,FALSE,TOTAL,UDH-00961
966,PRINTER THERMAL,ZEBRA,ZD421,D6J222702224,ตึกผู้ป่วยนอก (OPD),2,หน่วยส่องกล้องระบบทางเดินหายใจ,,อายุรกรรมโรคปอดและระบบทางเดินหายใจ,Active,โรงพยาบาลศูนย์อุดรธานี,อด 0033.1/380/2568 ลงวันที่ 26 สิงหาคม 2568,,,,2026-05-14 17:43:14,System,,,,,,COMPANY,,FALSE,TOTAL,UDH-00962
967,PRINTER THERMAL,ZEBRA,ZD421,D6J222613814,ตึกผู้ป่วยนอก (OPD),2,หน่วยส่องกล้องระบบทางเดินหายใจ,,อายุรกรรมโรคปอดและระบบทางเดินหายใจ,Active,โรงพยาบาลศูนย์อุดรธานี,อด 0033.1/380/2568 ลงวันที่ 26 สิงหาคม 2568,,,,2026-05-14 17:43:14,System,,,,,,COMPANY,,FALSE,TOTAL,UDH-00963
968,PRINTER THERMAL,ZEBRA,ZD421,D6J222614733,ตึกผู้ป่วยนอก (OPD),2,หน่วยส่องกล้องระบบทางเดินหายใจ,,อายุรกรรมโรคปอดและระบบทางเดินหายใจ,Active,โรงพยาบาลศูนย์อุดรธานี,อด 0033.1/380/2568 ลงวันที่ 26 สิงหาคม 2568,,,,2026-05-14 17:43:14,System,,,,,,COMPANY,,FALSE,TOTAL,UDH-00964
969,PRINTER THERMAL,ZEBRA,ZD421,D6J222700839,ตึกผู้ป่วยนอก (OPD),2,หน่วยส่องกล้องระบบทางเดินหายใจ,,อายุรกรรมโรคปอดและระบบทางเดินหายใจ,Active,โรงพยาบาลศูนย์อุดรธานี,อด 0033.1/380/2568 ลงวันที่ 26 สิงหาคม 2568,,,,2026-05-14 17:43:14,System,,,,,,COMPANY,,FALSE,TOTAL,UDH-00965
970,PRINTER THERMAL,ZEBRA,ZD421,D6J222613584,ตึกผู้ป่วยนอก (OPD),2,หน่วยส่องกล้องระบบทางเดินหายใจ,,อายุรกรรมโรคปอดและระบบทางเดินหายใจ,Active,โรงพยาบาลศูนย์อุดรธานี,อด 0033.1/380/2568 ลงวันที่ 26 สิงหาคม 2568,,,,2026-05-14 17:43:14,System,,,,,,COMPANY,,FALSE,TOTAL,UDH-00966
971,PRINTER THERMAL,ZEBRA,ZD421,D6J222700739,ตึกผู้ป่วยนอก (OPD),2,คลินิกผู้สูงอายุครบวงจร,,คลินิกเฉพาะทางนอกเวลา,Active,โรงพยาบาลศูนย์อุดรธานี,อด 0033.1/380/2568 ลงวันที่ 26 สิงหาคม 2568,,,,2026-05-14 17:43:14,System,,,,,,COMPANY,,FALSE,TOTAL,UDH-00967
972,SCANNERS,CANON,DR-C230,JA491933,ตึกผู้ป่วยนอกเดิม,2,ศูนย์บริการข้าราชการ รัฐวิสาหกิจและประกันชีวิต,,ศูนย์สิทธิ์เบิกได้,Active,โรงพยาบาลศูนย์อุดรธานี,อด 0033.1/380/2568 ลงวันที่ 26 สิงหาคม 2568,,,,2026-05-14 17:43:14,System,,,,,,COMPANY,,FALSE,TOTAL,UDH-00968
937,PRINTER THERMAL,ZEBRA,ZD421,D6J222613567,ตึกผู้ป่วยนอก (OPD),2,OPD อายุรกรรม,ห้องตรวจ 13,อายุรกรรม,Active,โรงพยาบาลศูนย์อุดรธานี,อด 0033.1/380/2568 ลงวันที่ 26 สิงหาคม 2568,,,,2026-05-14 17:43:14,System,,,,,,COMPANY,,FALSE,TOTAL,UDH-00933
938,PRINTER THERMAL,ZEBRA,ZD421,D6J222613776,ตึกผู้ป่วยนอก (OPD),2,OPD อายุรกรรม,ห้องตรวจ 14,อายุรกรรม,Active,โรงพยาบาลศูนย์อุดรธานี,อด 0033.1/380/2568 ลงวันที่ 26 สิงหาคม 2568,,,,2026-05-14 17:43:14,System,,,,,,COMPANY,,FALSE,TOTAL,UDH-00934
846,PRINTER INKJET AIO,EPSON,L5290,X8H2029185,ตึกผู้ป่วยนอก (OPD),2,OPD อายุรกรรม,ห้องตรวจ 15,อายุรกรรม,Active,โรงพยาบาลศูนย์อุดรธานี,อด 0033.1/380/2568 ลงวันที่ 26 สิงหาคม 2568,,,,2026-05-14 17:43:14,System,,,,,,COMPANY,,TRUE,TOTAL,UDH-00842
804,PRINTER INKJET AIO,EPSON,L5290,X8H2029196,ตึกผู้ป่วยนอก (OPD),2,ธุรการ,SMC,บริหาร/ยุทธศาสตร์,Active,โรงพยาบาลศูนย์อุดรธานี,อด 0033.1/380/2568 ลงวันที่ 26 สิงหาคม 2568,,,,2026-05-14 17:43:14,System,,,,,,COMPANY,,TRUE,TOTAL,UDH-00800
939,PRINTER THERMAL,ZEBRA,ZD421,D6J222614728,ตึกผู้ป่วยนอก (OPD),2,OPD อายุรกรรม,ห้องตรวจ 16,อายุรกรรม,Active,โรงพยาบาลศูนย์อุดรธานี,อด 0033.1/380/2568 ลงวันที่ 26 สิงหาคม 2568,,,,2026-05-14 17:43:14,System,,,,,,COMPANY,,FALSE,TOTAL,UDH-00935
940,PRINTER THERMAL,ZEBRA,ZD421,D6J222613771,ตึกผู้ป่วยนอก (OPD),2,OPD อายุรกรรม,ห้องตรวจ  17,อายุรกรรม,Active,โรงพยาบาลศูนย์อุดรธานี,อด 0033.1/380/2568 ลงวันที่ 26 สิงหาคม 2568,,,,2026-05-14 17:43:14,System,,,,,,COMPANY,,FALSE,TOTAL,UDH-00936
979,SCANNERS,CANON,DR-C230,JA431211,ตึกผู้ป่วยนอก (OPD),2,หน่วยส่องกล้องระบบทางเดินหายใจ,,อายุรกรรมโรคปอดและระบบทางเดินหายใจ,Active,โรงพยาบาลศูนย์อุดรธานี,อด 0033.1/380/2568 ลงวันที่ 26 สิงหาคม 2568,,,,2026-05-14 17:43:14,System,,,,,,COMPANY,,FALSE,TOTAL,UDH-00975
941,PRINTER THERMAL,ZEBRA,ZD421,D6J222613102,ตึกผู้ป่วยนอก (OPD),2,OPD อายุรกรรม,ห้องตรวจ  17,อายุรกรรม,Active,โรงพยาบาลศูนย์อุดรธานี,อด 0033.1/380/2568 ลงวันที่ 26 สิงหาคม 2568,,,,2026-05-14 17:43:14,System,,,,,,COMPANY,,FALSE,TOTAL,UDH-00937
981,BARCODE SCANNERS,ZEBRA,DS2208,S22149010552693,ตึกผู้ป่วยนอก (OPD),3,OPD สูตินรีเวช,,สูตินรีเวชกรรม,Active,โรงพยาบาลศูนย์อุดรธานี,อด 0033.1/380/2568 ลงวันที่ 26 สิงหาคม 2568,,,,2026-05-14 17:43:14,System,,,,,,COMPANY,,FALSE,TOTAL,UDH-00977
982,BARCODE SCANNERS,ZEBRA,DS2208,S22149010552875,ตึกผู้ป่วยนอก (OPD),3,OPD สูตินรีเวช,,สูตินรีเวชกรรม,Active,โรงพยาบาลศูนย์อุดรธานี,อด 0033.1/380/2568 ลงวันที่ 26 สิงหาคม 2568,,,,2026-05-14 17:43:14,System,,,,,,COMPANY,,FALSE,TOTAL,UDH-00978
983,BARCODE SCANNERS,ZEBRA,DS2208,S22149010552716,ตึกผู้ป่วยนอก (OPD),3,OPD สูตินรีเวช,,สูตินรีเวชกรรม,Active,โรงพยาบาลศูนย์อุดรธานี,อด 0033.1/380/2568 ลงวันที่ 26 สิงหาคม 2568,,,,2026-05-14 17:43:14,System,,,,,,COMPANY,,FALSE,TOTAL,UDH-00979
984,BARCODE SCANNERS,ZEBRA,DS2208,S22179010552250,ตึกผู้ป่วยนอก (OPD),3,OPD สูตินรีเวช,,สูตินรีเวชกรรม,Active,โรงพยาบาลศูนย์อุดรธานี,อด 0033.1/380/2568 ลงวันที่ 26 สิงหาคม 2568,,,,2026-05-14 17:43:14,System,,,,,,COMPANY,,FALSE,TOTAL,UDH-00980
985,BARCODE SCANNERS,ZEBRA,DS2208,S22149010552880,ตึกผู้ป่วยนอก (OPD),3,OPD สูตินรีเวช,,สูตินรีเวชกรรม,Active,โรงพยาบาลศูนย์อุดรธานี,อด 0033.1/380/2568 ลงวันที่ 26 สิงหาคม 2568,,,,2026-05-14 17:43:14,System,,,,,,COMPANY,,FALSE,TOTAL,UDH-00981
986,BARCODE SCANNERS,ZEBRA,DS2208,S22179010552078,ตึกผู้ป่วยนอก (OPD),3,OPD สูตินรีเวช,,สูตินรีเวชกรรม,Active,โรงพยาบาลศูนย์อุดรธานี,อด 0033.1/380/2568 ลงวันที่ 26 สิงหาคม 2568,,,,2026-05-14 17:43:14,System,,,,,,COMPANY,,FALSE,TOTAL,UDH-00982
987,BARCODE SCANNERS,ZEBRA,DS2208,S22179010552098,ตึกผู้ป่วยนอก (OPD),3,OPD สูตินรีเวช,,สูตินรีเวชกรรม,Active,โรงพยาบาลศูนย์อุดรธานี,อด 0033.1/380/2568 ลงวันที่ 26 สิงหาคม 2568,,,,2026-05-14 17:43:14,System,,,,,,COMPANY,,FALSE,TOTAL,UDH-00983
988,BARCODE SCANNERS,ZEBRA,DS2208,S22179010552082,ตึกผู้ป่วยนอก (OPD),3,OPD สูตินรีเวช,,สูตินรีเวชกรรม,Active,โรงพยาบาลศูนย์อุดรธานี,อด 0033.1/380/2568 ลงวันที่ 26 สิงหาคม 2568,,,,2026-05-14 17:43:14,System,,,,,,COMPANY,,FALSE,TOTAL,UDH-00984
989,BARCODE SCANNERS,ZEBRA,DS2208,S22179010552088,ตึกผู้ป่วยนอก (OPD),3,OPD สูตินรีเวช,,สูตินรีเวชกรรม,Active,โรงพยาบาลศูนย์อุดรธานี,อด 0033.1/380/2568 ลงวันที่ 26 สิงหาคม 2568,,,,2026-05-14 17:43:14,System,,,,,,COMPANY,,FALSE,TOTAL,UDH-00985
990,BARCODE SCANNERS,ZEBRA,DS2208,S22179010552094,ตึกผู้ป่วยนอก (OPD),3,OPD สูตินรีเวช,,สูตินรีเวชกรรม,Active,โรงพยาบาลศูนย์อุดรธานี,อด 0033.1/380/2568 ลงวันที่ 26 สิงหาคม 2568,,,,2026-05-14 17:43:14,System,,,,,,COMPANY,,FALSE,TOTAL,UDH-00986
991,BARCODE SCANNERS,ZEBRA,DS2208,S22176010553262,ตึกผู้ป่วยนอก (OPD),3,OPD กุมารเวชกรรม,,กุมารเวชกรรม,Active,โรงพยาบาลศูนย์อุดรธานี,อด 0033.1/380/2568 ลงวันที่ 26 สิงหาคม 2568,,,,2026-05-14 17:43:14,System,,,,,,COMPANY,,FALSE,TOTAL,UDH-00987
992,BARCODE SCANNERS,ZEBRA,DS2208,S22176010553279,ตึกผู้ป่วยนอก (OPD),3,OPD กุมารเวชกรรม,,กุมารเวชกรรม,Active,โรงพยาบาลศูนย์อุดรธานี,อด 0033.1/380/2568 ลงวันที่ 26 สิงหาคม 2568,,,,2026-05-14 17:43:14,System,,,,,,COMPANY,,FALSE,TOTAL,UDH-00988
993,BARCODE SCANNERS,ZEBRA,DS2208,S22176010554014,ตึกผู้ป่วยนอก (OPD),3,OPD กุมารเวชกรรม,,กุมารเวชกรรม,Active,โรงพยาบาลศูนย์อุดรธานี,อด 0033.1/380/2568 ลงวันที่ 26 สิงหาคม 2568,,,,2026-05-14 17:43:14,System,,,,,,COMPANY,,FALSE,TOTAL,UDH-00989
994,BARCODE SCANNERS,ZEBRA,DS2208,S22176010554018,ตึกผู้ป่วยนอก (OPD),3,OPD กุมารเวชกรรม,,กุมารเวชกรรม,Active,โรงพยาบาลศูนย์อุดรธานี,อด 0033.1/380/2568 ลงวันที่ 26 สิงหาคม 2568,,,,2026-05-14 17:43:14,System,,,,,,COMPANY,,FALSE,TOTAL,UDH-00990
995,BARCODE SCANNERS,ZEBRA,DS2208,S22176010553283,ตึกผู้ป่วยนอก (OPD),3,OPD กุมารเวชกรรม,,กุมารเวชกรรม,Active,โรงพยาบาลศูนย์อุดรธานี,อด 0033.1/380/2568 ลงวันที่ 26 สิงหาคม 2568,,,,2026-05-14 17:43:14,System,,,,,,COMPANY,,FALSE,TOTAL,UDH-00991
996,BARCODE SCANNERS,ZEBRA,DS2208,S22176010553290,ตึกผู้ป่วยนอก (OPD),3,OPD กุมารเวชกรรม,,กุมารเวชกรรม,Active,โรงพยาบาลศูนย์อุดรธานี,อด 0033.1/380/2568 ลงวันที่ 26 สิงหาคม 2568,,,,2026-05-14 17:43:14,System,,,,,,COMPANY,,FALSE,TOTAL,UDH-00992
997,BARCODE SCANNERS,ZEBRA,DS2208,S22178010553531,ตึกผู้ป่วยนอก (OPD),3,OPD กุมารเวชกรรม,,กุมารเวชกรรม,Active,โรงพยาบาลศูนย์อุดรธานี,อด 0033.1/380/2568 ลงวันที่ 26 สิงหาคม 2568,,,,2026-05-14 17:43:14,System,,,,,,COMPANY,,FALSE,TOTAL,UDH-00993
998,BARCODE SCANNERS,ZEBRA,DS2208,S22176010553242,ตึกผู้ป่วยนอก (OPD),3,OPD กุมารเวชกรรม,,กุมารเวชกรรม,Active,โรงพยาบาลศูนย์อุดรธานี,อด 0033.1/380/2568 ลงวันที่ 26 สิงหาคม 2568,,,,2026-05-14 17:43:14,System,,,,,,COMPANY,,FALSE,TOTAL,UDH-00994
999,BARCODE SCANNERS,ZEBRA,DS2208,S22176010553281,ตึกผู้ป่วยนอก (OPD),3,OPD กุมารเวชกรรม,,กุมารเวชกรรม,Active,โรงพยาบาลศูนย์อุดรธานี,อด 0033.1/380/2568 ลงวันที่ 26 สิงหาคม 2568,,,,2026-05-14 17:43:14,System,,,,,,COMPANY,,FALSE,TOTAL,UDH-00995
1000,BARCODE SCANNERS,ZEBRA,DS2208,S22176010553725,ตึกผู้ป่วยนอก (OPD),3,OPD กุมารเวชกรรม,,กุมารเวชกรรม,Active,โรงพยาบาลศูนย์อุดรธานี,อด 0033.1/380/2568 ลงวันที่ 26 สิงหาคม 2568,,,,2026-05-14 17:43:14,System,,,,,,COMPANY,,FALSE,TOTAL,UDH-00996
1001,BARCODE SCANNERS,ZEBRA,DS2208,S22176010553166,ตึกผู้ป่วยนอก (OPD),3,OPD กุมารเวชกรรม,,กุมารเวชกรรม,Active,โรงพยาบาลศูนย์อุดรธานี,อด 0033.1/380/2568 ลงวันที่ 26 สิงหาคม 2568,,,,2026-05-14 17:43:14,System,,,,,,COMPANY,,FALSE,TOTAL,UDH-00997
1002,BARCODE SCANNERS,ZEBRA,DS2208,S22176010553225,ตึกผู้ป่วยนอก (OPD),3,OPD กุมารเวชกรรม,,กุมารเวชกรรม,Active,โรงพยาบาลศูนย์อุดรธานี,อด 0033.1/380/2568 ลงวันที่ 26 สิงหาคม 2568,,,,2026-05-14 17:43:14,System,,,,,,COMPANY,,FALSE,TOTAL,UDH-00998
1003,BARCODE SCANNERS,ZEBRA,DS2208,S22176010553229,ตึกผู้ป่วยนอก (OPD),3,OPD กุมารเวชกรรม,,กุมารเวชกรรม,Active,โรงพยาบาลศูนย์อุดรธานี,อด 0033.1/380/2568 ลงวันที่ 26 สิงหาคม 2568,,,,2026-05-14 17:43:14,System,,,,,,COMPANY,,FALSE,TOTAL,UDH-00999
1004,BARCODE SCANNERS,ZEBRA,DS2208,S22176010553167,ตึกผู้ป่วยนอก (OPD),3,OPD กุมารเวชกรรม,,กุมารเวชกรรม,Active,โรงพยาบาลศูนย์อุดรธานี,อด 0033.1/380/2568 ลงวันที่ 26 สิงหาคม 2568,,,,2026-05-14 17:43:14,System,,,,,,COMPANY,,FALSE,TOTAL,UDH-01000
1005,BARCODE SCANNERS,ZEBRA,DS2208,S22176010553170,ตึกผู้ป่วยนอก (OPD),3,OPD กุมารเวชกรรม,,กุมารเวชกรรม,Active,โรงพยาบาลศูนย์อุดรธานี,อด 0033.1/380/2568 ลงวันที่ 26 สิงหาคม 2568,,,,2026-05-14 17:43:14,System,,,,,,COMPANY,,FALSE,TOTAL,UDH-01001
1006,BARCODE SCANNERS,ZEBRA,DS2208,S22176010553173,ตึกผู้ป่วยนอก (OPD),3,OPD กุมารเวชกรรม,,กุมารเวชกรรม,Active,โรงพยาบาลศูนย์อุดรธานี,อด 0033.1/380/2568 ลงวันที่ 26 สิงหาคม 2568,,,,2026-05-14 17:43:14,System,,,,,,COMPANY,,FALSE,TOTAL,UDH-01002
1007,BARCODE SCANNERS,ZEBRA,DS2208,S22176010553236,ตึกผู้ป่วยนอก (OPD),3,OPD กุมารเวชกรรม,,กุมารเวชกรรม,Active,โรงพยาบาลศูนย์อุดรธานี,อด 0033.1/380/2568 ลงวันที่ 26 สิงหาคม 2568,,,,2026-05-14 17:43:14,System,,,,,,COMPANY,,FALSE,TOTAL,UDH-01003
1008,BARCODE SCANNERS,ZEBRA,DS2208,S22176010553228,ตึกผู้ป่วยนอก (OPD),3,OPD กุมารเวชกรรม,,กุมารเวชกรรม,Active,โรงพยาบาลศูนย์อุดรธานี,อด 0033.1/380/2568 ลงวันที่ 26 สิงหาคม 2568,,,,2026-05-14 17:43:14,System,,,,,,COMPANY,,FALSE,TOTAL,UDH-01004
942,PRINTER THERMAL,ZEBRA,ZD421,D6J222613561,ตึกผู้ป่วยนอก (OPD),2,OPD อายุรกรรม,ห้องตรวจ  17,อายุรกรรม,Active,โรงพยาบาลศูนย์อุดรธานี,อด 0033.1/380/2568 ลงวันที่ 26 สิงหาคม 2568,,,,2026-05-14 17:43:14,System,,,,,,COMPANY,,FALSE,TOTAL,UDH-00938
943,PRINTER THERMAL,ZEBRA,ZD421,D6J222702149,ตึกผู้ป่วยนอก (OPD),2,OPD อายุรกรรม,ห้องตรวจ  17,อายุรกรรม,Active,โรงพยาบาลศูนย์อุดรธานี,อด 0033.1/380/2568 ลงวันที่ 26 สิงหาคม 2568,,,,2026-05-14 17:43:14,System,,,,,,COMPANY,,FALSE,TOTAL,UDH-00939
1011,BARCODE SCANNERS,ZEBRA,DS2208,S22149010552883,ตึกผู้ป่วยนอก (OPD),3,OPD จิตเวช,จุดบริการ,จิตเวช,Active,โรงพยาบาลศูนย์อุดรธานี,อด 0033.1/380/2568 ลงวันที่ 26 สิงหาคม 2568,,,,2026-06-15 11:49:08,nikorn2527@gmail.com,,,,,,COMPANY,,FALSE,TOTAL,UDH-01007
1012,BARCODE SCANNERS,ZEBRA,DS2208,S22178010553647,ตึกผู้ป่วยนอก (OPD),3,OPD จิตเวช,จุดบริการ,จิตเวช,Active,โรงพยาบาลศูนย์อุดรธานี,อด 0033.1/380/2568 ลงวันที่ 26 สิงหาคม 2568,,,,2026-06-15 11:49:08,nikorn2527@gmail.com,,,,,,COMPANY,,FALSE,TOTAL,UDH-01008
1013,BARCODE SCANNERS,ZEBRA,DS2208,S22149010552829,ตึกผู้ป่วยนอก (OPD),3,OPD จิตเวช,จุดบริการ,จิตเวช,Active,โรงพยาบาลศูนย์อุดรธานี,อด 0033.1/380/2568 ลงวันที่ 26 สิงหาคม 2568,,,,2026-06-15 11:49:08,nikorn2527@gmail.com,,,,,,COMPANY,,FALSE,TOTAL,UDH-01009
1014,BARCODE SCANNERS,ZEBRA,DS2208,S22176010553532,ตึกผู้ป่วยนอก (OPD),3,OPD จิตเวช,จุดบริการ,จิตเวช,Active,โรงพยาบาลศูนย์อุดรธานี,อด 0033.1/380/2568 ลงวันที่ 26 สิงหาคม 2568,,,,2026-06-15 11:49:08,nikorn2527@gmail.com,,,,,,COMPANY,,FALSE,TOTAL,UDH-01010
1015,BARCODE SCANNERS,ZEBRA,DS2208,S22178010553484,ตึกผู้ป่วยนอก (OPD),3,OPD จิตเวช,จุดบริการ,จิตเวช,Active,โรงพยาบาลศูนย์อุดรธานี,อด 0033.1/380/2568 ลงวันที่ 26 สิงหาคม 2568,,,,2026-06-15 11:49:08,nikorn2527@gmail.com,,,,,,COMPANY,,FALSE,TOTAL,UDH-01011
1016,BARCODE SCANNERS,ZEBRA,DS2208,S22178010553652,ตึกผู้ป่วยนอก (OPD),3,OPD จิตเวช,จุดบริการ,จิตเวช,Active,โรงพยาบาลศูนย์อุดรธานี,อด 0033.1/380/2568 ลงวันที่ 26 สิงหาคม 2568,,,,2026-06-15 11:49:08,nikorn2527@gmail.com,,,,,,COMPANY,,FALSE,TOTAL,UDH-01012
1017,BARCODE SCANNERS,ZEBRA,DS2208,S22178010553999,ตึกผู้ป่วยนอก (OPD),3,OPD จิตเวช,จุดบริการ,จิตเวช,Active,โรงพยาบาลศูนย์อุดรธานี,อด 0033.1/380/2568 ลงวันที่ 26 สิงหาคม 2568,,,,2026-06-15 11:49:08,nikorn2527@gmail.com,,,,,,COMPANY,,FALSE,TOTAL,UDH-01013
1018,BARCODE SCANNERS,ZEBRA,DS2208,S22178010553951,ตึกผู้ป่วยนอก (OPD),3,OPD จิตเวช,จุดบริการ,จิตเวช,Active,โรงพยาบาลศูนย์อุดรธานี,อด 0033.1/380/2568 ลงวันที่ 26 สิงหาคม 2568,,,,2026-06-15 11:49:08,nikorn2527@gmail.com,,,,,,COMPANY,,FALSE,TOTAL,UDH-01014
1316,PRINTER INKJET,EPSON,M3170,X5TT005975,ตึกผู้ป่วยนอก (OPD),2,OPD อายุรกรรม,ห้องตรวจ  19,อายุรกรรม,Active,โรงพยาบาลศูนย์อุดรธานี,อด 0033.1/380/2568 ลงวันที่ 26 สิงหาคม 2568,,,,2026-06-29 15:26:05,nikorn2527@gmail.com,,,,,,COMPANY,,TRUE,TOTAL,UDH-01312
838,PRINTER INKJET,EPSON,M3170,X5TT005887,ตึกผู้ป่วยนอก (OPD),2,OPD อายุรกรรม,จุดบริการ 2,อายุรกรรม,Active,โรงพยาบาลศูนย์อุดรธานี,อด 0033.1/380/2568 ลงวันที่ 26 สิงหาคม 2568,,,,2026-05-14 17:43:14,System,,,,,,COMPANY,,TRUE,TOTAL,UDH-00834
872,PRINTER LASER,SAMSUNG,M4020ND,CNB2L4J4N3,ตึกผู้ป่วยนอก (OPD),2,OPD อายุรกรรม,จุดบริการ 3,อายุรกรรม,Active,โรงพยาบาลศูนย์อุดรธานี,อด 0033.1/380/2568 ลงวันที่ 26 สิงหาคม 2568,,,,2026-05-14 17:43:14,System,,,,,,COMPANY,,TRUE,TOTAL,UDH-00868
1992,PRINTER THERMAL,TSC,TE200,TEA24330038,ตึกผู้ป่วยนอก (OPD),2,OPD อายุรกรรม,จุดบริการ 3,อายุรกรรม,Active,โรงพยาบาลศูนย์อุดรธานี,อด 0033.1/380/2568 ลงวันที่ 26 สิงหาคม 2568,,,,2026-05-14 17:43:14,System,,,,,,COMPANY,,FALSE,TOTAL,UDH-01981
944,PRINTER THERMAL,ZEBRA,ZD421,D6J222613624,ตึกผู้ป่วยนอก (OPD),2,OPD อายุรกรรม,ห้องตรวจ,อายุรกรรม,Retired,โรงพยาบาลศูนย์อุดรธานี,อด 0033.1/380/2568 ลงวันที่ 26 สิงหาคม 2568,,,,2026-05-14 17:43:14,System,,,,,,COMPANY,,FALSE,TOTAL,UDH-00940
945,PRINTER THERMAL,ZEBRA,ZD421,D6J222700924,ตึกผู้ป่วยนอก (OPD),2,OPD อายุรกรรม,ห้องตรวจ,อายุรกรรม,Active,โรงพยาบาลศูนย์อุดรธานี,อด 0033.1/380/2568 ลงวันที่ 26 สิงหาคม 2568,,,,2026-05-14 17:43:14,System,,,,,,COMPANY,,FALSE,TOTAL,UDH-00941
946,PRINTER THERMAL,ZEBRA,ZD421,D6J222702142,ตึกผู้ป่วยนอก (OPD),2,OPD อายุรกรรม,ห้องตรวจ,อายุรกรรม,Active,โรงพยาบาลศูนย์อุดรธานี,อด 0033.1/380/2568 ลงวันที่ 26 สิงหาคม 2568,,,,2026-05-14 17:43:14,System,,,,,,COMPANY,,FALSE,TOTAL,UDH-00942
947,PRINTER THERMAL,ZEBRA,ZD421,D6J222613614,ตึกผู้ป่วยนอก (OPD),2,OPD อายุรกรรม,ห้องตรวจ,อายุรกรรม,Active,โรงพยาบาลศูนย์อุดรธานี,อด 0033.1/380/2568 ลงวันที่ 26 สิงหาคม 2568,,,,2026-05-14 17:43:14,System,,,,,,COMPANY,,FALSE,TOTAL,UDH-00943
948,PRINTER THERMAL,ZEBRA,ZD421,D6J222700919,ตึกผู้ป่วยนอก (OPD),2,OPD อายุรกรรม,ห้องตรวจ,อายุรกรรม,Active,โรงพยาบาลศูนย์อุดรธานี,อด 0033.1/380/2568 ลงวันที่ 26 สิงหาคม 2568,,,,2026-05-14 17:43:14,System,,,,,,COMPANY,,FALSE,TOTAL,UDH-00944
949,PRINTER THERMAL,ZEBRA,ZD421,D6J222702176,ตึกผู้ป่วยนอก (OPD),2,OPD อายุรกรรม,ห้องตรวจ,อายุรกรรม,Active,โรงพยาบาลศูนย์อุดรธานี,อด 0033.1/380/2568 ลงวันที่ 26 สิงหาคม 2568,,,,2026-05-14 17:43:14,System,,,,,,COMPANY,,FALSE,TOTAL,UDH-00945
1029,BARCODE SCANNERS,ZEBRA,DS2208,S22149010555305,ตึกผู้ป่วยนอก (OPD),3,EKG,ห้องตรวจ,ประสาทวิทยา,Active,โรงพยาบาลศูนย์อุดรธานี,อด 0033.1/380/2568 ลงวันที่ 26 สิงหาคม 2568,,,,2026-05-14 17:43:14,System,,,,,,COMPANY,,FALSE,TOTAL,UDH-01025
1030,BARCODE SCANNERS,ZEBRA,DS2208,S22149010555313,ตึกผู้ป่วยนอก (OPD),3,EKG,ห้องตรวจ,ประสาทวิทยา,Active,โรงพยาบาลศูนย์อุดรธานี,อด 0033.1/380/2568 ลงวันที่ 26 สิงหาคม 2568,,,,2026-05-14 17:43:14,System,,,,,,COMPANY,,FALSE,TOTAL,UDH-01026
1031,BARCODE SCANNERS,ZEBRA,DS2208,S22149010555327,ตึกผู้ป่วยนอก (OPD),3,EKG,ห้องตรวจ,ประสาทวิทยา,Active,โรงพยาบาลศูนย์อุดรธานี,อด 0033.1/380/2568 ลงวันที่ 26 สิงหาคม 2568,,,,2026-05-14 17:43:14,System,,,,,,COMPANY,,FALSE,TOTAL,UDH-01027
1032,BARCODE SCANNERS,ZEBRA,DS2208,S22149010555334,ตึกผู้ป่วยนอก (OPD),3,EKG,ห้องตรวจ,ประสาทวิทยา,Active,โรงพยาบาลศูนย์อุดรธานี,อด 0033.1/380/2568 ลงวันที่ 26 สิงหาคม 2568,,,,2026-05-14 17:43:14,System,,,,,,COMPANY,,FALSE,TOTAL,UDH-01028
1033,BARCODE SCANNERS,ZEBRA,DS2208,S22150010551643,ตึกผู้ป่วยนอก (OPD),3,EKG,ห้องตรวจ,ประสาทวิทยา,Active,โรงพยาบาลศูนย์อุดรธานี,อด 0033.1/380/2568 ลงวันที่ 26 สิงหาคม 2568,,,,2026-05-14 17:43:14,System,,,,,,COMPANY,,FALSE,TOTAL,UDH-01029
1034,PRINTER LASER,OKI,ES5112,BW1C029598C0,ตึกผู้ป่วยนอก (OPD),1,การเงิน,สถานีตำรวจชุมชน,การเงิน,Active,โรงพยาบาลศูนย์อุดรธานี,อด 0033.1/380/2568 ลงวันที่ 26 สิงหาคม 2568,,,,2026-05-14 17:43:14,System,,,,,,COMPANY,,TRUE,TOTAL,UDH-01030
950,PRINTER THERMAL,ZEBRA,ZD421,D6J222613649,ตึกผู้ป่วยนอก (OPD),2,OPD อายุรกรรม,ห้องตรวจ,อายุรกรรม,Active,โรงพยาบาลศูนย์อุดรธานี,อด 0033.1/380/2568 ลงวันที่ 26 สิงหาคม 2568,,,,2026-05-14 17:43:14,System,,,,,,COMPANY,,FALSE,TOTAL,UDH-00946
1036,BARCODE SCANNERS,ZEBRA,DS2208,S22149010550587,ตึกผู้ป่วยนอก (OPD),3,EKG,ห้องบัตร,เวชระเบียน,Active,โรงพยาบาลศูนย์อุดรธานี,อด 0033.1/380/2568 ลงวันที่ 26 สิงหาคม 2568,,,,2026-05-14 17:43:14,System,,,,,,COMPANY,,FALSE,TOTAL,UDH-01032
1037,BARCODE SCANNERS,ZEBRA,DS2208,S22150010551699,ตึกผู้ป่วยนอก (OPD),3,EKG,ห้องบัตร,เวชระเบียน,Active,โรงพยาบาลศูนย์อุดรธานี,อด 0033.1/380/2568 ลงวันที่ 26 สิงหาคม 2568,,,,2026-05-14 17:43:14,System,,,,,,COMPANY,,FALSE,TOTAL,UDH-01033
1038,BARCODE SCANNERS,ZEBRA,DS2208,S22149010552730,ตึกผู้ป่วยนอก (OPD),3,OPD สูตินรีเวช,ฝากครรภ์,สูตินรีเวชกรรม,Active,โรงพยาบาลศูนย์อุดรธานี,อด 0033.1/380/2568 ลงวันที่ 26 สิงหาคม 2568,,,,2026-05-14 17:43:14,System,,,,,,COMPANY,,FALSE,TOTAL,UDH-01034
1039,BARCODE SCANNERS,ZEBRA,DS2208,S22149010552914,ตึกผู้ป่วยนอก (OPD),3,OPD สูตินรีเวช,ฝากครรภ์,สูตินรีเวชกรรม,Active,โรงพยาบาลศูนย์อุดรธานี,อด 0033.1/380/2568 ลงวันที่ 26 สิงหาคม 2568,,,,2026-05-14 17:43:14,System,,,,,,COMPANY,,FALSE,TOTAL,UDH-01035
1040,BARCODE SCANNERS,ZEBRA,DS2208,S22149010552934,ตึกผู้ป่วยนอก (OPD),3,OPD สูตินรีเวช,ฝากครรภ์,สูตินรีเวชกรรม,Active,โรงพยาบาลศูนย์อุดรธานี,อด 0033.1/380/2568 ลงวันที่ 26 สิงหาคม 2568,,,,2026-05-14 17:43:14,System,,,,,,COMPANY,,FALSE,TOTAL,UDH-01036
1041,BARCODE SCANNERS,ZEBRA,DS2208,S22149010552949,ตึกผู้ป่วยนอก (OPD),3,OPD สูตินรีเวช,ฝากครรภ์,สูตินรีเวชกรรม,Active,โรงพยาบาลศูนย์อุดรธานี,อด 0033.1/380/2568 ลงวันที่ 26 สิงหาคม 2568,,,,2026-05-14 17:43:14,System,,,,,,COMPANY,,FALSE,TOTAL,UDH-01037
1042,BARCODE SCANNERS,ZEBRA,DS2208,S22149010552874,ตึกผู้ป่วยนอก (OPD),3,OPD สูตินรีเวช,ฝากครรภ์,สูตินรีเวชกรรม,Active,โรงพยาบาลศูนย์อุดรธานี,อด 0033.1/380/2568 ลงวันที่ 26 สิงหาคม 2568,,,,2026-05-14 17:43:14,System,,,,,,COMPANY,,FALSE,TOTAL,UDH-01038
1043,BARCODE SCANNERS,ZEBRA,DS2208,S22149010552936,ตึกผู้ป่วยนอก (OPD),3,OPD สูตินรีเวช,ฝากครรภ์,สูตินรีเวชกรรม,Active,โรงพยาบาลศูนย์อุดรธานี,อด 0033.1/380/2568 ลงวันที่ 26 สิงหาคม 2568,,,,2026-05-14 17:43:14,System,,,,,,COMPANY,,FALSE,TOTAL,UDH-01039
1044,BARCODE SCANNERS,ZEBRA,DS2208,S22176010553722,ตึกผู้ป่วยนอก (OPD),3,OPD สูตินรีเวช,ฝากครรภ์,สูตินรีเวชกรรม,Active,โรงพยาบาลศูนย์อุดรธานี,อด 0033.1/380/2568 ลงวันที่ 26 สิงหาคม 2568,,,,2026-05-14 17:43:14,System,,,,,,COMPANY,,FALSE,TOTAL,UDH-01040
1045,BARCODE SCANNERS,ZEBRA,DS2208,S22176010554010,ตึกผู้ป่วยนอก (OPD),3,OPD สูตินรีเวช,ฝากครรภ์,สูตินรีเวชกรรม,Active,โรงพยาบาลศูนย์อุดรธานี,อด 0033.1/380/2568 ลงวันที่ 26 สิงหาคม 2568,,,,2026-05-14 17:43:14,System,,,,,,COMPANY,,FALSE,TOTAL,UDH-01041
1046,BARCODE SCANNERS,ZEBRA,DS2208,S22149010552884,ตึกผู้ป่วยนอก (OPD),3,OPD สูตินรีเวช,ฝากครรภ์,สูตินรีเวชกรรม,Active,โรงพยาบาลศูนย์อุดรธานี,อด 0033.1/380/2568 ลงวันที่ 26 สิงหาคม 2568,,,,2026-05-14 17:43:14,System,,,,,,COMPANY,,FALSE,TOTAL,UDH-01042
1047,BARCODE SCANNERS,ZEBRA,DS2208,S22149010552887,ตึกผู้ป่วยนอก (OPD),3,OPD สูตินรีเวช,ฝากครรภ์,สูตินรีเวชกรรม,Active,โรงพยาบาลศูนย์อุดรธานี,อด 0033.1/380/2568 ลงวันที่ 26 สิงหาคม 2568,,,,2026-05-14 17:43:14,System,,,,,,COMPANY,,FALSE,TOTAL,UDH-01043
951,PRINTER THERMAL,ZEBRA,ZD421,D6J222613774,ตึกผู้ป่วยนอก (OPD),2,OPD อายุรกรรม,ห้องตรวจ,อายุรกรรม,Active,โรงพยาบาลศูนย์อุดรธานี,อด 0033.1/380/2568 ลงวันที่ 26 สิงหาคม 2568,,,,2026-05-14 17:43:14,System,,,,,,COMPANY,,FALSE,TOTAL,UDH-00947
952,PRINTER THERMAL,ZEBRA,ZD421,D6J222614683,ตึกผู้ป่วยนอก (OPD),2,OPD อายุรกรรม,ห้องตรวจ,อายุรกรรม,Active,โรงพยาบาลศูนย์อุดรธานี,อด 0033.1/380/2568 ลงวันที่ 26 สิงหาคม 2568,,,,2026-05-14 17:43:14,System,,,,,,COMPANY,,FALSE,TOTAL,UDH-00948
1050,BARCODE SCANNERS,ZEBRA,DS2208,S22179010552256,ตึกผู้ป่วยนอก (OPD),3,OPD สูตินรีเวช,วางแผนครอบครัว,สูตินรีเวชกรรม,Active,โรงพยาบาลศูนย์อุดรธานี,อด 0033.1/380/2568 ลงวันที่ 26 สิงหาคม 2568,,,,2026-05-14 17:43:14,System,,,,,,COMPANY,,FALSE,TOTAL,UDH-01046
1051,BARCODE SCANNERS,ZEBRA,DS2208,S22179010552095,ตึกผู้ป่วยนอก (OPD),3,OPD สูตินรีเวช,วางแผนครอบครัว,สูตินรีเวชกรรม,Active,โรงพยาบาลศูนย์อุดรธานี,อด 0033.1/380/2568 ลงวันที่ 26 สิงหาคม 2568,,,,2026-05-14 17:43:14,System,,,,,,COMPANY,,FALSE,TOTAL,UDH-01047
1052,BARCODE SCANNERS,ZEBRA,DS2208,S22179010552097,ตึกผู้ป่วยนอก (OPD),3,OPD สูตินรีเวช,วางแผนครอบครัว,สูตินรีเวชกรรม,Active,โรงพยาบาลศูนย์อุดรธานี,อด 0033.1/380/2568 ลงวันที่ 26 สิงหาคม 2568,,,,2026-05-14 17:43:14,System,,,,,,COMPANY,,FALSE,TOTAL,UDH-01048
1053,BARCODE SCANNERS,ZEBRA,DS2208,S22149010552890,ตึกผู้ป่วยนอก (OPD),2,หน่วยส่องกล้องระบบทางเดินหายใจ,,อายุรกรรมโรคปอดและระบบทางเดินหายใจ,Active,โรงพยาบาลศูนย์อุดรธานี,อด 0033.1/380/2568 ลงวันที่ 26 สิงหาคม 2568,,,,2026-05-14 17:43:14,System,,,,,,COMPANY,,FALSE,TOTAL,UDH-01049
1054,BARCODE SCANNERS,ZEBRA,DS2208,S22149010553953,ตึกผู้ป่วยนอก (OPD),2,หน่วยส่องกล้องระบบทางเดินหายใจ,,อายุรกรรมโรคปอดและระบบทางเดินหายใจ,Active,โรงพยาบาลศูนย์อุดรธานี,อด 0033.1/380/2568 ลงวันที่ 26 สิงหาคม 2568,,,,2026-05-14 17:43:14,System,,,,,,COMPANY,,FALSE,TOTAL,UDH-01050
1055,BARCODE SCANNERS,ZEBRA,DS2208,S22149010552896,ตึกผู้ป่วยนอก (OPD),2,หน่วยส่องกล้องระบบทางเดินหายใจ,,อายุรกรรมโรคปอดและระบบทางเดินหายใจ,Active,โรงพยาบาลศูนย์อุดรธานี,อด 0033.1/380/2568 ลงวันที่ 26 สิงหาคม 2568,,,,2026-05-14 17:43:14,System,,,,,,COMPANY,,FALSE,TOTAL,UDH-01051
1056,PRINTER INKJET,EPSON,M3170,X5TT006181,ตึกผู้ป่วยนอก (OPD),3,การเงิน,,การเงิน,Active,โรงพยาบาลศูนย์อุดรธานี,อด 0033.1/380/2568 ลงวันที่ 26 สิงหาคม 2568,,,,2026-05-14 17:43:14,System,,,,,,COMPANY,,TRUE,TOTAL,UDH-01052
1057,PRINTER INKJET AIO,EPSON,L5290,X8H2028200,ตึกผู้ป่วยนอก (OPD),3,OPD สูตินรีเวช,ห้องตรวจ 77,สูตินรีเวชกรรม,Active,โรงพยาบาลศูนย์อุดรธานี,อด 0033.1/380/2568 ลงวันที่ 26 สิงหาคม 2568,,,,2026-05-14 17:43:14,System,,,,,,COMPANY,,TRUE,TOTAL,UDH-01053
1058,PRINTER INKJET,EPSON,M3170,X5TT010299,ตึกผู้ป่วยนอก (OPD),3,OPD สูตินรีเวช,ฝากครรภ์,สูตินรีเวชกรรม,Active,โรงพยาบาลศูนย์อุดรธานี,อด 0033.1/380/2568 ลงวันที่ 26 สิงหาคม 2568,,,,2026-05-14 17:43:14,System,,,,,,COMPANY,,TRUE,TOTAL,UDH-01054
953,PRINTER THERMAL,ZEBRA,ZD421,D6J222700858,ตึกผู้ป่วยนอก (OPD),2,OPD อายุรกรรม,ห้องตรวจ,อายุรกรรม,Active,โรงพยาบาลศูนย์อุดรธานี,อด 0033.1/380/2568 ลงวันที่ 26 สิงหาคม 2568,,,,2026-05-14 17:43:14,System,,,,,,COMPANY,,FALSE,TOTAL,UDH-00949
980,SCANNERS,CANON,DR-C230,JA491914,ตึกผู้ป่วยนอก (OPD),2,OPD อายุรกรรม,ห้องตรวจ,อายุรกรรม,Active,โรงพยาบาลศูนย์อุดรธานี,อด 0033.1/380/2568 ลงวันที่ 26 สิงหาคม 2568,,,,2026-05-14 17:43:14,System,,,,,,COMPANY,,FALSE,TOTAL,UDH-00976
1061,PRINTER INKJET AIO,EPSON,L5290,X8H2029090,ตึกผู้ป่วยนอก (OPD),3,EKG,ห้องตรวจ,ประสาทวิทยา,Active,โรงพยาบาลศูนย์อุดรธานี,อด 0033.1/380/2568 ลงวันที่ 26 สิงหาคม 2568,,,,2026-05-14 17:43:14,System,,,,,,COMPANY,,TRUE,TOTAL,UDH-01057
1062,PRINTER INKJET AIO,EPSON,L5290,X8H2028223,ตึกผู้ป่วยนอก (OPD),3,EKG,ห้องตรวจ,ประสาทวิทยา,Active,โรงพยาบาลศูนย์อุดรธานี,อด 0033.1/380/2568 ลงวันที่ 26 สิงหาคม 2568,,,,2026-05-14 17:43:14,System,,,,,,COMPANY,,TRUE,TOTAL,UDH-01058
1063,PRINTER INKJET AIO,EPSON,L5290,X8H2029606,ตึกผู้ป่วยนอก (OPD),3,EKG,ห้องตรวจ,ประสาทวิทยา,Active,โรงพยาบาลศูนย์อุดรธานี,อด 0033.1/380/2568 ลงวันที่ 26 สิงหาคม 2568,,,,2026-05-14 17:43:14,System,,,,,,COMPANY,,TRUE,TOTAL,UDH-01059
1064,PRINTER INKJET AIO,EPSON,L5290,X8H2029202,ตึกผู้ป่วยนอก (OPD),3,EKG,ห้องตรวจ,ประสาทวิทยา,Active,โรงพยาบาลศูนย์อุดรธานี,อด 0033.1/380/2568 ลงวันที่ 26 สิงหาคม 2568,,,,2026-05-14 17:43:14,System,,,,,,COMPANY,,TRUE,TOTAL,UDH-01060
1065,PRINTER INKJET,EPSON,M3170,X5TT014773,ตึกผู้ป่วยนอก (OPD),3,EKG,ห้องตรวจ,ประสาทวิทยา,Retired,โรงพยาบาลศูนย์อุดรธานี,อด 0033.1/380/2568 ลงวันที่ 26 สิงหาคม 2568,,,,2026-05-14 17:43:14,System,,,,,,COMPANY,,TRUE,TOTAL,UDH-01061
1066,PRINTER INKJET,EPSON,M3170,X5TT014781,ตึกผู้ป่วยนอก (OPD),3,EKG,ห้องตรวจ,ประสาทวิทยา,Active,โรงพยาบาลศูนย์อุดรธานี,อด 0033.1/380/2568 ลงวันที่ 26 สิงหาคม 2568,,,,2026-05-14 17:43:14,System,,,,,,COMPANY,,TRUE,TOTAL,UDH-01062
1067,PRINTER INKJET A4,EPSON,L3120,X9CB061190,ตึกผู้ป่วยนอก (OPD),3,EKG,ห้องตรวจ,ประสาทวิทยา,Active,โรงพยาบาลศูนย์อุดรธานี,อด 0033.1/380/2568 ลงวันที่ 26 สิงหาคม 2568,,,,2026-05-14 17:43:14,System,,,,,,COMPANY,,TRUE,TOTAL,UDH-01063
1068,PRINTER INKJET AIO,EPSON,L5290,X8H2029098,ตึกผู้ป่วยนอก (OPD),3,EKG,ห้องตรวจ,ประสาทวิทยา,Active,โรงพยาบาลศูนย์อุดรธานี,อด 0033.1/380/2568 ลงวันที่ 26 สิงหาคม 2568,,,,2026-05-14 17:43:14,System,,,,,,COMPANY,,TRUE,TOTAL,UDH-01064
1069,PRINTER INKJET AIO,EPSON,L5290,X8H2029018,ตึกผู้ป่วยนอก (OPD),3,OPD จิตเวช,คลินิกจิตเวชเด็กและวัยรุ่น,จิตเวช,Active,โรงพยาบาลศูนย์อุดรธานี,อด 0033.1/380/2568 ลงวันที่ 26 สิงหาคม 2568,,,,2026-06-09 19:14:48,nikorn2527@gmail.com,,,,,,COMPANY,,TRUE,TOTAL,UDH-01065
1070,PRINTER INKJET AIO,EPSON,L5290,X8H2029142,ตึกผู้ป่วยนอก (OPD),3,OPD จิตเวช,จุดบริการ,จิตเวช,Active,โรงพยาบาลศูนย์อุดรธานี,อด 0033.1/380/2568 ลงวันที่ 26 สิงหาคม 2568,,,,2026-06-15 11:49:08,nikorn2527@gmail.com,,,,,,COMPANY,,TRUE,TOTAL,UDH-01066
1071,PRINTER INKJET,EPSON,M3170,X5TT005916,ตึกผู้ป่วยนอก (OPD),3,OPD สูตินรีเวช,ห้องตรวจ 14,สูตินรีเวชกรรม,Active,โรงพยาบาลศูนย์อุดรธานี,อด 0033.1/380/2568 ลงวันที่ 26 สิงหาคม 2568,,,,2026-05-14 17:43:14,System,,,,,,COMPANY,,TRUE,TOTAL,UDH-01067
1072,PRINTER INKJET,EPSON,M3170,X5TT006167,ตึกผู้ป่วยนอก (OPD),3,OPD สูตินรีเวช,ห้องตรวจ 5,สูตินรีเวชกรรม,Active,โรงพยาบาลศูนย์อุดรธานี,อด 0033.1/380/2568 ลงวันที่ 26 สิงหาคม 2568,,,,2026-05-14 17:43:14,System,,,,,,COMPANY,,TRUE,TOTAL,UDH-01068
877,PRINTER LASER,SAMSUNG,M4020ND,CNB3L3WSY3,ตึกผู้ป่วยนอก (OPD),2,OPD อายุรกรรม,จุดบริการ 5,อายุรกรรม,Retired,โรงพยาบาลศูนย์อุดรธานี,อด 0033.1/380/2568 ลงวันที่ 26 สิงหาคม 2568,,,,2026-05-14 17:43:14,System,,,,,,COMPANY,,TRUE,TOTAL,UDH-00873
1074,PRINTER LASER,SAMSUNG,M4020ND,CNB3L3WSNB,ตึกผู้ป่วยนอก (OPD),3,OPD สูตินรีเวช,ฝากครรภ์,สูตินรีเวชกรรม,Active,โรงพยาบาลศูนย์อุดรธานี,อด 0033.1/380/2568 ลงวันที่ 26 สิงหาคม 2568,,,,2026-05-14 17:43:14,System,,,,,,COMPANY,,TRUE,TOTAL,UDH-01070
1075,PRINTER LASER,SAMSUNG,M4020ND,CNB3L3WSSB,ตึกผู้ป่วยนอก (OPD),3,OPD สูตินรีเวช,ฝากครรภ์,สูตินรีเวชกรรม,Active,โรงพยาบาลศูนย์อุดรธานี,อด 0033.1/380/2568 ลงวันที่ 26 สิงหาคม 2568,,,,2026-05-14 17:43:14,System,,,,,,COMPANY,,TRUE,TOTAL,UDH-01071
1076,PRINTER LASER,SAMSUNG,M4020ND,CNB3L3WSSX,ตึกผู้ป่วยนอก (OPD),3,OPD สูตินรีเวช,ฝากครรภ์,สูตินรีเวชกรรม,Retired,โรงพยาบาลศูนย์อุดรธานี,อด 0033.1/380/2568 ลงวันที่ 26 สิงหาคม 2568,,,,2026-05-14 17:43:14,System,,,,,,COMPANY,,TRUE,TOTAL,UDH-01072
1651,PRINTER INKJET,EPSON,M3170,X5TT006177,ตึกผู้ป่วยนอก (OPD),2,OPD อายุรกรรม,ห้องตรวจ,อายุรกรรม,Active,โรงพยาบาลศูนย์อุดรธานี,อด 0033.1/380/2568 ลงวันที่ 26 สิงหาคม 2568,,,,2026-05-14 17:43:14,System,,,,,,COMPANY,,TRUE,TOTAL,UDH-01644
1078,PRINTER LASER,SAMSUNG,M4020ND,CNB3L3WSL2,ตึกผู้ป่วยนอก (OPD),3,OPD สูตินรีเวช,จุดบริการ 9,สูตินรีเวชกรรม,Retired,โรงพยาบาลศูนย์อุดรธานี,อด 0033.1/380/2568 ลงวันที่ 26 สิงหาคม 2568,,,,2026-05-14 17:43:14,System,,,,,,COMPANY,,TRUE,TOTAL,UDH-01074
1079,PRINTER LASER,SAMSUNG,M4020ND,CNB3L3WSSR,ตึกผู้ป่วยนอก (OPD),3,OPD สูตินรีเวช,จุดบริการ 10,สูตินรีเวชกรรม,Active,โรงพยาบาลศูนย์อุดรธานี,อด 0033.1/380/2568 ลงวันที่ 26 สิงหาคม 2568,,,,2026-05-14 17:43:14,System,,,,,,COMPANY,,TRUE,TOTAL,UDH-01075
845,PRINTER INKJET,EPSON,M3170,X5TT006189,ตึกผู้ป่วยนอก (OPD),2,OPD อายุรกรรม,จุดบริการ 10,อายุรกรรม,Active,โรงพยาบาลศูนย์อุดรธานี,อด 0033.1/380/2568 ลงวันที่ 26 สิงหาคม 2568,,,,2026-05-14 17:43:14,System,,,,,,COMPANY,,TRUE,TOTAL,UDH-00841
837,PRINTER INKJET,EPSON,M3170,X5TT006137,ตึกผู้ป่วยนอก (OPD),2,OPD อายุรกรรม,จุดบริการ 13,อายุรกรรม,Active,โรงพยาบาลศูนย์อุดรธานี,อด 0033.1/380/2568 ลงวันที่ 26 สิงหาคม 2568,,,,2026-05-14 17:43:14,System,,,,,,COMPANY,,TRUE,TOTAL,UDH-00833
2103,PRINTER LASER,BROTHER,HL-L5210DN,E81695J5N769355,ตึกผู้ป่วยนอก (OPD),2,OPD อายุรกรรม,ห้องตรวจ,อายุรกรรม,Active,โรงพยาบาลศูนย์อุดรธานี,อด 0033.1/380/2568 ลงวันที่ 26 สิงหาคม 2568,,,,2026-05-14 17:43:14,System,,,,,,COMPANY,,TRUE,TOTAL,UDH-02077
597,BARCODE SCANNERS,ZEBRA,DS2208,S22150010551660,ตึกผู้ป่วยนอก (OPD),1,OPD ศัลยกรรม,จุดซักประวัติ,ศัลยกรรม,Active,โรงพยาบาลศูนย์อุดรธานี,อด 0033.1/380/2568 ลงวันที่ 26 สิงหาคม 2568,,,,2026-05-14 17:43:14,System,,,,,,COMPANY,,FALSE,TOTAL,UDH-00593
1940,PRINTER THERMAL,ZEBRA,ZD421,D6J222613573,หลังโรงพยาบาลอุดรธานี,1,ARI Clinic,ห้องตรวจ,คลินิกเฉพาะโรค,Retired,โรงพยาบาลศูนย์อุดรธานี,อด 0033.1/380/2568 ลงวันที่ 26 สิงหาคม 2568,,,,2026-05-14 17:43:14,System,,,,,,COMPANY,,FALSE,TOTAL,UDH-01929
1085,PRINTER LASER,SAMSUNG,M4020ND,CNB3L3WSNP,ตึกผู้ป่วยนอก (OPD),3,EKG,ห้องตรวจ,ประสาทวิทยา,Active,โรงพยาบาลศูนย์อุดรธานี,อด 0033.1/380/2568 ลงวันที่ 26 สิงหาคม 2568,,,,2026-05-14 17:43:14,System,,,,,,COMPANY,,TRUE,TOTAL,UDH-01081
1941,PRINTER THERMAL,ZEBRA,ZD421,D6J222614647,หลังโรงพยาบาลอุดรธานี,1,ARI Clinic,ห้องตรวจ,คลินิกเฉพาะโรค,Active,โรงพยาบาลศูนย์อุดรธานี,อด 0033.1/380/2568 ลงวันที่ 26 สิงหาคม 2568,,,,2026-05-14 17:43:14,System,,,,,,COMPANY,,FALSE,TOTAL,UDH-01930
1087,PRINTER LASER,HP,M402DN,PHCFD06019,ตึกผู้ป่วยนอก (OPD),3,OPD จิตเวช,จุดบริการ,จิตเวช,Active,โรงพยาบาลศูนย์อุดรธานี,อด 0033.1/380/2568 ลงวันที่ 26 สิงหาคม 2568,,,,2026-06-15 11:49:08,nikorn2527@gmail.com,,,,,,COMPANY,,TRUE,TOTAL,UDH-01083
1088,PRINTER LASER,SAMSUNG,M4020ND,CNB3L3WSSN,ตึกผู้ป่วยนอก (OPD),3,OPD จิตเวช,จุดบริการ,จิตเวช,Active,โรงพยาบาลศูนย์อุดรธานี,อด 0033.1/380/2568 ลงวันที่ 26 สิงหาคม 2568,,,,2026-06-15 11:49:08,nikorn2527@gmail.com,,,,,,COMPANY,,TRUE,TOTAL,UDH-01084
1089,PRINTER LASER,SAMSUNG,M4020ND,CNB3L3WSSV,ตึกผู้ป่วยนอก (OPD),3,OPD จิตเวช,จุดบริการ,จิตเวช,Active,โรงพยาบาลศูนย์อุดรธานี,อด 0033.1/380/2568 ลงวันที่ 26 สิงหาคม 2568,,,,2026-06-15 11:49:08,nikorn2527@gmail.com,,,,,,COMPANY,,TRUE,TOTAL,UDH-01085
1090,PRINTER LASER,SAMSUNG,M4020ND,CNB3L3WST2,ตึกผู้ป่วยนอก (OPD),3,OPD จิตเวช,จุดบริการ,จิตเวช,Active,โรงพยาบาลศูนย์อุดรธานี,อด 0033.1/380/2568 ลงวันที่ 26 สิงหาคม 2568,,,,2026-06-15 11:49:08,nikorn2527@gmail.com,,,,,,COMPANY,,TRUE,TOTAL,UDH-01086
1091,PRINTER LASER,SAMSUNG,M4020ND,CNB3L3WSS2,ตึกผู้ป่วยนอก (OPD),3,OPD สูตินรีเวช,ห้องตรวจ 4,สูตินรีเวชกรรม,Active,โรงพยาบาลศูนย์อุดรธานี,อด 0033.1/380/2568 ลงวันที่ 26 สิงหาคม 2568,,,,2026-05-14 17:43:14,System,,,,,,COMPANY,,TRUE,TOTAL,UDH-01087
1092,PRINTER LASER,SAMSUNG,M4020ND,CNB3L3WSS4,ตึกเชี่ยวชาญ,1,แผนก X-ray,ห้องเบอร์ 8,รังสีวิทยา,Retired,โรงพยาบาลศูนย์อุดรธานี,อด 0033.1/380/2568 ลงวันที่ 26 สิงหาคม 2568,,,,2026-05-14 17:43:14,System,,,,,,COMPANY,,TRUE,TOTAL,UDH-01088
1093,PRINTER LASER,SAMSUNG,M4020ND,CNB3L3WSSD,ตึกผู้ป่วยนอก (OPD),3,OPD สูตินรีเวช,ห้องตรวจ,สูตินรีเวชกรรม,Active,โรงพยาบาลศูนย์อุดรธานี,อด 0033.1/380/2568 ลงวันที่ 26 สิงหาคม 2568,,,,2026-05-14 17:43:14,System,,,,,,COMPANY,,TRUE,TOTAL,UDH-01089
1988,PRINTER THERMAL,TSC,TE200,TEA24330036,หลังโรงพยาบาลอุดรธานี,1,ARI Clinic,ห้อง Lab ARI,คลินิกเฉพาะโรค,Active,โรงพยาบาลศูนย์อุดรธานี,อด 0033.1/380/2568 ลงวันที่ 26 สิงหาคม 2568,,,,2026-05-14 17:43:14,System,,,,,,COMPANY,,FALSE,TOTAL,UDH-01977
606,BARCODE SCANNERS,ZEBRA,DS2208,S22176010553536,ตึกผู้ป่วยนอก (OPD),1,OPD ศัลยกรรม,ห้องตรวจ,ศัลยกรรม,Active,โรงพยาบาลศูนย์อุดรธานี,อด 0033.1/380/2568 ลงวันที่ 26 สิงหาคม 2568,,,,2026-05-14 17:43:14,System,,,,,,COMPANY,,FALSE,TOTAL,UDH-00602
1096,PRINTER THERMAL,ZEBRA,ZD421,D6J222613780,ตึกผู้ป่วยนอก (OPD),3,OPD กุมารเวชกรรม,,กุมารเวชกรรม,Active,โรงพยาบาลศูนย์อุดรธานี,อด 0033.1/380/2568 ลงวันที่ 26 สิงหาคม 2568,,,,2026-05-14 17:43:14,System,,,,,,COMPANY,,FALSE,TOTAL,UDH-01092
1097,PRINTER THERMAL,ZEBRA,ZD421,D6J222700860,ตึกผู้ป่วยนอก (OPD),3,OPD กุมารเวชกรรม,,กุมารเวชกรรม,Active,โรงพยาบาลศูนย์อุดรธานี,อด 0033.1/380/2568 ลงวันที่ 26 สิงหาคม 2568,,,,2026-05-14 17:43:14,System,,,,,,COMPANY,,FALSE,TOTAL,UDH-01093
1098,PRINTER THERMAL,ZEBRA,ZD421,D6J222702221,ตึกผู้ป่วยนอก (OPD),3,OPD กุมารเวชกรรม,,กุมารเวชกรรม,Active,โรงพยาบาลศูนย์อุดรธานี,อด 0033.1/380/2568 ลงวันที่ 26 สิงหาคม 2568,,,,2026-05-14 17:43:14,System,,,,,,COMPANY,,FALSE,TOTAL,UDH-01094
1099,PRINTER THERMAL,ZEBRA,ZD421,D6J222613633,ตึกผู้ป่วยนอก (OPD),3,OPD กุมารเวชกรรม,,กุมารเวชกรรม,Active,โรงพยาบาลศูนย์อุดรธานี,อด 0033.1/380/2568 ลงวันที่ 26 สิงหาคม 2568,,,,2026-05-14 17:43:14,System,,,,,,COMPANY,,FALSE,TOTAL,UDH-01095
1100,PRINTER THERMAL,ZEBRA,ZD421,D6J222614730,ตึกผู้ป่วยนอก (OPD),3,OPD กุมารเวชกรรม,,กุมารเวชกรรม,Active,โรงพยาบาลศูนย์อุดรธานี,อด 0033.1/380/2568 ลงวันที่ 26 สิงหาคม 2568,,,,2026-05-14 17:43:14,System,,,,,,COMPANY,,FALSE,TOTAL,UDH-01096
1101,PRINTER THERMAL,ZEBRA,ZD421,D6J222700843,ตึกผู้ป่วยนอก (OPD),3,OPD กุมารเวชกรรม,,กุมารเวชกรรม,Active,โรงพยาบาลศูนย์อุดรธานี,อด 0033.1/380/2568 ลงวันที่ 26 สิงหาคม 2568,,,,2026-05-14 17:43:14,System,,,,,,COMPANY,,FALSE,TOTAL,UDH-01097
607,BARCODE SCANNERS,ZEBRA,DS2208,S22176010554015,ตึกผู้ป่วยนอก (OPD),1,OPD ศัลยกรรม,ห้องตรวจ,ศัลยกรรม,Active,โรงพยาบาลศูนย์อุดรธานี,อด 0033.1/380/2568 ลงวันที่ 26 สิงหาคม 2568,,,,2026-05-14 17:43:14,System,,,,,,COMPANY,,FALSE,TOTAL,UDH-00603
608,BARCODE SCANNERS,ZEBRA,DS2208,S22176010553151,ตึกผู้ป่วยนอก (OPD),1,OPD ศัลยกรรม,ห้องตรวจ,ศัลยกรรม,Active,โรงพยาบาลศูนย์อุดรธานี,อด 0033.1/380/2568 ลงวันที่ 26 สิงหาคม 2568,,,,2026-05-14 17:43:14,System,,,,,,COMPANY,,FALSE,TOTAL,UDH-00604
609,BARCODE SCANNERS,ZEBRA,DS2208,S22176010553155,ตึกผู้ป่วยนอก (OPD),1,OPD ศัลยกรรม,ห้องตรวจ,ศัลยกรรม,Active,โรงพยาบาลศูนย์อุดรธานี,อด 0033.1/380/2568 ลงวันที่ 26 สิงหาคม 2568,,,,2026-05-14 17:43:14,System,,,,,,COMPANY,,FALSE,TOTAL,UDH-00605
1105,PRINTER THERMAL,ZEBRA,ZD421,D6J222614714,ตึกผู้ป่วยนอก (OPD),3,เจาะเลือดชั้น 3,,พยาธิวิทยา/ห้องปฏิบัติการ,Active,โรงพยาบาลศูนย์อุดรธานี,อด 0033.1/380/2568 ลงวันที่ 26 สิงหาคม 2568,,,,2026-05-14 17:43:14,System,,,,,,COMPANY,,FALSE,TOTAL,UDH-01101
1106,PRINTER THERMAL,ZEBRA,ZD421,D6J222613647,ตึกผู้ป่วยนอก (OPD),3,OPD จิตเวช,จุดบริการ,จิตเวช,Active,โรงพยาบาลศูนย์อุดรธานี,อด 0033.1/380/2568 ลงวันที่ 26 สิงหาคม 2568,,,,2026-06-15 11:49:08,nikorn2527@gmail.com,,,,,,COMPANY,,FALSE,TOTAL,UDH-01102
610,BARCODE SCANNERS,ZEBRA,DS2208,S22176010553159,ตึกผู้ป่วยนอก (OPD),1,OPD ศัลยกรรม,ห้องตรวจ,ศัลยกรรม,Active,โรงพยาบาลศูนย์อุดรธานี,อด 0033.1/380/2568 ลงวันที่ 26 สิงหาคม 2568,,,,2026-05-14 17:43:14,System,,,,,,COMPANY,,FALSE,TOTAL,UDH-00606
611,BARCODE SCANNERS,ZEBRA,DS2208,S22176010553157,ตึกผู้ป่วยนอก (OPD),1,OPD ศัลยกรรม,ห้องตรวจ,ศัลยกรรม,Active,โรงพยาบาลศูนย์อุดรธานี,อด 0033.1/380/2568 ลงวันที่ 26 สิงหาคม 2568,,,,2026-05-14 17:43:14,System,,,,,,COMPANY,,FALSE,TOTAL,UDH-00607
612,BARCODE SCANNERS,ZEBRA,DS2208,S22176010553154,ตึกผู้ป่วยนอก (OPD),1,OPD ศัลยกรรม,ห้องตรวจ,ศัลยกรรม,Active,โรงพยาบาลศูนย์อุดรธานี,อด 0033.1/380/2568 ลงวันที่ 26 สิงหาคม 2568,,,,2026-05-14 17:43:14,System,,,,,,COMPANY,,FALSE,TOTAL,UDH-00608
613,BARCODE SCANNERS,ZEBRA,DS2208,S22176010553158,ตึกผู้ป่วยนอก (OPD),1,OPD ศัลยกรรม,ห้องตรวจ,ศัลยกรรม,Active,โรงพยาบาลศูนย์อุดรธานี,อด 0033.1/380/2568 ลงวันที่ 26 สิงหาคม 2568,,,,2026-05-14 17:43:14,System,,,,,,COMPANY,,FALSE,TOTAL,UDH-00609
614,BARCODE SCANNERS,ZEBRA,DS2208,S22176010553171,ตึกผู้ป่วยนอก (OPD),1,OPD ศัลยกรรม,ห้องตรวจ,ศัลยกรรม,Active,โรงพยาบาลศูนย์อุดรธานี,อด 0033.1/380/2568 ลงวันที่ 26 สิงหาคม 2568,,,,2026-05-14 17:43:14,System,,,,,,COMPANY,,FALSE,TOTAL,UDH-00610
645,PRINTER INKJET AIO,EPSON,L5290,X8H2029532,ตึกผู้ป่วยนอก (OPD),1,OPD ศัลยกรรม,ห้องตรวจ,ศัลยกรรม,Active,โรงพยาบาลศูนย์อุดรธานี,อด 0033.1/380/2568 ลงวันที่ 26 สิงหาคม 2568,,,,2026-05-14 17:43:14,System,,,,,,COMPANY,,TRUE,TOTAL,UDH-00641
646,PRINTER INKJET AIO,EPSON,L5290,X8H2029107,ตึกผู้ป่วยนอก (OPD),1,OPD ศัลยกรรม,ห้องตรวจ,ศัลยกรรม,Active,โรงพยาบาลศูนย์อุดรธานี,อด 0033.1/380/2568 ลงวันที่ 26 สิงหาคม 2568,,,,2026-05-14 17:43:14,System,,,,,,COMPANY,,TRUE,TOTAL,UDH-00642
876,PRINTER LASER,SAMSUNG,M4020ND,CNB3L3WSXM,ตึกผู้ป่วยนอก (OPD),2,OPD อายุรกรรม,จุดบริการ 14,อายุรกรรม,Active,โรงพยาบาลศูนย์อุดรธานี,อด 0033.1/380/2568 ลงวันที่ 26 สิงหาคม 2568,,,,2026-05-14 17:43:14,System,,,,,,COMPANY,,TRUE,TOTAL,UDH-00872
1115,PRINTER THERMAL,ZEBRA,ZD421,D6J222614736,ตึกผู้ป่วยนอก (OPD),3,OPD สูตินรีเวช,ห้องเจาะน้ำคร่ำ เบอร์ 6,สูตินรีเวชกรรม,Active,โรงพยาบาลศูนย์อุดรธานี,อด 0033.1/380/2568 ลงวันที่ 26 สิงหาคม 2568,,,,2026-05-14 17:43:14,System,,,,,,COMPANY,,FALSE,TOTAL,UDH-01111
1116,PRINTER THERMAL,ZEBRA,ZD421,D6J222702150,ตึกผู้ป่วยนอก (OPD),3,EKG,ห้องตรวจ,ประสาทวิทยา,Active,โรงพยาบาลศูนย์อุดรธานี,อด 0033.1/380/2568 ลงวันที่ 26 สิงหาคม 2568,,,,2026-05-14 17:43:14,System,,,,,,COMPANY,,FALSE,TOTAL,UDH-01112
1117,PRINTER THERMAL,ZEBRA,ZD421,D6J222700878,ตึกผู้ป่วยนอก (OPD),3,EKG,ห้องตรวจ,ประสาทวิทยา,Active,โรงพยาบาลศูนย์อุดรธานี,อด 0033.1/380/2568 ลงวันที่ 26 สิงหาคม 2568,,,,2026-05-14 17:43:14,System,,,,,,COMPANY,,FALSE,TOTAL,UDH-01113
1118,PRINTER THERMAL,ZEBRA,ZD421,D6J222614688,ตึกผู้ป่วยนอก (OPD),3,EKG,ห้องตรวจ,ประสาทวิทยา,Active,โรงพยาบาลศูนย์อุดรธานี,อด 0033.1/380/2568 ลงวันที่ 26 สิงหาคม 2568,,,,2026-05-14 17:43:14,System,,,,,,COMPANY,,FALSE,TOTAL,UDH-01114
873,PRINTER LASER,SAMSUNG,M4020ND,CNB3L3TVGS,ตึกผู้ป่วยนอก (OPD),2,OPD อายุรกรรม,จุดบริการ 16,อายุรกรรม,Disposed,โรงพยาบาลศูนย์อุดรธานี,อด 0033.1/380/2568 ลงวันที่ 26 สิงหาคม 2568,,,,2026-08-05 09:24:08,nikorn2527@gmail.com,,,,2026-08-05,,COMPANY,,TRUE,TOTAL,UDH-00869
874,PRINTER LASER,SAMSUNG,M4020ND,CNB3L3WSRX,ตึกผู้ป่วยนอก (OPD),2,OPD อายุรกรรม,จุดบริการ 17,อายุรกรรม,Active,โรงพยาบาลศูนย์อุดรธานี,อด 0033.1/380/2568 ลงวันที่ 26 สิงหาคม 2568,,,,2026-05-14 17:43:14,System,,,,,,COMPANY,,TRUE,TOTAL,UDH-00870
648,PRINTER INKJET AIO,EPSON,L5290,X8H2029584,ตึกผู้ป่วยนอก (OPD),1,OPD ศัลยกรรม,ห้องตรวจ  2,ศัลยกรรม,Active,โรงพยาบาลศูนย์อุดรธานี,อด 0033.1/380/2568 ลงวันที่ 26 สิงหาคม 2568,,,,2026-05-14 17:43:14,System,,,,,,COMPANY,,TRUE,TOTAL,UDH-00644
1122,PRINTER THERMAL,ZEBRA,ZD421,D6J222700823,ตึกคลังพัสดุ (ใหม่),1,ธนาคารเลือด,,พยาธิวิทยา/ห้องปฏิบัติการ,Active,โรงพยาบาลศูนย์อุดรธานี,อด 0033.1/380/2568 ลงวันที่ 26 สิงหาคม 2568,,,,2026-05-14 17:43:14,System,,,,,,COMPANY,,FALSE,TOTAL,UDH-01118
1123,PRINTER THERMAL,ZEBRA,ZD421,D6J222613626,ตึกผู้ป่วยนอก (OPD),3,OPD จิตเวช,จุดบริการ,จิตเวช,Retired,โรงพยาบาลศูนย์อุดรธานี,อด 0033.1/380/2568 ลงวันที่ 26 สิงหาคม 2568,,,,2026-06-15 11:49:08,nikorn2527@gmail.com,,,,,,COMPANY,,FALSE,TOTAL,UDH-01119
668,PRINTER LASER,SAMSUNG,M4020ND,CNB3L3WSSW,ตึกผู้ป่วยนอก (OPD),1,OPD ศัลยกรรม,ห้องตรวจ,ศัลยกรรม,Retired,โรงพยาบาลศูนย์อุดรธานี,อด 0033.1/380/2568 ลงวันที่ 26 สิงหาคม 2568,,,,2026-05-14 17:43:14,System,,,,,,COMPANY,,TRUE,TOTAL,UDH-00664
696,PRINTER THERMAL,ZEBRA,ZD421,D6J222614782,ตึกผู้ป่วยนอก (OPD),1,OPD ศัลยกรรม,ห้องตรวจ  2,ศัลยกรรม,Active,โรงพยาบาลศูนย์อุดรธานี,อด 0033.1/380/2568 ลงวันที่ 26 สิงหาคม 2568,,,,2026-05-14 17:43:14,System,,,,,,COMPANY,,FALSE,TOTAL,UDH-00692
691,PRINTER THERMAL,ZEBRA,ZD421,D6J222700889,ตึกผู้ป่วยนอก (OPD),1,OPD ศัลยกรรม,ห้องตรวจ,ศัลยกรรม,Active,โรงพยาบาลศูนย์อุดรธานี,อด 0033.1/380/2568 ลงวันที่ 26 สิงหาคม 2568,,,,2026-05-14 17:43:14,System,,,,,,COMPANY,,FALSE,TOTAL,UDH-00687
669,PRINTER LASER,SAMSUNG,M4020ND,CNB3L3WSLY,ตึกผู้ป่วยนอก (OPD),1,OPD ศัลยกรรม,ห้องตรวจ  4,ศัลยกรรม,Active,โรงพยาบาลศูนย์อุดรธานี,อด 0033.1/380/2568 ลงวันที่ 26 สิงหาคม 2568,,,,2026-05-14 17:43:14,System,,,,,,COMPANY,,TRUE,TOTAL,UDH-00665
1128,PRINTER THERMAL,ZEBRA,ZD421,D6J222700926,ตึกผู้ป่วยนอก (OPD),3,OPD สูตินรีเวช,ฝากครรภ์ เบอร์ 1,สูตินรีเวชกรรม,Active,โรงพยาบาลศูนย์อุดรธานี,อด 0033.1/380/2568 ลงวันที่ 26 สิงหาคม 2568,,,,2026-05-14 17:43:14,System,,,,,,COMPANY,,FALSE,TOTAL,UDH-01124
650,PRINTER INKJET AIO,EPSON,L5290,X8H2029114,ตึกผู้ป่วยนอก (OPD),1,OPD ศัลยกรรม,ห้องตรวจ  5,ศัลยกรรม,Active,โรงพยาบาลศูนย์อุดรธานี,อด 0033.1/380/2568 ลงวันที่ 26 สิงหาคม 2568,,,,2026-05-14 17:43:14,System,,,,,,COMPANY,,TRUE,TOTAL,UDH-00646
649,PRINTER INKJET,EPSON,M3170,X5TT005955,ตึกผู้ป่วยนอก (OPD),1,OPD ศัลยกรรม,ห้องตรวจ  6,ศัลยกรรม,Active,โรงพยาบาลศูนย์อุดรธานี,อด 0033.1/380/2568 ลงวันที่ 26 สิงหาคม 2568,,,,2026-05-14 17:43:14,System,,,,,,COMPANY,,TRUE,TOTAL,UDH-00645
2078,PRINTER LASER,OKI,ES5112,BW21000104C0,ตึกผู้ป่วยนอก (OPD),1,OPD ศัลยกรรม,ห้องตรวจ  7,ศัลยกรรม,Active,โรงพยาบาลศูนย์อุดรธานี,อด 0033.1/380/2568 ลงวันที่ 26 สิงหาคม 2568,,,,2026-05-14 17:43:14,System,,,,,,COMPANY,,TRUE,TOTAL,UDH-02054
1132,PRINTER THERMAL,ZEBRA,ZD421,D6J222614748,ตึกคลังพัสดุ (ใหม่),1,ธนาคารเลือด,,พยาธิวิทยา/ห้องปฏิบัติการ,Active,โรงพยาบาลศูนย์อุดรธานี,อด 0033.1/380/2568 ลงวันที่ 26 สิงหาคม 2568,,,,2026-05-14 17:43:14,System,,,,,,COMPANY,,FALSE,TOTAL,UDH-01128
1133,PRINTER THERMAL,ZEBRA,ZD421,D6J222700808,ตึก 69 ปี,4,หอผู้ป่วยออร์โธปิดิกส์หญิง,,ออร์โธปิดิกส์,Active,โรงพยาบาลศูนย์อุดรธานี,อด 0033.1/380/2568 ลงวันที่ 26 สิงหาคม 2568,,,,2026-05-14 17:43:14,System,,,,,,COMPANY,,FALSE,TOTAL,UDH-01129
1134,PRINTER THERMAL,ZEBRA,ZD421,D6J222613669,ตึกผู้ป่วยนอก (OPD),3,OPD สูตินรีเวช,จุดบริการ 1,สูตินรีเวชกรรม,Active,โรงพยาบาลศูนย์อุดรธานี,อด 0033.1/380/2568 ลงวันที่ 26 สิงหาคม 2568,,,,2026-05-14 17:43:14,System,,,,,,COMPANY,,FALSE,TOTAL,UDH-01130
1135,PRINTER THERMAL,ZEBRA,ZD421,D6J222700826,ตึกผู้ป่วยนอก (OPD),3,OPD สูตินรีเวช,จุดบริการ 1,สูตินรีเวชกรรม,Active,โรงพยาบาลศูนย์อุดรธานี,อด 0033.1/380/2568 ลงวันที่ 26 สิงหาคม 2568,,,,2026-05-14 17:43:14,System,,,,,,COMPANY,,FALSE,TOTAL,UDH-01131
1136,PRINTER THERMAL,ZEBRA,ZD421,D6J222614774,ตึกผู้ป่วยนอก (OPD),3,OPD สูตินรีเวช,จุดบริการ 2,สูตินรีเวชกรรม,Active,โรงพยาบาลศูนย์อุดรธานี,อด 0033.1/380/2568 ลงวันที่ 26 สิงหาคม 2568,,,,2026-05-14 17:43:14,System,,,,,,COMPANY,,FALSE,TOTAL,UDH-01132
1137,PRINTER THERMAL,ZEBRA,ZD421,D6J222613591,ตึกผู้ป่วยนอกเดิม,1,คลินิกส่งเสริมการมีบุตร,,สูตินรีเวชกรรม,Active,โรงพยาบาลศูนย์อุดรธานี,อด 0033.1/380/2568 ลงวันที่ 26 สิงหาคม 2568,,,,2026-05-14 17:43:14,System,,,,,,COMPANY,,FALSE,TOTAL,UDH-01133
1138,PRINTER THERMAL,ZEBRA,ZD421,D6J222614780,ตึกผู้ป่วยนอก (OPD),3,OPD สูตินรีเวช,ห้องตรวจเบอร์ 16,สูตินรีเวชกรรม,Active,โรงพยาบาลศูนย์อุดรธานี,อด 0033.1/380/2568 ลงวันที่ 26 สิงหาคม 2568,,,,2026-05-14 17:43:14,System,,,,,,COMPANY,,FALSE,TOTAL,UDH-01134
1139,PRINTER THERMAL,ZEBRA,ZD421,D6J222700802,ตึกผู้ป่วยนอก (OPD),3,OPD สูตินรีเวช,ห้องตรวจเบอร์ 17,สูตินรีเวชกรรม,Active,โรงพยาบาลศูนย์อุดรธานี,อด 0033.1/380/2568 ลงวันที่ 26 สิงหาคม 2568,,,,2026-05-14 17:43:14,System,,,,,,COMPANY,,FALSE,TOTAL,UDH-01135
1140,PRINTER THERMAL,ZEBRA,ZD421,D6J222702145,ตึกผู้ป่วยนอก (OPD),3,OPD สูตินรีเวช,ห้องตรวจเบอร์ 18,สูตินรีเวชกรรม,Active,โรงพยาบาลศูนย์อุดรธานี,อด 0033.1/380/2568 ลงวันที่ 26 สิงหาคม 2568,,,,2026-05-14 17:43:14,System,,,,,,COMPANY,,FALSE,TOTAL,UDH-01136
1141,PRINTER THERMAL,ZEBRA,ZD421,D6J222613784,ตึกผู้ป่วยนอก (OPD),3,OPD สูตินรีเวช,ห้องตรวจเบอร์ 19,สูตินรีเวชกรรม,Active,โรงพยาบาลศูนย์อุดรธานี,อด 0033.1/380/2568 ลงวันที่ 26 สิงหาคม 2568,,,,2026-05-14 17:43:14,System,,,,,,COMPANY,,FALSE,TOTAL,UDH-01137
2079,PRINTER LASER,OKI,ES5112,BW21042780C0,ตึกผู้ป่วยนอก (OPD),1,OPD ศัลยกรรม,ห้องตรวจ  8,ศัลยกรรม,Active,โรงพยาบาลศูนย์อุดรธานี,อด 0033.1/380/2568 ลงวันที่ 26 สิงหาคม 2568,,,,2026-05-14 17:43:14,System,,,,,,COMPANY,,TRUE,TOTAL,UDH-02055
2080,PRINTER LASER,OKI,ES5112,BW21013678C0,ตึกผู้ป่วยนอก (OPD),1,OPD ศัลยกรรม,ห้องตรวจ  9,ศัลยกรรม,Active,โรงพยาบาลศูนย์อุดรธานี,อด 0033.1/380/2568 ลงวันที่ 26 สิงหาคม 2568,,,,2026-05-14 17:43:14,System,,,,,,COMPANY,,TRUE,TOTAL,UDH-02056
1144,PRINTER THERMAL,ZEBRA,ZD421,D6J222613697,ตึกผู้ป่วยนอก (OPD),3,EKG,ห้องบัตร,เวชระเบียน,Active,โรงพยาบาลศูนย์อุดรธานี,อด 0033.1/380/2568 ลงวันที่ 26 สิงหาคม 2568,,,,2026-05-14 17:43:14,System,,,,,,COMPANY,,FALSE,TOTAL,UDH-01140
1145,PRINTER THERMAL,ZEBRA,ZD421,D6J222700835,ตึกผู้ป่วยนอก (OPD),3,EKG,ห้องบัตร,เวชระเบียน,Active,โรงพยาบาลศูนย์อุดรธานี,อด 0033.1/380/2568 ลงวันที่ 26 สิงหาคม 2568,,,,2026-05-14 17:43:14,System,,,,,,COMPANY,,FALSE,TOTAL,UDH-01141
1146,PRINTER THERMAL,ZEBRA,ZD421,D6J222700825,ตึกผู้ป่วยนอก (OPD),3,OPD สูตินรีเวช,ฝากครรภ์,สูตินรีเวชกรรม,Active,โรงพยาบาลศูนย์อุดรธานี,อด 0033.1/380/2568 ลงวันที่ 26 สิงหาคม 2568,,,,2026-05-14 17:43:14,System,,,,,,COMPANY,,FALSE,TOTAL,UDH-01142
1147,PRINTER THERMAL,ZEBRA,ZD421,D6J222613537,ตึกผู้ป่วยนอก (OPD),3,OPD สูตินรีเวช,ฝากครรภ์,สูตินรีเวชกรรม,Active,โรงพยาบาลศูนย์อุดรธานี,อด 0033.1/380/2568 ลงวันที่ 26 สิงหาคม 2568,,,,2026-05-14 17:43:14,System,,,,,,COMPANY,,FALSE,TOTAL,UDH-01143
1148,PRINTER THERMAL,ZEBRA,ZD421,D6J222614632,ตึกผู้ป่วยนอก (OPD),3,OPD สูตินรีเวช,ฝากครรภ์,สูตินรีเวชกรรม,Active,โรงพยาบาลศูนย์อุดรธานี,อด 0033.1/380/2568 ลงวันที่ 26 สิงหาคม 2568,,,,2026-05-14 17:43:14,System,,,,,,COMPANY,,FALSE,TOTAL,UDH-01144
1149,PRINTER THERMAL,ZEBRA,ZD421,D6J222700799,ตึกผู้ป่วยนอก (OPD),3,OPD สูตินรีเวช,ฝากครรภ์,สูตินรีเวชกรรม,Active,โรงพยาบาลศูนย์อุดรธานี,อด 0033.1/380/2568 ลงวันที่ 26 สิงหาคม 2568,,,,2026-05-14 17:43:14,System,,,,,,COMPANY,,FALSE,TOTAL,UDH-01145
1150,PRINTER THERMAL,ZEBRA,ZD421,D6J222613619,ตึกผู้ป่วยนอก (OPD),3,OPD สูตินรีเวช,ฝากครรภ์,สูตินรีเวชกรรม,Active,โรงพยาบาลศูนย์อุดรธานี,อด 0033.1/380/2568 ลงวันที่ 26 สิงหาคม 2568,,,,2026-05-14 17:43:14,System,,,,,,COMPANY,,FALSE,TOTAL,UDH-01146
1151,PRINTER THERMAL,ZEBRA,ZD421,D6J222700812,ตึกผู้ป่วยนอก (OPD),3,OPD สูตินรีเวช,ฝากครรภ์,สูตินรีเวชกรรม,Active,โรงพยาบาลศูนย์อุดรธานี,อด 0033.1/380/2568 ลงวันที่ 26 สิงหาคม 2568,,,,2026-05-14 17:43:14,System,,,,,,COMPANY,,FALSE,TOTAL,UDH-01147
1152,PRINTER THERMAL,ZEBRA,ZD421,D6J222702206,ตึกผู้ป่วยนอก (OPD),3,วางแผนครอบครัว,,สูตินรีเวชกรรม,Active,โรงพยาบาลศูนย์อุดรธานี,อด 0033.1/380/2568 ลงวันที่ 26 สิงหาคม 2568,,,,2026-05-14 17:43:14,System,,,,,,COMPANY,,FALSE,TOTAL,UDH-01148
1153,PRINTER THERMAL,ZEBRA,ZD421,D6J222614759,ตึกผู้ป่วยนอก (OPD),3,วางแผนครอบครัว,,สูตินรีเวชกรรม,Active,โรงพยาบาลศูนย์อุดรธานี,อด 0033.1/380/2568 ลงวันที่ 26 สิงหาคม 2568,,,,2026-05-14 17:43:14,System,,,,,,COMPANY,,FALSE,TOTAL,UDH-01149
1154,PRINTER THERMAL,ZEBRA,ZD421,D6J222613759,ตึกผู้ป่วยนอก (OPD),3,วางแผนครอบครัว,,สูตินรีเวชกรรม,Active,โรงพยาบาลศูนย์อุดรธานี,อด 0033.1/380/2568 ลงวันที่ 26 สิงหาคม 2568,,,,2026-05-14 17:43:14,System,,,,,,COMPANY,,FALSE,TOTAL,UDH-01150
1155,PRINTER THERMAL,ZEBRA,ZD421,D6J222702158,ตึกผู้ป่วยนอก (OPD),2,หน่วยส่องกล้องระบบทางเดินหายใจ,,อายุรกรรมโรคปอดและระบบทางเดินหายใจ,Active,โรงพยาบาลศูนย์อุดรธานี,อด 0033.1/380/2568 ลงวันที่ 26 สิงหาคม 2568,,,,2026-05-14 17:43:14,System,,,,,,COMPANY,,FALSE,TOTAL,UDH-01151
1156,PRINTER THERMAL,ZEBRA,ZD421,D6J222614744,ตึกผู้ป่วยนอก (OPD),2,หน่วยส่องกล้องระบบทางเดินหายใจ,,อายุรกรรมโรคปอดและระบบทางเดินหายใจ,Active,โรงพยาบาลศูนย์อุดรธานี,อด 0033.1/380/2568 ลงวันที่ 26 สิงหาคม 2568,,,,2026-05-14 17:43:14,System,,,,,,COMPANY,,FALSE,TOTAL,UDH-01152
398,BARCODE SCANNERS,ZEBRA,DS2208,S22178010553625,ตึกเชี่ยวชาญ,2,ห้องเตรียมยาเคมีบำบัด,,เภสัชกรรม,Active,โรงพยาบาลศูนย์อุดรธานี,อด 0033.1/380/2568 ลงวันที่ 26 สิงหาคม 2568,,,,2026-05-14 17:43:14,System,,,,,,COMPANY,,FALSE,TOTAL,UDH-00394
399,BARCODE SCANNERS,ZEBRA,DS2208,S22179010552242,ตึกเชี่ยวชาญ,2,ห้องเตรียมยาเคมีบำบัด,,เภสัชกรรม,Active,โรงพยาบาลศูนย์อุดรธานี,อด 0033.1/380/2568 ลงวันที่ 26 สิงหาคม 2568,,,,2026-05-14 17:43:14,System,,,,,,COMPANY,,FALSE,TOTAL,UDH-00395
1159,SCANNERS,CANON,DR-C230,JA431113,ตึกผู้ป่วยนอก (OPD),2,ห้องบัตร,จุดบริการ 2,เวชระเบียน,Active,โรงพยาบาลศูนย์อุดรธานี,อด 0033.1/380/2568 ลงวันที่ 26 สิงหาคม 2568,,,,2026-08-10 11:31:40,nikorn2527@gmail.com,,,,,,COMPANY,,FALSE,TOTAL,UDH-01155
400,BARCODE SCANNERS,ZEBRA,DS2208,S22179010552245,ตึกเชี่ยวชาญ,2,ห้องเตรียมยาเคมีบำบัด,,เภสัชกรรม,Active,โรงพยาบาลศูนย์อุดรธานี,อด 0033.1/380/2568 ลงวันที่ 26 สิงหาคม 2568,,,,2026-05-14 17:43:14,System,,,,,,COMPANY,,FALSE,TOTAL,UDH-00396
401,BARCODE SCANNERS,ZEBRA,DS2208,S22179010552244,ตึกเชี่ยวชาญ,2,ห้องเตรียมยาเคมีบำบัด,,เภสัชกรรม,Active,โรงพยาบาลศูนย์อุดรธานี,อด 0033.1/380/2568 ลงวันที่ 26 สิงหาคม 2568,,,,2026-05-14 17:43:14,System,,,,,,COMPANY,,FALSE,TOTAL,UDH-00397
1162,BARCODE SCANNERS,ZEBRA,DS2208,S20191010552956,ตึกผู้ป่วยนอก (OPD),4,ทันตกรรม,,ทันตกรรม,Active,โรงพยาบาลศูนย์อุดรธานี,อด 0033.1/380/2568 ลงวันที่ 26 สิงหาคม 2568,,,,2026-05-14 17:43:14,System,,,,,,COMPANY,,FALSE,TOTAL,UDH-01158
1163,BARCODE SCANNERS,ZEBRA,DS2208,S22149010555054,ตึกผู้ป่วยนอก (OPD),4,OPD จักษุ,ห้องตรวจ,จักษุวิทยา,Active,โรงพยาบาลศูนย์อุดรธานี,อด 0033.1/380/2568 ลงวันที่ 26 สิงหาคม 2568,,,,2026-05-14 17:43:14,System,,,,,,COMPANY,,FALSE,TOTAL,UDH-01159
1164,BARCODE SCANNERS,ZEBRA,DS2208,S22178010553511,ตึกผู้ป่วยนอก (OPD),4,OPD จักษุ,ห้องตรวจ,จักษุวิทยา,Active,โรงพยาบาลศูนย์อุดรธานี,อด 0033.1/380/2568 ลงวันที่ 26 สิงหาคม 2568,,,,2026-05-14 17:43:14,System,,,,,,COMPANY,,FALSE,TOTAL,UDH-01160
1165,BARCODE SCANNERS,ZEBRA,DS2208,S22149010553963,ตึกผู้ป่วยนอก (OPD),4,OPD จักษุ,ห้องตรวจ,จักษุวิทยา,Active,โรงพยาบาลศูนย์อุดรธานี,อด 0033.1/380/2568 ลงวันที่ 26 สิงหาคม 2568,,,,2026-05-14 17:43:14,System,,,,,,COMPANY,,FALSE,TOTAL,UDH-01161
1166,BARCODE SCANNERS,ZEBRA,DS2208,S22178010553512,ตึกผู้ป่วยนอก (OPD),4,OPD จักษุ,ห้องตรวจ,จักษุวิทยา,Active,โรงพยาบาลศูนย์อุดรธานี,อด 0033.1/380/2568 ลงวันที่ 26 สิงหาคม 2568,,,,2026-05-14 17:43:14,System,,,,,,COMPANY,,FALSE,TOTAL,UDH-01162
1167,BARCODE SCANNERS,ZEBRA,DS2208,S22178010553515,ตึกผู้ป่วยนอก (OPD),4,OPD จักษุ,ห้องตรวจ,จักษุวิทยา,Active,โรงพยาบาลศูนย์อุดรธานี,อด 0033.1/380/2568 ลงวันที่ 26 สิงหาคม 2568,,,,2026-05-14 17:43:14,System,,,,,,COMPANY,,FALSE,TOTAL,UDH-01163
1168,BARCODE SCANNERS,ZEBRA,DS2208,S22149010555298,ตึกผู้ป่วยนอก (OPD),4,OPD จักษุ,ห้องตรวจ,จักษุวิทยา,Active,โรงพยาบาลศูนย์อุดรธานี,อด 0033.1/380/2568 ลงวันที่ 26 สิงหาคม 2568,,,,2026-05-14 17:43:14,System,,,,,,COMPANY,,FALSE,TOTAL,UDH-01164
1169,BARCODE SCANNERS,ZEBRA,DS2208,S22149010555311,ตึกผู้ป่วยนอก (OPD),4,OPD จักษุ,ห้องตรวจ,จักษุวิทยา,Active,โรงพยาบาลศูนย์อุดรธานี,อด 0033.1/380/2568 ลงวันที่ 26 สิงหาคม 2568,,,,2026-05-14 17:43:14,System,,,,,,COMPANY,,FALSE,TOTAL,UDH-01165
1170,BARCODE SCANNERS,ZEBRA,DS2208,S22150010551650,ตึกผู้ป่วยนอก (OPD),4,OPD จักษุ,ห้องตรวจ,จักษุวิทยา,Active,โรงพยาบาลศูนย์อุดรธานี,อด 0033.1/380/2568 ลงวันที่ 26 สิงหาคม 2568,,,,2026-05-14 17:43:14,System,,,,,,COMPANY,,FALSE,TOTAL,UDH-01166
1171,BARCODE SCANNERS,ZEBRA,DS2208,S22150010551696,ตึกผู้ป่วยนอก (OPD),4,OPD จักษุ,ห้องตรวจ,จักษุวิทยา,Active,โรงพยาบาลศูนย์อุดรธานี,อด 0033.1/380/2568 ลงวันที่ 26 สิงหาคม 2568,,,,2026-05-14 17:43:14,System,,,,,,COMPANY,,FALSE,TOTAL,UDH-01167
1172,BARCODE SCANNERS,ZEBRA,DS2208,S22150010551633,ตึกผู้ป่วยนอก (OPD),4,OPD จักษุ,ห้องตรวจ,จักษุวิทยา,Active,โรงพยาบาลศูนย์อุดรธานี,อด 0033.1/380/2568 ลงวันที่ 26 สิงหาคม 2568,,,,2026-05-14 17:43:14,System,,,,,,COMPANY,,FALSE,TOTAL,UDH-01168
1173,BARCODE SCANNERS,ZEBRA,DS2208,S22150010551648,ตึกผู้ป่วยนอก (OPD),4,OPD จักษุ,ห้องตรวจ,จักษุวิทยา,Active,โรงพยาบาลศูนย์อุดรธานี,อด 0033.1/380/2568 ลงวันที่ 26 สิงหาคม 2568,,,,2026-05-14 17:43:14,System,,,,,,COMPANY,,FALSE,TOTAL,UDH-01169
1174,BARCODE SCANNERS,ZEBRA,DS2208,S22178010553983,ตึกผู้ป่วยนอก (OPD),4,OPD จักษุ,ห้องตรวจ,จักษุวิทยา,Active,โรงพยาบาลศูนย์อุดรธานี,อด 0033.1/380/2568 ลงวันที่ 26 สิงหาคม 2568,,,,2026-05-14 17:43:14,System,,,,,,COMPANY,,FALSE,TOTAL,UDH-01170
1175,BARCODE SCANNERS,ZEBRA,DS2208,S22178010553986,ตึกผู้ป่วยนอก (OPD),4,OPD จักษุ,ห้องตรวจ,จักษุวิทยา,Active,โรงพยาบาลศูนย์อุดรธานี,อด 0033.1/380/2568 ลงวันที่ 26 สิงหาคม 2568,,,,2026-05-14 17:43:14,System,,,,,,COMPANY,,FALSE,TOTAL,UDH-01171
1176,BARCODE SCANNERS,ZEBRA,DS2208,S22150010551672,ตึกผู้ป่วยนอก (OPD),4,คลินิกโรคเลือด-และข้อ,,อายุรกรรม,Active,โรงพยาบาลศูนย์อุดรธานี,อด 0033.1/380/2568 ลงวันที่ 26 สิงหาคม 2568,,,,2026-05-14 17:43:14,System,,,,,,COMPANY,,FALSE,TOTAL,UDH-01172
402,BARCODE SCANNERS,ZEBRA,DS2208,S22179010552249,ตึกเชี่ยวชาญ,2,ห้องเตรียมยาเคมีบำบัด,,เภสัชกรรม,Active,โรงพยาบาลศูนย์อุดรธานี,อด 0033.1/380/2568 ลงวันที่ 26 สิงหาคม 2568,,,,2026-05-14 17:43:14,System,,,,,,COMPANY,,FALSE,TOTAL,UDH-00398
1178,PRINTER INKJET AIO,EPSON,L5290,X8H2029166,ตึกผู้ป่วยนอก (OPD),4,ทันตกรรม,,ทันตกรรม,Active,โรงพยาบาลศูนย์อุดรธานี,อด 0033.1/380/2568 ลงวันที่ 26 สิงหาคม 2568,,,,2026-05-14 17:43:14,System,,,,,,COMPANY,,TRUE,TOTAL,UDH-01174
1179,PRINTER INKJET AIO,EPSON,L5290,X8H2029613,ตึกผู้ป่วยนอกเดิม,2,ศูนย์คอมพิวเตอร์,ห้องประชุม,,Temporary,โรงพยาบาลศูนย์อุดรธานี,อด 0033.1/380/2568 ลงวันที่ 26 สิงหาคม 2568,,,,2026-08-06 13:32:35,nikorn2527@gmail.com,,,,,,COMPANY,,TRUE,TOTAL,UDH-01175
1180,PRINTER INKJET AIO,EPSON,L5290,X8H2027146,ตึกผู้ป่วยนอก (OPD),4,ทันตกรรม,,ทันตกรรม,Active,โรงพยาบาลศูนย์อุดรธานี,อด 0033.1/380/2568 ลงวันที่ 26 สิงหาคม 2568,,,,2026-05-14 17:43:14,System,,,,,,COMPANY,,TRUE,TOTAL,UDH-01176
1181,PRINTER INKJET AIO,EPSON,L5290,X8H2029456,ตึกผู้ป่วยนอก (OPD),4,OPD จักษุ,ห้องตรวจตา เบอร์ 3,จักษุวิทยา,Active,โรงพยาบาลศูนย์อุดรธานี,อด 0033.1/380/2568 ลงวันที่ 26 สิงหาคม 2568,,,,2026-05-14 17:43:14,System,,,,,,COMPANY,,TRUE,TOTAL,UDH-01177
1182,PRINTER INKJET,EPSON,M3170,X5TT005970,ตึกผู้ป่วยนอก (OPD),4,OPD จักษุ,จุดบริการ 11,จักษุวิทยา,Retired,โรงพยาบาลศูนย์อุดรธานี,อด 0033.1/380/2568 ลงวันที่ 26 สิงหาคม 2568,,,,2026-05-14 17:43:14,System,,,,,,COMPANY,,TRUE,TOTAL,UDH-01178
1183,PRINTER INKJET,EPSON,M3170,X5TT006145,ตึกผู้ป่วยนอก (OPD),4,OPD จักษุ,ห้องตรวจตา เบอร์ 4,จักษุวิทยา,Active,โรงพยาบาลศูนย์อุดรธานี,อด 0033.1/380/2568 ลงวันที่ 26 สิงหาคม 2568,,,,2026-05-14 17:43:14,System,,,,,,COMPANY,,TRUE,TOTAL,UDH-01179
1184,PRINTER INKJET AIO,EPSON,L5290,X8H2029119,ตึกผู้ป่วยนอก (OPD),4,OPD จักษุ,จุดบริการ 13,จักษุวิทยา,Active,โรงพยาบาลศูนย์อุดรธานี,อด 0033.1/380/2568 ลงวันที่ 26 สิงหาคม 2568,,,,2026-05-14 17:43:14,System,,,,,,COMPANY,,TRUE,TOTAL,UDH-01180
1185,PRINTER INKJET A4,EPSON,L3150,X9CB060334,ตึกผู้ป่วยนอก (OPD),4,OPD จักษุ,ห้องตรวจ,จักษุวิทยา,Active,โรงพยาบาลศูนย์อุดรธานี,อด 0033.1/380/2568 ลงวันที่ 26 สิงหาคม 2568,,,,2026-05-14 17:43:14,System,,,,,,COMPANY,,TRUE,TOTAL,UDH-01181
1186,PRINTER INKJET AIO,EPSON,L5290,X8H2029183,ตึกผู้ป่วยนอก (OPD),4,OPD จักษุ,จุดบริการ 17,จักษุวิทยา,Active,โรงพยาบาลศูนย์อุดรธานี,อด 0033.1/380/2568 ลงวันที่ 26 สิงหาคม 2568,,,,2026-05-14 17:43:14,System,,,,,,COMPANY,,TRUE,TOTAL,UDH-01182
1187,PRINTER INKJET AIO,EPSON,L5290,X8H2029612,ตึกผู้ป่วยนอก (OPD),4,OPD จักษุ,จุดบริการ 15,จักษุวิทยา,Active,โรงพยาบาลศูนย์อุดรธานี,อด 0033.1/380/2568 ลงวันที่ 26 สิงหาคม 2568,,,,2026-05-14 17:43:14,System,,,,,,COMPANY,,TRUE,TOTAL,UDH-01183
1188,PRINTER INKJET AIO,EPSON,L5290,X8H2029627,ตึกผู้ป่วยนอก (OPD),4,คลินิกโรคเลือด-และข้อ,,อายุรกรรม,Active,โรงพยาบาลศูนย์อุดรธานี,อด 0033.1/380/2568 ลงวันที่ 26 สิงหาคม 2568,,,,2026-05-14 17:43:14,System,,,,,,COMPANY,,TRUE,TOTAL,UDH-01184
1189,PRINTER INKJET AIO,EPSON,L5290,X8H2029130,ตึกผู้ป่วยนอก (OPD),4,คลินิกโรคเลือด-และข้อ,,อายุรกรรม,Active,โรงพยาบาลศูนย์อุดรธานี,อด 0033.1/380/2568 ลงวันที่ 26 สิงหาคม 2568,,,,2026-05-14 17:43:14,System,,,,,,COMPANY,,TRUE,TOTAL,UDH-01185
1190,PRINTER INKJET AIO,EPSON,L5290,X8H2029075,ตึกผู้ป่วยนอก (OPD),4,คลินิกโรคเลือด-และข้อ,,อายุรกรรม,Active,โรงพยาบาลศูนย์อุดรธานี,อด 0033.1/380/2568 ลงวันที่ 26 สิงหาคม 2568,,,,2026-05-14 17:43:14,System,,,,,,COMPANY,,TRUE,TOTAL,UDH-01186
1191,PRINTER INKJET,EPSON,M3170,X5TT005893,ตึกผู้ป่วยนอก (OPD),4,ทันตกรรม,,ทันตกรรม,Active,โรงพยาบาลศูนย์อุดรธานี,อด 0033.1/380/2568 ลงวันที่ 26 สิงหาคม 2568,,,,2026-05-14 17:43:14,System,,,,,,COMPANY,,TRUE,TOTAL,UDH-01187
1192,PRINTER INKJET,EPSON,M3170,X5TT006030,ตึกผู้ป่วยนอก (OPD),4,ทันตกรรม,,ทันตกรรม,Retired,โรงพยาบาลศูนย์อุดรธานี,อด 0033.1/380/2568 ลงวันที่ 26 สิงหาคม 2568,,,,2026-05-14 17:43:14,System,,,,,,COMPANY,,TRUE,TOTAL,UDH-01188
1193,PRINTER INKJET,EPSON,M3170,X5TT006032,ตึกผู้ป่วยนอก (OPD),4,ทันตกรรม,,ทันตกรรม,Retired,โรงพยาบาลศูนย์อุดรธานี,อด 0033.1/380/2568 ลงวันที่ 26 สิงหาคม 2568,,,,2026-05-14 17:43:14,System,,,,,,COMPANY,,TRUE,TOTAL,UDH-01189
403,BARCODE SCANNERS,ZEBRA,DS2208,S22179010552084,ตึกเชี่ยวชาญ,2,ห้องเตรียมยาเคมีบำบัด,,เภสัชกรรม,Active,โรงพยาบาลศูนย์อุดรธานี,อด 0033.1/380/2568 ลงวันที่ 26 สิงหาคม 2568,,,,2026-05-14 17:43:14,System,,,,,,COMPANY,,FALSE,TOTAL,UDH-00399
404,BARCODE SCANNERS,ZEBRA,DS2208,S22179010552093,ตึกเชี่ยวชาญ,2,ห้องเตรียมยาเคมีบำบัด,,เภสัชกรรม,Active,โรงพยาบาลศูนย์อุดรธานี,อด 0033.1/380/2568 ลงวันที่ 26 สิงหาคม 2568,,,,2026-05-14 17:43:14,System,,,,,,COMPANY,,FALSE,TOTAL,UDH-00400
1196,PRINTER LASER,SAMSUNG,M4020ND,CNB3L3WSS1,ตึกผู้ป่วยนอก (OPD),4,คลินิกโรคเลือด-และข้อ,,อายุรกรรม,Retired,โรงพยาบาลศูนย์อุดรธานี,อด 0033.1/380/2568 ลงวันที่ 26 สิงหาคม 2568,,,,2026-05-14 17:43:14,nikorn2527@gmail.com,,,,2026-07-09,,COMPANY,,TRUE,TOTAL,UDH-01192
1197,PRINTER LASER,SAMSUNG,M4020ND,CNB3L3WSSH,ตึกผู้ป่วยนอก (OPD),4,OPD จักษุ,ห้องตรวจตา เบอร์ 6,จักษุวิทยา,Active,โรงพยาบาลศูนย์อุดรธานี,อด 0033.1/380/2568 ลงวันที่ 26 สิงหาคม 2568,,,,2026-05-14 17:43:14,System,,,,,,COMPANY,,TRUE,TOTAL,UDH-01193
1198,PRINTER LASER,SAMSUNG,M4020ND,CNB3L3WSXV,ตึกผู้ป่วยนอก (OPD),4,OPD จักษุ,ห้องตรวจตา เบอร์ 3,จักษุวิทยา,Retired,โรงพยาบาลศูนย์อุดรธานี,อด 0033.1/380/2568 ลงวันที่ 26 สิงหาคม 2568,,,,2026-05-14 17:43:14,System,,,,,,COMPANY,,TRUE,TOTAL,UDH-01194
1199,PRINTER LASER,OKI,B412DN,BW38048625C0,ตึกผู้ป่วยนอก (OPD),4,OPD จักษุ,ห้องตรวจ,จักษุวิทยา,Retired,โรงพยาบาลศูนย์อุดรธานี,อด 0033.1/380/2568 ลงวันที่ 26 สิงหาคม 2568,,,,2026-05-14 17:43:14,System,,,,,,COMPANY,,TRUE,TOTAL,UDH-01195
1200,PRINTER LASER,SAMSUNG,M4020ND,CNB3L3MSS1,ตึกผู้ป่วยนอก (OPD),4,คลินิกโรคเลือด-และข้อ,,อายุรกรรม,Retired,โรงพยาบาลศูนย์อุดรธานี,อด 0033.1/380/2568 ลงวันที่ 26 สิงหาคม 2568,,,,2026-05-14 17:43:14,System,,,,,,COMPANY,,TRUE,TOTAL,UDH-01196
1201,PRINTER LASER,SAMSUNG,M4020ND,CNB3L3WSXS,ตึกผู้ป่วยนอก (OPD),4,คลินิกโรคเลือด-และข้อ,,อายุรกรรม,Retired,โรงพยาบาลศูนย์อุดรธานี,อด 0033.1/380/2568 ลงวันที่ 26 สิงหาคม 2568,,,,2026-05-14 17:43:14,nikorn2527@gmail.com,,,,2026-07-09,,COMPANY,,TRUE,TOTAL,UDH-01197
1202,PRINTER LASER,HP,M404DN,PHFXG18943,ตึกผู้ป่วยนอก (OPD),4,คลินิกโรคเลือด-และข้อ,,อายุรกรรม,Active,โรงพยาบาลศูนย์อุดรธานี,อด 0033.1/380/2568 ลงวันที่ 26 สิงหาคม 2568,,,,2026-05-14 17:43:14,System,,,,,,COMPANY,,TRUE,TOTAL,UDH-01198
1203,PRINTER LASER,HP,M404DN,PHFXG18936,ตึกผู้ป่วยนอก (OPD),5,การเงิน,,การเงิน,Active,โรงพยาบาลศูนย์อุดรธานี,อด 0033.1/380/2568 ลงวันที่ 26 สิงหาคม 2568,,,,2026-05-14 17:43:14,System,,,,,,COMPANY,,TRUE,TOTAL,UDH-01199
405,BARCODE SCANNERS,ZEBRA,DS2208,S22179010552121,ตึกเชี่ยวชาญ,2,ห้องเตรียมยาเคมีบำบัด,,เภสัชกรรม,Active,โรงพยาบาลศูนย์อุดรธานี,อด 0033.1/380/2568 ลงวันที่ 26 สิงหาคม 2568,,,,2026-05-14 17:43:14,System,,,,,,COMPANY,,FALSE,TOTAL,UDH-00401
406,BARCODE SCANNERS,ZEBRA,DS2208,S22176010553284,ตึกเชี่ยวชาญ,2,ห้องเตรียมยาเคมีบำบัด,,เภสัชกรรม,Active,โรงพยาบาลศูนย์อุดรธานี,อด 0033.1/380/2568 ลงวันที่ 26 สิงหาคม 2568,,,,2026-05-14 17:43:14,System,,,,,,COMPANY,,FALSE,TOTAL,UDH-00402
407,BARCODE SCANNERS,ZEBRA,DS2208,S22149010555153,ตึกเชี่ยวชาญ,2,ห้องเตรียมยาเคมีบำบัด,,เภสัชกรรม,Active,โรงพยาบาลศูนย์อุดรธานี,อด 0033.1/380/2568 ลงวันที่ 26 สิงหาคม 2568,,,,2026-05-14 17:43:14,System,,,,,,COMPANY,,FALSE,TOTAL,UDH-00403
1207,PRINTER THERMAL,ZEBRA,ZD421,D6J222613674,ตึกผู้ป่วยนอก (OPD),4,คลินิกโรคเลือด-และข้อ,,อายุรกรรม,Active,โรงพยาบาลศูนย์อุดรธานี,อด 0033.1/380/2568 ลงวันที่ 26 สิงหาคม 2568,,,,2026-05-14 17:43:14,System,,,,,,COMPANY,,FALSE,TOTAL,UDH-01203
1208,PRINTER THERMAL,ZEBRA,ZD421,D6J222613616,ตึกผู้ป่วยนอก (OPD),4,OPD จักษุ,ห้องตรวจ,จักษุวิทยา,Active,โรงพยาบาลศูนย์อุดรธานี,อด 0033.1/380/2568 ลงวันที่ 26 สิงหาคม 2568,,,,2026-05-14 17:43:14,System,,,,,,COMPANY,,FALSE,TOTAL,UDH-01204
1209,PRINTER THERMAL,ZEBRA,ZD421,D6J222614656,ตึกผู้ป่วยนอก (OPD),4,OPD จักษุ,ห้องตรวจ,จักษุวิทยา,Active,โรงพยาบาลศูนย์อุดรธานี,อด 0033.1/380/2568 ลงวันที่ 26 สิงหาคม 2568,,,,2026-05-14 17:43:14,System,,,,,,COMPANY,,FALSE,TOTAL,UDH-01205
1210,PRINTER THERMAL,ZEBRA,ZD421,D6J222700813,ตึกผู้ป่วยนอก (OPD),4,OPD จักษุ,ห้องตรวจ,จักษุวิทยา,Active,โรงพยาบาลศูนย์อุดรธานี,อด 0033.1/380/2568 ลงวันที่ 26 สิงหาคม 2568,,,,2026-05-14 17:43:14,System,,,,,,COMPANY,,FALSE,TOTAL,UDH-01206
1211,PRINTER THERMAL,ZEBRA,ZD421,D6J222700828,ตึกผู้ป่วยนอก (OPD),4,OPD จักษุ,ห้องตรวจ,จักษุวิทยา,Active,โรงพยาบาลศูนย์อุดรธานี,อด 0033.1/380/2568 ลงวันที่ 26 สิงหาคม 2568,,,,2026-05-14 17:43:14,System,,,,,,COMPANY,,FALSE,TOTAL,UDH-01207
1212,PRINTER THERMAL,ZEBRA,ZD421,D6J222613580,ตึกผู้ป่วยนอก (OPD),4,OPD จักษุ,ห้องตรวจ,จักษุวิทยา,Active,โรงพยาบาลศูนย์อุดรธานี,อด 0033.1/380/2568 ลงวันที่ 26 สิงหาคม 2568,,,,2026-05-14 17:43:14,System,,,,,,COMPANY,,FALSE,TOTAL,UDH-01208
1213,PRINTER THERMAL,ZEBRA,ZD421,D6J222614740,ตึกผู้ป่วยนอก (OPD),4,OPD จักษุ,ห้องตรวจ,จักษุวิทยา,Active,โรงพยาบาลศูนย์อุดรธานี,อด 0033.1/380/2568 ลงวันที่ 26 สิงหาคม 2568,,,,2026-05-14 17:43:14,System,,,,,,COMPANY,,FALSE,TOTAL,UDH-01209
1214,PRINTER THERMAL,ZEBRA,ZD421,D6J222614768,ตึกผู้ป่วยนอก (OPD),4,OPD จักษุ,ห้องตรวจ,จักษุวิทยา,Active,โรงพยาบาลศูนย์อุดรธานี,อด 0033.1/380/2568 ลงวันที่ 26 สิงหาคม 2568,,,,2026-05-14 17:43:14,System,,,,,,COMPANY,,FALSE,TOTAL,UDH-01210
1215,PRINTER THERMAL,ZEBRA,ZD421,D6J222700807,ตึกผู้ป่วยนอก (OPD),4,OPD จักษุ,ห้องตรวจ,จักษุวิทยา,Active,โรงพยาบาลศูนย์อุดรธานี,อด 0033.1/380/2568 ลงวันที่ 26 สิงหาคม 2568,,,,2026-05-14 17:43:14,System,,,,,,COMPANY,,FALSE,TOTAL,UDH-01211
1216,PRINTER THERMAL,ZEBRA,ZD421,D6J222613106,ตึกผู้ป่วยนอก (OPD),4,OPD จักษุ,ห้องตรวจ,จักษุวิทยา,Active,โรงพยาบาลศูนย์อุดรธานี,อด 0033.1/380/2568 ลงวันที่ 26 สิงหาคม 2568,,,,2026-05-14 17:43:14,System,,,,,,COMPANY,,FALSE,TOTAL,UDH-01212
1217,PRINTER THERMAL,ZEBRA,ZD421,D6J222613551,ตึกผู้ป่วยนอก (OPD),4,OPD จักษุ,ห้องตรวจ,จักษุวิทยา,Active,โรงพยาบาลศูนย์อุดรธานี,อด 0033.1/380/2568 ลงวันที่ 26 สิงหาคม 2568,,,,2026-05-14 17:43:14,System,,,,,,COMPANY,,FALSE,TOTAL,UDH-01213
1218,PRINTER THERMAL,ZEBRA,ZD421,D6J222613721,ตึกผู้ป่วยนอก (OPD),4,คลินิกโรคเลือด-และข้อ,,อายุรกรรม,Active,โรงพยาบาลศูนย์อุดรธานี,อด 0033.1/380/2568 ลงวันที่ 26 สิงหาคม 2568,,,,2026-05-14 17:43:14,System,,,,,,COMPANY,,FALSE,TOTAL,UDH-01214
1219,PRINTER THERMAL,ZEBRA,ZD421,D6J222700853,ตึกผู้ป่วยนอก (OPD),4,คลินิกโรคเลือด-และข้อ,,อายุรกรรม,Active,โรงพยาบาลศูนย์อุดรธานี,อด 0033.1/380/2568 ลงวันที่ 26 สิงหาคม 2568,,,,2026-05-14 17:43:14,System,,,,,,COMPANY,,FALSE,TOTAL,UDH-01215
1220,PRINTER THERMAL,ZEBRA,ZD421,D6J222613702,ตึกผู้ป่วยนอก (OPD),4,คลินิกโรคเลือด-และข้อ,,อายุรกรรม,Retired,โรงพยาบาลศูนย์อุดรธานี,อด 0033.1/380/2568 ลงวันที่ 26 สิงหาคม 2568,,,,2026-05-14 17:43:14,System,,,,,,COMPANY,,FALSE,TOTAL,UDH-01216
1221,PRINTER THERMAL,ZEBRA,ZD421,D6J222613748,ตึกผู้ป่วยนอก (OPD),4,คลินิกโรคเลือด-และข้อ,,อายุรกรรม,Active,โรงพยาบาลศูนย์อุดรธานี,อด 0033.1/380/2568 ลงวันที่ 26 สิงหาคม 2568,,,,2026-05-14 17:43:14,System,,,,,,COMPANY,,FALSE,TOTAL,UDH-01217
408,BARCODE SCANNERS,ZEBRA,DS2208,S22176010553274,ตึกเชี่ยวชาญ,2,ห้องเตรียมยาเคมีบำบัด,,เภสัชกรรม,Active,โรงพยาบาลศูนย์อุดรธานี,อด 0033.1/380/2568 ลงวันที่ 26 สิงหาคม 2568,,,,2026-05-14 17:43:14,System,,,,,,COMPANY,,FALSE,TOTAL,UDH-00404
1223,SCANNERS,CANON,DR-C230,JA491913,ตึกผู้ป่วยนอก (OPD),4,ทันตกรรม,,ทันตกรรม,Active,โรงพยาบาลศูนย์อุดรธานี,อด 0033.1/380/2568 ลงวันที่ 26 สิงหาคม 2568,,,,2026-05-14 17:43:14,System,,,,,,COMPANY,,FALSE,TOTAL,UDH-01219
409,BARCODE SCANNERS,ZEBRA,DS2208,S22176010553288,ตึกเชี่ยวชาญ,2,ห้องเตรียมยาเคมีบำบัด,,เภสัชกรรม,Active,โรงพยาบาลศูนย์อุดรธานี,อด 0033.1/380/2568 ลงวันที่ 26 สิงหาคม 2568,,,,2026-05-14 17:43:14,System,,,,,,COMPANY,,FALSE,TOTAL,UDH-00405
410,BARCODE SCANNERS,ZEBRA,DS2208,S22149010555162,ตึกเชี่ยวชาญ,2,ห้องเตรียมยาเคมีบำบัด,,เภสัชกรรม,Active,โรงพยาบาลศูนย์อุดรธานี,อด 0033.1/380/2568 ลงวันที่ 26 สิงหาคม 2568,,,,2026-05-14 17:43:14,System,,,,,,COMPANY,,FALSE,TOTAL,UDH-00406
411,BARCODE SCANNERS,ZEBRA,DS2208,S22176010553231,ตึกเชี่ยวชาญ,2,ห้องเตรียมยาเคมีบำบัด,,เภสัชกรรม,Active,โรงพยาบาลศูนย์อุดรธานี,อด 0033.1/380/2568 ลงวันที่ 26 สิงหาคม 2568,,,,2026-05-14 17:43:14,System,,,,,,COMPANY,,FALSE,TOTAL,UDH-00407
412,BARCODE SCANNERS,ZEBRA,DS2208,S22176010553719,ตึกเชี่ยวชาญ,2,ห้องเตรียมยาเคมีบำบัด,,เภสัชกรรม,Active,โรงพยาบาลศูนย์อุดรธานี,อด 0033.1/380/2568 ลงวันที่ 26 สิงหาคม 2568,,,,2026-05-14 17:43:14,System,,,,,,COMPANY,,FALSE,TOTAL,UDH-00408
1228,BARCODE SCANNERS,ZEBRA,DS2208,S21085010554436,ตึกผู้ป่วยนอก (OPD),5,งานป้องกันและควบคุมการติดเชื้อ (IC),,บริหาร/ยุทธศาสตร์,Active,โรงพยาบาลศูนย์อุดรธานี,อด 0033.1/380/2568 ลงวันที่ 26 สิงหาคม 2568,,,,2026-05-14 17:43:14,System,,,,,,COMPANY,,FALSE,TOTAL,UDH-01224
1229,BARCODE SCANNERS,ZEBRA,DS2208,S22176010553207,ตึกผู้ป่วยนอก (OPD),5,OPD หู คอ จมูก,,โสต ศอ นาสิก (ENT),Active,โรงพยาบาลศูนย์อุดรธานี,อด 0033.1/380/2568 ลงวันที่ 26 สิงหาคม 2568,,,,2026-05-14 17:43:14,System,,,,,,COMPANY,,FALSE,TOTAL,UDH-01225
1230,BARCODE SCANNERS,ZEBRA,DS2208,S22150010551682,ตึกผู้ป่วยนอก (OPD),5,OPD หู คอ จมูก,,โสต ศอ นาสิก (ENT),Active,โรงพยาบาลศูนย์อุดรธานี,อด 0033.1/380/2568 ลงวันที่ 26 สิงหาคม 2568,,,,2026-05-14 17:43:14,System,,,,,,COMPANY,,FALSE,TOTAL,UDH-01226
1231,BARCODE SCANNERS,ZEBRA,DS2208,S22149010553960,ตึกผู้ป่วยนอก (OPD),5,ประกันสุขภาพ (Wellness),,ส่งเสริมสุขภาพและตรวจสุขภาพ,Active,โรงพยาบาลศูนย์อุดรธานี,อด 0033.1/380/2568 ลงวันที่ 26 สิงหาคม 2568,,,,2026-05-14 17:43:14,System,,,,,,COMPANY,,FALSE,TOTAL,UDH-01227
1232,BARCODE SCANNERS,ZEBRA,DS2208,S22178010553501,ตึกผู้ป่วยนอก (OPD),5,ประกันสุขภาพ (Wellness),,ส่งเสริมสุขภาพและตรวจสุขภาพ,Active,โรงพยาบาลศูนย์อุดรธานี,อด 0033.1/380/2568 ลงวันที่ 26 สิงหาคม 2568,,,,2026-05-14 17:43:14,System,,,,,,COMPANY,,FALSE,TOTAL,UDH-01228
1233,BARCODE SCANNERS,ZEBRA,DS2208,S22178010553990,ตึกผู้ป่วยนอก (OPD),5,ประกันสุขภาพ (Wellness),,ส่งเสริมสุขภาพและตรวจสุขภาพ,Active,โรงพยาบาลศูนย์อุดรธานี,อด 0033.1/380/2568 ลงวันที่ 26 สิงหาคม 2568,,,,2026-05-14 17:43:14,System,,,,,,COMPANY,,FALSE,TOTAL,UDH-01229
1234,BARCODE SCANNERS,ZEBRA,DS2208,S22178010553991,ตึกผู้ป่วยนอก (OPD),5,ประกันสุขภาพ (Wellness),,ส่งเสริมสุขภาพและตรวจสุขภาพ,Active,โรงพยาบาลศูนย์อุดรธานี,อด 0033.1/380/2568 ลงวันที่ 26 สิงหาคม 2568,,,,2026-05-14 17:43:14,System,,,,,,COMPANY,,FALSE,TOTAL,UDH-01230
1235,BARCODE SCANNERS,ZEBRA,DS2208,S22178010553992,ตึกผู้ป่วยนอก (OPD),5,ประกันสุขภาพ (Wellness),,ส่งเสริมสุขภาพและตรวจสุขภาพ,Active,โรงพยาบาลศูนย์อุดรธานี,อด 0033.1/380/2568 ลงวันที่ 26 สิงหาคม 2568,,,,2026-05-14 17:43:14,System,,,,,,COMPANY,,FALSE,TOTAL,UDH-01231
1236,BARCODE SCANNERS,ZEBRA,DS2208,S22178010553995,ตึกผู้ป่วยนอก (OPD),5,ประกันสุขภาพ (Wellness),,ส่งเสริมสุขภาพและตรวจสุขภาพ,Active,โรงพยาบาลศูนย์อุดรธานี,อด 0033.1/380/2568 ลงวันที่ 26 สิงหาคม 2568,,,,2026-05-14 17:43:14,System,,,,,,COMPANY,,FALSE,TOTAL,UDH-01232
1237,BARCODE SCANNERS,ZEBRA,DS2208,S22149010555166,ตึกผู้ป่วยนอก (OPD),5,OPD หู คอ จมูก,,โสต ศอ นาสิก (ENT),Active,โรงพยาบาลศูนย์อุดรธานี,อด 0033.1/380/2568 ลงวันที่ 26 สิงหาคม 2568,,,,2026-05-14 17:43:14,System,,,,,,COMPANY,,FALSE,TOTAL,UDH-01233
1238,BARCODE SCANNERS,ZEBRA,DS2208,S22150010551694,ตึกผู้ป่วยนอก (OPD),5,OPD หู คอ จมูก,,โสต ศอ นาสิก (ENT),Active,โรงพยาบาลศูนย์อุดรธานี,อด 0033.1/380/2568 ลงวันที่ 26 สิงหาคม 2568,,,,2026-05-14 17:43:14,System,,,,,,COMPANY,,FALSE,TOTAL,UDH-01234
1239,BARCODE SCANNERS,ZEBRA,DS2208,S22150010551673,ตึกผู้ป่วยนอก (OPD),5,OPD หู คอ จมูก,,โสต ศอ นาสิก (ENT),Active,โรงพยาบาลศูนย์อุดรธานี,อด 0033.1/380/2568 ลงวันที่ 26 สิงหาคม 2568,,,,2026-05-14 17:43:14,System,,,,,,COMPANY,,FALSE,TOTAL,UDH-01235
1240,PRINTER INKJET AIO,EPSON,L5290,X8H2029049,ตึกผู้ป่วยนอก (OPD),4,การเงิน,,การเงิน,Active,โรงพยาบาลศูนย์อุดรธานี,อด 0033.1/380/2568 ลงวันที่ 26 สิงหาคม 2568,,,,2026-05-14 17:43:14,System,,,,,,COMPANY,,TRUE,TOTAL,UDH-01236
1241,PRINTER INKJET AIO,EPSON,L5290,X8H2029436,ตึกผู้ป่วยนอก (OPD),5,กลุ่มงานพัสดุ,,บริหาร/ยุทธศาสตร์,Active,โรงพยาบาลศูนย์อุดรธานี,อด 0033.1/380/2568 ลงวันที่ 26 สิงหาคม 2568,,,,2026-05-14 17:43:14,System,,,,,,COMPANY,,TRUE,TOTAL,UDH-01237
413,BARCODE SCANNERS,ZEBRA,DS2208,S22178010553494,ตึกเชี่ยวชาญ,2,ห้องเตรียมยาเคมีบำบัด,,เภสัชกรรม,Active,โรงพยาบาลศูนย์อุดรธานี,อด 0033.1/380/2568 ลงวันที่ 26 สิงหาคม 2568,,,,2026-05-14 17:43:14,System,,,,,,COMPANY,,FALSE,TOTAL,UDH-00409
1243,PRINTER INKJET AIO,EPSON,L5290,X8H2027142,ตึกผู้ป่วยนอก (OPD),5,กลุ่มงานพัสดุ,,บริหาร/ยุทธศาสตร์,Active,โรงพยาบาลศูนย์อุดรธานี,อด 0033.1/380/2568 ลงวันที่ 26 สิงหาคม 2568,,,,2026-05-14 17:43:14,System,,,,,,COMPANY,,TRUE,TOTAL,UDH-01239
414,BARCODE SCANNERS,ZEBRA,DS2208,S22179010552190,ตึกเชี่ยวชาญ,2,ห้องเตรียมยาเคมีบำบัด,,เภสัชกรรม,Active,โรงพยาบาลศูนย์อุดรธานี,อด 0033.1/380/2568 ลงวันที่ 26 สิงหาคม 2568,,,,2026-05-14 17:43:14,System,,,,,,COMPANY,,FALSE,TOTAL,UDH-00410
1245,PRINTER INKJET AIO,EPSON,L5290,X8H2029595,ตึกผู้ป่วยนอก (OPD),5,กลุ่มงานพัสดุ,,บริหาร/ยุทธศาสตร์,Active,โรงพยาบาลศูนย์อุดรธานี,อด 0033.1/380/2568 ลงวันที่ 26 สิงหาคม 2568,,,,2026-05-14 17:43:14,System,,,,,,COMPANY,,TRUE,TOTAL,UDH-01241
1246,PRINTER INKJET AIO,EPSON,L5290,X8H2027114,ตึกหลวงตาบัว,4,หอผู้ป่วยอายุรกรรมชาย,,อายุรกรรม,Active,โรงพยาบาลศูนย์อุดรธานี,อด 0033.1/380/2568 ลงวันที่ 26 สิงหาคม 2568,,,,2026-05-14 17:43:14,System,,,,,,COMPANY,,TRUE,TOTAL,UDH-01242
1247,PRINTER INKJET AIO,EPSON,L5290,X8H2029236,ตึกผู้ป่วยนอก (OPD),5,กลุ่มงานพัสดุ,,บริหาร/ยุทธศาสตร์,Active,โรงพยาบาลศูนย์อุดรธานี,อด 0033.1/380/2568 ลงวันที่ 26 สิงหาคม 2568,,,,2026-05-14 17:43:14,System,,,,,,COMPANY,,TRUE,TOTAL,UDH-01243
1248,PRINTER INKJET AIO,EPSON,L5290,X8H2029145,ตึกผู้ป่วยนอก (OPD),5,กลุ่มงานพัสดุ,,บริหาร/ยุทธศาสตร์,Active,โรงพยาบาลศูนย์อุดรธานี,อด 0033.1/380/2568 ลงวันที่ 26 สิงหาคม 2568,,,,2026-05-14 17:43:14,System,,,,,,COMPANY,,TRUE,TOTAL,UDH-01244
1249,PRINTER INKJET AIO,EPSON,L5290,X8H2027562,ตึกผู้ป่วยนอก (OPD),5,กลุ่มงานพัสดุ,,บริหาร/ยุทธศาสตร์,Active,โรงพยาบาลศูนย์อุดรธานี,อด 0033.1/380/2568 ลงวันที่ 26 สิงหาคม 2568,,,,2026-05-14 17:43:14,System,,,,,,COMPANY,,TRUE,TOTAL,UDH-01245
1250,PRINTER INKJET AIO,EPSON,L5290,X8H2029124,ตึกผู้ป่วยนอก (OPD),5,กลุ่มงานพัสดุ,,บริหาร/ยุทธศาสตร์,Active,โรงพยาบาลศูนย์อุดรธานี,อด 0033.1/380/2568 ลงวันที่ 26 สิงหาคม 2568,,,,2026-05-14 17:43:14,System,,,,,,COMPANY,,TRUE,TOTAL,UDH-01246
1251,PRINTER INKJET AIO,EPSON,L5290,X8H2029061,ตึกเชี่ยวชาญ,7,CCU,,อายุรกรรมหัวใจ,Active,โรงพยาบาลศูนย์อุดรธานี,อด 0033.1/380/2568 ลงวันที่ 26 สิงหาคม 2568,,,,2026-05-14 17:43:14,System,,,,,,COMPANY,,TRUE,TOTAL,UDH-01247
1252,PRINTER INKJET AIO,EPSON,L5290,X8H2029171,ตึกผู้ป่วยนอกเดิม,2,ศูนย์คอมพิวเตอร์,,,Active,โรงพยาบาลศูนย์อุดรธานี,อด 0033.1/380/2568 ลงวันที่ 26 สิงหาคม 2568,,,,2026-06-03 18:52:00,nikorn2527@gmail.com,,,2026-06-04,,,COMPANY,,TRUE,TOTAL,UDH-01248
1253,PRINTER INKJET AIO,EPSON,L5290,X8H2029439,ตึกผู้ป่วยนอก (OPD),5,งานป้องกันและควบคุมการติดเชื้อ (IC),,บริหาร/ยุทธศาสตร์,Active,โรงพยาบาลศูนย์อุดรธานี,อด 0033.1/380/2568 ลงวันที่ 26 สิงหาคม 2568,,,,2026-05-14 17:43:14,System,,,,,,COMPANY,,TRUE,TOTAL,UDH-01249
1254,PRINTER INKJET,EPSON,M3170,X5TT006171,ตึกผู้ป่วยนอก (OPD),5,กลุ่มงานพัฒนาทรัพยากรบุคคล (พรส),,บริหาร/ยุทธศาสตร์,Retired,โรงพยาบาลศูนย์อุดรธานี,อด 0033.1/380/2568 ลงวันที่ 26 สิงหาคม 2568,,,,2026-05-14 17:43:14,System,,,,,,COMPANY,,TRUE,TOTAL,UDH-01250
1255,PRINTER INKJET,EPSON,M3170,X5TT021628,ตึกผู้ป่วยนอก (OPD),5,กลุ่มงานพัฒนาทรัพยากรบุคคล (พรส),,บริหาร/ยุทธศาสตร์,Retired,โรงพยาบาลศูนย์อุดรธานี,อด 0033.1/380/2568 ลงวันที่ 26 สิงหาคม 2568,,,,2026-07-03 09:13:54,nikorn2527@gmail.com,,,,2026-07-03,,COMPANY,,TRUE,TOTAL,UDH-01251
1256,PRINTER INKJET AIO,EPSON,L5290,X8H2029106,ตึกผู้ป่วยนอก (OPD),5,กลุ่มงานพัฒนาทรัพยากรบุคคล (พรส),,บริหาร/ยุทธศาสตร์,Active,โรงพยาบาลศูนย์อุดรธานี,อด 0033.1/380/2568 ลงวันที่ 26 สิงหาคม 2568,,,,2026-05-14 17:43:14,System,,,,,,COMPANY,,TRUE,TOTAL,UDH-01252
1257,PRINTER INKJET AIO,EPSON,L5290,X8H2028204,ตึกผู้ป่วยนอก (OPD),5,กลุ่มงานพัฒนาทรัพยากรบุคคล (พรส),,บริหาร/ยุทธศาสตร์,Active,โรงพยาบาลศูนย์อุดรธานี,อด 0033.1/380/2568 ลงวันที่ 26 สิงหาคม 2568,,,,2026-05-14 17:43:14,System,,,,,,COMPANY,,TRUE,TOTAL,UDH-01253
428,PRINTER INKJET,EPSON,M3170,X5TT022672,ตึกเชี่ยวชาญ,2,ห้องเตรียมยาเคมีบำบัด,,เภสัชกรรม,Active,โรงพยาบาลศูนย์อุดรธานี,อด 0033.1/380/2568 ลงวันที่ 26 สิงหาคม 2568,,,,2026-05-14 17:43:14,System,,,,,,COMPANY,,TRUE,TOTAL,UDH-00424
1259,PRINTER INKJET,EPSON,M3170,X5TT010667,ตึกผู้ป่วยนอก (OPD),5,ประกันสุขภาพ (Wellness),,ส่งเสริมสุขภาพและตรวจสุขภาพ,Active,โรงพยาบาลศูนย์อุดรธานี,อด 0033.1/380/2568 ลงวันที่ 26 สิงหาคม 2568,,,,2026-05-14 17:43:14,System,,,,,,COMPANY,,TRUE,TOTAL,UDH-01255
1260,PRINTER INKJET,EPSON,M3170,X5TT010626,ตึกผู้ป่วยนอก (OPD),5,ประกันสุขภาพ (Wellness),,ส่งเสริมสุขภาพและตรวจสุขภาพ,Active,โรงพยาบาลศูนย์อุดรธานี,อด 0033.1/380/2568 ลงวันที่ 26 สิงหาคม 2568,,,,2026-05-14 17:43:14,System,,,,,,COMPANY,,TRUE,TOTAL,UDH-01256
1261,PRINTER INKJET,EPSON,M3170,X5TT010341,ตึกผู้ป่วยนอก (OPD),5,OPD หู คอ จมูก,,โสต ศอ นาสิก (ENT),Active,โรงพยาบาลศูนย์อุดรธานี,อด 0033.1/380/2568 ลงวันที่ 26 สิงหาคม 2568,,,,2026-05-14 17:43:14,System,,,,,,COMPANY,,TRUE,TOTAL,UDH-01257
1262,PRINTER INKJET,EPSON,M3170,X5TT019726,ตึกผู้ป่วยนอก (OPD),5,OPD หู คอ จมูก,,โสต ศอ นาสิก (ENT),Active,โรงพยาบาลศูนย์อุดรธานี,อด 0033.1/380/2568 ลงวันที่ 26 สิงหาคม 2568,,,,2026-05-14 17:43:14,System,,,,,,COMPANY,,TRUE,TOTAL,UDH-01258
1263,PRINTER INKJET AIO,EPSON,L5190,X8JVL55391,ตึกผู้ป่วยนอก (OPD),5,OPD หู คอ จมูก,,โสต ศอ นาสิก (ENT),Active,โรงพยาบาลศูนย์อุดรธานี,อด 0033.1/380/2568 ลงวันที่ 26 สิงหาคม 2568,,,,2026-05-14 17:43:14,System,,,,,,COMPANY,,TRUE,TOTAL,UDH-01259
1264,COPIER INKJET,EPSON,WF-C878R,X6GD002949,ตึกผู้ป่วยนอก (OPD),5,กลุ่มงานทรัพยากรบุคคล,,บริหาร/ยุทธศาสตร์,Retired,โรงพยาบาลศูนย์อุดรธานี,อด 0033.1/380/2568 ลงวันที่ 26 สิงหาคม 2568,,,,2026-06-24 11:00:48,nikorn2527@gmail.com,,,,,,COMPANY,,TRUE,TOTAL,UDH-01260
1265,COPIER LASER,Fuji Xerox,WE-5335,AE9571267,ตึกผู้ป่วยนอก (OPD),5,กลุ่มงานพัฒนาทรัพยากรบุคคล (พรส),,บริหาร/ยุทธศาสตร์,Active,โรงพยาบาลศูนย์อุดรธานี,อด 0033.1/380/2568 ลงวันที่ 26 สิงหาคม 2568,,,,2026-06-09 09:03:16,admin,,,,,,LEASED,,TRUE,TOTAL,UDH-01261
429,PRINTER INKJET AIO,EPSON,L5290,X8H2024837,ตึกเชี่ยวชาญ,2,ห้องเตรียมยาเคมีบำบัด,,เภสัชกรรม,Active,โรงพยาบาลศูนย์อุดรธานี,อด 0033.1/380/2568 ลงวันที่ 26 สิงหาคม 2568,,,,2026-05-14 17:43:14,System,,,,,,COMPANY,,TRUE,TOTAL,UDH-00425
435,PRINTER INKJET AIO,EPSON,L5290,X8H2029047,ตึกเชี่ยวชาญ,2,ห้องเตรียมยาเคมีบำบัด,,เภสัชกรรม,Active,โรงพยาบาลศูนย์อุดรธานี,อด 0033.1/380/2568 ลงวันที่ 26 สิงหาคม 2568,,,,2026-05-14 17:43:14,System,,,,,,COMPANY,,TRUE,TOTAL,UDH-00431
1268,PRINTER INKJET,EPSON,M3170,X5TT006105,ตึกผู้ป่วยนอก (OPD),5,กลุ่มงานยุทธศาสตร์และแผนงาน,,บริหาร/ยุทธศาสตร์,Active,โรงพยาบาลศูนย์อุดรธานี,อด 0033.1/380/2568 ลงวันที่ 26 สิงหาคม 2568,,,,2026-05-14 17:43:14,System,,,,,,COMPANY,,TRUE,TOTAL,UDH-01264
1269,COPIER INKJET,EPSON,WF-C878R,X6GD002873,ตึกผู้ป่วยนอก (OPD),5,กลุ่มงานพัสดุ,,บริหาร/ยุทธศาสตร์,Active,โรงพยาบาลศูนย์อุดรธานี,อด 0033.1/380/2568 ลงวันที่ 26 สิงหาคม 2568,,,,2026-06-09 09:09:01,admin,,,,,,COMPANY,,TRUE,TOTAL,UDH-01265
1270,PRINTER INKJET AIO,EPSON,L5290,X8H2029140,ตึกหลวงตาบัว,5,หอผู้ป่วยอายุรกรรมหญิง,,อายุรกรรม,Active,โรงพยาบาลศูนย์อุดรธานี,อด 0033.1/380/2568 ลงวันที่ 26 สิงหาคม 2568,,,,2026-06-16 09:15:08,nikorn2527@gmail.com,,,,,,COMPANY,,TRUE,TOTAL,UDH-01266
436,PRINTER INKJET AIO,EPSON,L5290,X8H2029449,ตึกเชี่ยวชาญ,2,ห้องเตรียมยาเคมีบำบัด,,เภสัชกรรม,Active,โรงพยาบาลศูนย์อุดรธานี,อด 0033.1/380/2568 ลงวันที่ 26 สิงหาคม 2568,,,,2026-05-14 17:43:14,System,,,,,,COMPANY,,TRUE,TOTAL,UDH-00432
1272,PRINTER LASER,HP,M404DN,PHFXG18938,ตึกผู้ป่วยนอก (OPD),5,กลุ่มงานพัสดุ,,บริหาร/ยุทธศาสตร์,Active,โรงพยาบาลศูนย์อุดรธานี,อด 0033.1/380/2568 ลงวันที่ 26 สิงหาคม 2568,,,,2026-05-14 17:43:14,System,,,,,,COMPANY,,TRUE,TOTAL,UDH-01268
1273,PRINTER LASER,OKI,ES5112,BW22024564C0,ตึกผู้ป่วยนอก (OPD),5,กลุ่มงานพัสดุ,,บริหาร/ยุทธศาสตร์,Retired,โรงพยาบาลศูนย์อุดรธานี,อด 0033.1/380/2568 ลงวันที่ 26 สิงหาคม 2568,,,,2026-06-12 13:39:09,nikorn2527@gmail.com,,,,,,COMPANY,,TRUE,TOTAL,UDH-01269
1274,PRINTER LASER,SAMSUNG,M4020ND,CNB3L3TVJP,ตึกผู้ป่วยนอก (OPD),5,งานป้องกันและควบคุมการติดเชื้อ (IC),,บริหาร/ยุทธศาสตร์,Retired,โรงพยาบาลศูนย์อุดรธานี,อด 0033.1/380/2568 ลงวันที่ 26 สิงหาคม 2568,,,,2026-05-14 17:43:14,System,,,,,,COMPANY,,TRUE,TOTAL,UDH-01270
1275,PRINTER LASER,HP,M402DN,PHCFB18519,ตึกผู้ป่วยนอก (OPD),5,กลุ่มงานพัฒนาทรัพยากรบุคคล (พรส),,บริหาร/ยุทธศาสตร์,Active,โรงพยาบาลศูนย์อุดรธานี,อด 0033.1/380/2568 ลงวันที่ 26 สิงหาคม 2568,,,,2026-05-14 17:43:14,System,,,,,,COMPANY,,TRUE,TOTAL,UDH-01271
1276,PRINTER LASER,OKI,ES5112,BW22024567C0,ตึกผู้ป่วยนอก (OPD),5,กลุ่มงานพัฒนาทรัพยากรบุคคล (พรส),,บริหาร/ยุทธศาสตร์,Retired,โรงพยาบาลศูนย์อุดรธานี,อด 0033.1/380/2568 ลงวันที่ 26 สิงหาคม 2568,,,,2026-06-12 13:39:09,nikorn2527@gmail.com,,,,,,COMPANY,,TRUE,TOTAL,UDH-01272
1277,PRINTER LASER,SAMSUNG,M4020ND,CNB3L1PSD5,ตึกผู้ป่วยนอก (OPD),5,ประกันสุขภาพ (Wellness),,ส่งเสริมสุขภาพและตรวจสุขภาพ,Retired,โรงพยาบาลศูนย์อุดรธานี,อด 0033.1/380/2568 ลงวันที่ 26 สิงหาคม 2568,,,,2026-05-14 17:43:14,System,,,,,,COMPANY,,TRUE,TOTAL,UDH-01273
1278,PRINTER LASER,SAMSUNG,M4020ND,CNB3L3WSS6,ตึกผู้ป่วยนอก (OPD),5,ประกันสุขภาพ (Wellness),,ส่งเสริมสุขภาพและตรวจสุขภาพ,Active,โรงพยาบาลศูนย์อุดรธานี,อด 0033.1/380/2568 ลงวันที่ 26 สิงหาคม 2568,,,,2026-05-14 17:43:14,System,,,,,,COMPANY,,TRUE,TOTAL,UDH-01274
1279,PRINTER LASER,SAMSUNG,M4020ND,CNB3L3WSSL,ตึกผู้ป่วยนอก (OPD),5,OPD หู คอ จมูก,,โสต ศอ นาสิก (ENT),Active,โรงพยาบาลศูนย์อุดรธานี,อด 0033.1/380/2568 ลงวันที่ 26 สิงหาคม 2568,,,,2026-05-14 17:43:14,System,,,,,,COMPANY,,TRUE,TOTAL,UDH-01275
1280,PRINTER LASER,SAMSUNG,M4020ND,CNB3L3WST0,ตึกผู้ป่วยนอก (OPD),5,OPD หู คอ จมูก,,โสต ศอ นาสิก (ENT),Retired,โรงพยาบาลศูนย์อุดรธานี,อด 0033.1/380/2568 ลงวันที่ 26 สิงหาคม 2568,,,,2026-05-14 17:43:14,System,,,,,,COMPANY,,TRUE,TOTAL,UDH-01276
1281,PRINTER LASER,HP,M404DN,PHFXG18932,ตึกผู้ป่วยนอก (OPD),5,ธุรการ,OPD หู คอ จมูก,โสต ศอ นาสิก (ENT),Active,โรงพยาบาลศูนย์อุดรธานี,อด 0033.1/380/2568 ลงวันที่ 26 สิงหาคม 2568,,,,2026-05-14 17:43:14,System,,,,,,COMPANY,,TRUE,TOTAL,UDH-01277
1282,PRINTER LASER,OKI,ES5112,BW21011755C0,ตึกผู้ป่วยนอก (OPD),5,OPD หู คอ จมูก,,โสต ศอ นาสิก (ENT),Active,โรงพยาบาลศูนย์อุดรธานี,อด 0033.1/380/2568 ลงวันที่ 26 สิงหาคม 2568,,,,2026-05-14 17:43:14,System,,,,,,COMPANY,,TRUE,TOTAL,UDH-01278
440,PRINTER LASER,SAMSUNG,M4020ND,CNB3KD4GJ9,ตึกเชี่ยวชาญ,2,ห้องเตรียมยาเคมีบำบัด,,เภสัชกรรม,Retired,โรงพยาบาลศูนย์อุดรธานี,อด 0033.1/380/2568 ลงวันที่ 26 สิงหาคม 2568,,,,2026-05-14 17:43:14,System,,,,,,COMPANY,,TRUE,TOTAL,UDH-00436
441,PRINTER LASER,SAMSUNG,M4020ND,CNB3L3WSV9,ตึกเชี่ยวชาญ,2,ห้องเตรียมยาเคมีบำบัด,,เภสัชกรรม,Retired,โรงพยาบาลศูนย์อุดรธานี,อด 0033.1/380/2568 ลงวันที่ 26 สิงหาคม 2568,,,,2026-05-14 17:43:14,System,,,,,,COMPANY,,TRUE,TOTAL,UDH-00437
1285,PRINTER THERMAL,ZEBRA,ZD421,D6J222613742,ตึกผู้ป่วยนอก (OPD),5,ประกันสุขภาพ (Wellness),,ส่งเสริมสุขภาพและตรวจสุขภาพ,Active,โรงพยาบาลศูนย์อุดรธานี,อด 0033.1/380/2568 ลงวันที่ 26 สิงหาคม 2568,,,,2026-05-14 17:43:14,System,,,,,,COMPANY,,FALSE,TOTAL,UDH-01281
1286,PRINTER THERMAL,ZEBRA,ZD421,D6J222613801,ตึกผู้ป่วยนอก (OPD),5,ประกันสุขภาพ (Wellness),,ส่งเสริมสุขภาพและตรวจสุขภาพ,Active,โรงพยาบาลศูนย์อุดรธานี,อด 0033.1/380/2568 ลงวันที่ 26 สิงหาคม 2568,,,,2026-05-14 17:43:14,System,,,,,,COMPANY,,FALSE,TOTAL,UDH-01282
1287,PRINTER THERMAL,ZEBRA,ZD421,D6J222613808,ตึกผู้ป่วยนอก (OPD),5,ประกันสุขภาพ (Wellness),,ส่งเสริมสุขภาพและตรวจสุขภาพ,Active,โรงพยาบาลศูนย์อุดรธานี,อด 0033.1/380/2568 ลงวันที่ 26 สิงหาคม 2568,,,,2026-05-14 17:43:14,System,,,,,,COMPANY,,FALSE,TOTAL,UDH-01283
1288,PRINTER THERMAL,ZEBRA,ZD421,D6J222613115,ตึกผู้ป่วยนอก (OPD),5,ประกันสุขภาพ (Wellness),,ส่งเสริมสุขภาพและตรวจสุขภาพ,Active,โรงพยาบาลศูนย์อุดรธานี,อด 0033.1/380/2568 ลงวันที่ 26 สิงหาคม 2568,,,,2026-05-14 17:43:14,System,,,,,,COMPANY,,FALSE,TOTAL,UDH-01284
1289,PRINTER THERMAL,ZEBRA,ZD421,D6J222614766,ตึกผู้ป่วยนอก (OPD),5,ประกันสุขภาพ (Wellness),,ส่งเสริมสุขภาพและตรวจสุขภาพ,Active,โรงพยาบาลศูนย์อุดรธานี,อด 0033.1/380/2568 ลงวันที่ 26 สิงหาคม 2568,,,,2026-05-14 17:43:14,System,,,,,,COMPANY,,FALSE,TOTAL,UDH-01285
1290,PRINTER THERMAL,ZEBRA,ZD421,D6J222700805,ตึกผู้ป่วยนอก (OPD),5,ประกันสุขภาพ (Wellness),,ส่งเสริมสุขภาพและตรวจสุขภาพ,Active,โรงพยาบาลศูนย์อุดรธานี,อด 0033.1/380/2568 ลงวันที่ 26 สิงหาคม 2568,,,,2026-05-14 17:43:14,System,,,,,,COMPANY,,FALSE,TOTAL,UDH-01286
1291,PRINTER THERMAL,ZEBRA,ZD421,D6J222702232,ตึกผู้ป่วยนอก (OPD),5,ประกันสุขภาพ (Wellness),,ส่งเสริมสุขภาพและตรวจสุขภาพ,Active,โรงพยาบาลศูนย์อุดรธานี,อด 0033.1/380/2568 ลงวันที่ 26 สิงหาคม 2568,,,,2026-05-14 17:43:14,System,,,,,,COMPANY,,FALSE,TOTAL,UDH-01287
1292,PRINTER THERMAL,ZEBRA,ZD421,D6J222613595,ตึกผู้ป่วยนอก (OPD),5,OPD หู คอ จมูก,,โสต ศอ นาสิก (ENT),Active,โรงพยาบาลศูนย์อุดรธานี,อด 0033.1/380/2568 ลงวันที่ 26 สิงหาคม 2568,,,,2026-05-14 17:43:14,System,,,,,,COMPANY,,FALSE,TOTAL,UDH-01288
1293,SCANNERS,CANON,DR-C230,JA491756,ตึกผู้ป่วยนอก (OPD),5,กลุ่มงานพัฒนาทรัพยากรบุคคล (พรส),,บริหาร/ยุทธศาสตร์,Active,โรงพยาบาลศูนย์อุดรธานี,อด 0033.1/380/2568 ลงวันที่ 26 สิงหาคม 2568,,,,2026-05-14 17:43:14,System,,,,,,COMPANY,,FALSE,TOTAL,UDH-01289
1294,SCANNERS,CANON,DR-C230,JA491971,ตึกผู้ป่วยนอก (OPD),5,OPD หู คอ จมูก,,โสต ศอ นาสิก (ENT),Active,โรงพยาบาลศูนย์อุดรธานี,อด 0033.1/380/2568 ลงวันที่ 26 สิงหาคม 2568,,,,2026-05-14 17:43:14,System,,,,,,COMPANY,,FALSE,TOTAL,UDH-01290
452,PRINTER THERMAL,ZEBRA,ZD421,D6J222702185,ตึกเชี่ยวชาญ,2,ห้องเตรียมยาเคมีบำบัด,,เภสัชกรรม,Active,โรงพยาบาลศูนย์อุดรธานี,อด 0033.1/380/2568 ลงวันที่ 26 สิงหาคม 2568,,,,2026-05-14 17:43:14,System,,,,,,COMPANY,,FALSE,TOTAL,UDH-00448
453,PRINTER THERMAL,ZEBRA,ZD421,D6J222613627,ตึกเชี่ยวชาญ,2,ห้องเตรียมยาเคมีบำบัด,,เภสัชกรรม,Active,โรงพยาบาลศูนย์อุดรธานี,อด 0033.1/380/2568 ลงวันที่ 26 สิงหาคม 2568,,,,2026-05-14 17:43:14,System,,,,,,COMPANY,,FALSE,TOTAL,UDH-00449
454,PRINTER THERMAL,ZEBRA,ZD421,D6J222613534,ตึกเชี่ยวชาญ,2,ห้องเตรียมยาเคมีบำบัด,,เภสัชกรรม,Active,โรงพยาบาลศูนย์อุดรธานี,อด 0033.1/380/2568 ลงวันที่ 26 สิงหาคม 2568,,,,2026-05-14 17:43:14,System,,,,,,COMPANY,,FALSE,TOTAL,UDH-00450
1298,PRINTER INKJET,EPSON,M3170,X5TT006037,ตึกผู้ป่วยนอก (OPD),6,กลุ่มงานการเงิน,,การเงิน,Active,โรงพยาบาลศูนย์อุดรธานี,อด 0033.1/380/2568 ลงวันที่ 26 สิงหาคม 2568,,,,2026-05-14 17:43:14,System,,,,,,COMPANY,,TRUE,TOTAL,UDH-01294
1299,PRINTER INKJET,EPSON,M3170,X5TT006822,ตึกผู้ป่วยนอก (OPD),6,กลุ่มงานการเงิน,,การเงิน,Active,โรงพยาบาลศูนย์อุดรธานี,อด 0033.1/380/2568 ลงวันที่ 26 สิงหาคม 2568,,,,2026-05-14 17:43:14,System,,,,,,COMPANY,,TRUE,TOTAL,UDH-01295
1300,PRINTER INKJET,EPSON,M3170,X5TT024400,ตึกผู้ป่วยนอก (OPD),6,กลุ่มงานการเงิน,,การเงิน,Retired,โรงพยาบาลศูนย์อุดรธานี,อด 0033.1/380/2568 ลงวันที่ 26 สิงหาคม 2568,,,,2026-05-14 17:43:14,System,,,,,,COMPANY,,TRUE,TOTAL,UDH-01296
1301,PRINTER INKJET,EPSON,M3170,X5TT006186,ตึกผู้ป่วยนอก (OPD),6,กลุ่มงานการเงิน,,การเงิน,Active,โรงพยาบาลศูนย์อุดรธานี,อด 0033.1/380/2568 ลงวันที่ 26 สิงหาคม 2568,,,,2026-05-14 17:43:14,System,,,,,,COMPANY,,TRUE,TOTAL,UDH-01297
1302,PRINTER INKJET,EPSON,M3170,X5TT015889,ตึกผู้ป่วยนอก (OPD),6,กลุ่มงานการเงิน,,การเงิน,Active,โรงพยาบาลศูนย์อุดรธานี,อด 0033.1/380/2568 ลงวันที่ 26 สิงหาคม 2568,,,,2026-05-14 17:43:14,System,,,,,,COMPANY,,TRUE,TOTAL,UDH-01298
1303,PRINTER INKJET,EPSON,M3170,X5TT006416,ตึกผู้ป่วยนอก (OPD),6,กลุ่มงานการเงิน,,การเงิน,Active,โรงพยาบาลศูนย์อุดรธานี,อด 0033.1/380/2568 ลงวันที่ 26 สิงหาคม 2568,,,,2026-05-14 17:43:14,System,,,,,,COMPANY,,TRUE,TOTAL,UDH-01299
1304,PRINTER INKJET AIO,EPSON,L5290,X8H2027153,ตึกผู้ป่วยนอก (OPD),6,กลุ่มงานการเงิน,ห้องหัวหน้า,การเงิน,Active,โรงพยาบาลศูนย์อุดรธานี,อด 0033.1/380/2568 ลงวันที่ 26 สิงหาคม 2568,,,,2026-07-03 12:43:24,nikorn2527@gmail.com,,,,,,COMPANY,,TRUE,TOTAL,UDH-01300
1305,PRINTER INKJET AIO,EPSON,L5290,X8H2027552,ตึกผู้ป่วยนอก (OPD),6,กลุ่มงานการเงิน,,การเงิน,Active,โรงพยาบาลศูนย์อุดรธานี,อด 0033.1/380/2568 ลงวันที่ 26 สิงหาคม 2568,,,,2026-05-14 17:43:14,System,,,,,,COMPANY,,TRUE,TOTAL,UDH-01301
1306,PRINTER INKJET AIO,EPSON,L5290,X8H2029149,ตึกผู้ป่วยนอก (OPD),6,กลุ่มการพยาบาล,,เวชศาสตร์ป้องกันและชุมชน,Active,โรงพยาบาลศูนย์อุดรธานี,อด 0033.1/380/2568 ลงวันที่ 26 สิงหาคม 2568,,,,2026-05-14 17:43:14,System,,,,,,COMPANY,,TRUE,TOTAL,UDH-01302
1307,PRINTER INKJET AIO,EPSON,L5290,X8H2029068,ตึกผู้ป่วยนอก (OPD),6,กลุ่มการพยาบาล,,เวชศาสตร์ป้องกันและชุมชน,Active,โรงพยาบาลศูนย์อุดรธานี,อด 0033.1/380/2568 ลงวันที่ 26 สิงหาคม 2568,,,,2026-05-14 17:43:14,System,,,,,,COMPANY,,TRUE,TOTAL,UDH-01303
1308,PRINTER INKJET AIO,EPSON,L5290,X8H2029128,ตึกผู้ป่วยนอก (OPD),6,กลุ่มการพยาบาล,,เวชศาสตร์ป้องกันและชุมชน,Active,โรงพยาบาลศูนย์อุดรธานี,อด 0033.1/380/2568 ลงวันที่ 26 สิงหาคม 2568,,,,2026-05-14 17:43:14,System,,,,,,COMPANY,,TRUE,TOTAL,UDH-01304
455,PRINTER THERMAL,ZEBRA,ZD421,D6J222700893,ตึกเชี่ยวชาญ,2,ห้องเตรียมยาเคมีบำบัด,,เภสัชกรรม,Active,โรงพยาบาลศูนย์อุดรธานี,อด 0033.1/380/2568 ลงวันที่ 26 สิงหาคม 2568,,,,2026-05-14 17:43:14,System,,,,,,COMPANY,,FALSE,TOTAL,UDH-00451
1310,PRINTER INKJET AIO,EPSON,L5190,X5NY055497,ตึกผู้ป่วยนอก (OPD),6,แผนกธุรการ,,บริหาร/ยุทธศาสตร์,Active,โรงพยาบาลศูนย์อุดรธานี,อด 0033.1/380/2568 ลงวันที่ 26 สิงหาคม 2568,,,,2026-05-14 17:43:14,System,,,,,,COMPANY,,TRUE,TOTAL,UDH-01306
1311,PRINTER INKJET AIO,EPSON,L5290,X8H2029122,ตึกผู้ป่วยนอก (OPD),6,แผนกธุรการ,,บริหาร/ยุทธศาสตร์,Active,โรงพยาบาลศูนย์อุดรธานี,อด 0033.1/380/2568 ลงวันที่ 26 สิงหาคม 2568,,,,2026-05-14 17:43:14,System,,,,,,COMPANY,,TRUE,TOTAL,UDH-01307
1312,PRINTER INKJET AIO,EPSON,L5290,X8H2029026,ตึกผู้ป่วยนอก (OPD),6,แผนกธุรการ,,บริหาร/ยุทธศาสตร์,Active,โรงพยาบาลศูนย์อุดรธานี,อด 0033.1/380/2568 ลงวันที่ 26 สิงหาคม 2568,,,,2026-05-14 17:43:14,System,,,,,,COMPANY,,TRUE,TOTAL,UDH-01308
1313,PRINTER INKJET AIO,EPSON,L5290,X8H2029412,ตึกผู้ป่วยนอก (OPD),6,แผนกธุรการ,,บริหาร/ยุทธศาสตร์,Active,โรงพยาบาลศูนย์อุดรธานี,อด 0033.1/380/2568 ลงวันที่ 26 สิงหาคม 2568,,,,2026-05-14 17:43:14,System,,,,,,COMPANY,,TRUE,TOTAL,UDH-01309
1314,PRINTER INKJET AIO,EPSON,L5290,X8H2029228,ตึกผู้ป่วยนอก (OPD),6,แผนกนิติการ,,บริหาร/ยุทธศาสตร์,Active,โรงพยาบาลศูนย์อุดรธานี,อด 0033.1/380/2568 ลงวันที่ 26 สิงหาคม 2568,,,,2026-05-14 17:43:14,System,,,,,,COMPANY,,TRUE,TOTAL,UDH-01310
1315,PRINTER INKJET,EPSON,M3170,X5TT005340,ตึกผู้ป่วยนอก (OPD),6,แผนกบัญชี,,บริหาร/ยุทธศาสตร์,Active,โรงพยาบาลศูนย์อุดรธานี,อด 0033.1/380/2568 ลงวันที่ 26 สิงหาคม 2568,,,,2026-05-14 17:43:14,System,,,,,,COMPANY,,TRUE,TOTAL,UDH-01311
456,PRINTER THERMAL,ZEBRA,ZD421,D6J222614638,ตึกเชี่ยวชาญ,2,ห้องเตรียมยาเคมีบำบัด,,เภสัชกรรม,Active,โรงพยาบาลศูนย์อุดรธานี,อด 0033.1/380/2568 ลงวันที่ 26 สิงหาคม 2568,,,,2026-05-14 17:43:14,System,,,,,,COMPANY,,FALSE,TOTAL,UDH-00452
1317,PRINTER INKJET,EPSON,M3170,X5TT006182,ตึกผู้ป่วยนอก (OPD),6,แผนกบัญชี,,บริหาร/ยุทธศาสตร์,Active,โรงพยาบาลศูนย์อุดรธานี,อด 0033.1/380/2568 ลงวันที่ 26 สิงหาคม 2568,,,,2026-05-14 17:43:14,System,,,,,,COMPANY,,TRUE,TOTAL,UDH-01313
1318,PRINTER INKJET,EPSON,M3170,X5TT026539,ตึกผู้ป่วยนอก (OPD),6,แผนกบัญชี,,บริหาร/ยุทธศาสตร์,Active,โรงพยาบาลศูนย์อุดรธานี,อด 0033.1/380/2568 ลงวันที่ 26 สิงหาคม 2568,,,,2026-05-14 17:43:14,System,,,,,,COMPANY,,TRUE,TOTAL,UDH-01314
1319,PRINTER INKJET,EPSON,M3170,X5TT006175,ตึกผู้ป่วยนอก (OPD),6,งานสารบรรณ,,บริหาร/ยุทธศาสตร์,Disposed,โรงพยาบาลศูนย์อุดรธานี,อด 0033.1/380/2568 ลงวันที่ 26 สิงหาคม 2568,,,,2026-08-06 14:11:39,nikorn2527@gmail.com,,,,2026-08-06,,COMPANY,,TRUE,TOTAL,UDH-01315
1320,PRINTER INKJET AIO,EPSON,L5290,X8H2027582,ตึกผู้ป่วยนอก (OPD),6,งานสารบรรณ,,บริหาร/ยุทธศาสตร์,Active,โรงพยาบาลศูนย์อุดรธานี,อด 0033.1/380/2568 ลงวันที่ 26 สิงหาคม 2568,,,,2026-05-14 17:43:14,System,,,,,,COMPANY,,TRUE,TOTAL,UDH-01316
1321,PRINTER INKJET AIO,EPSON,L5290,X8H2028191,ตึกผู้ป่วยนอก (OPD),6,งานสารบรรณ,,บริหาร/ยุทธศาสตร์,Active,โรงพยาบาลศูนย์อุดรธานี,อด 0033.1/380/2568 ลงวันที่ 26 สิงหาคม 2568,,,,2026-05-14 17:43:14,System,,,,,,COMPANY,,TRUE,TOTAL,UDH-01317
1322,PRINTER INKJET A3,EPSON,L15150,X6N7026493,ตึกผู้ป่วยนอก (OPD),6,แผนกธุรการ,,บริหาร/ยุทธศาสตร์,Active,โรงพยาบาลศูนย์อุดรธานี,อด 0033.1/380/2568 ลงวันที่ 26 สิงหาคม 2568,,,,2026-05-14 17:43:14,System,,,,,,COMPANY,,TRUE,TOTAL,UDH-01318
1323,PRINTER INKJET,EPSON,M3170,X5TT006818,ตึกผู้ป่วยนอก (OPD),6,สำนักงานพัฒนาคุณภาพบริการ (QIC),,บริหาร/ยุทธศาสตร์,Active,โรงพยาบาลศูนย์อุดรธานี,อด 0033.1/380/2568 ลงวันที่ 26 สิงหาคม 2568,,,,2026-05-14 17:43:14,System,,,,,,COMPANY,,TRUE,TOTAL,UDH-01319
1324,PRINTER INKJET AIO,EPSON,L5290,X8H2029085,ตึกผู้ป่วยนอก (OPD),6,สำนักงานผู้อำนวยการ,หน้าห้อง,บริหาร/ยุทธศาสตร์,Active,โรงพยาบาลศูนย์อุดรธานี,อด 0033.1/380/2568 ลงวันที่ 26 สิงหาคม 2568,,,,2026-05-14 17:43:14,System,,,,,,COMPANY,,TRUE,TOTAL,UDH-01320
1325,PRINTER INKJET AIO,EPSON,L5290,X8H2029104,ตึก 69 ปี,3,หอผู้ป่วยออร์โธปิดิกส์ชาย,,ออร์โธปิดิกส์,Active,โรงพยาบาลศูนย์อุดรธานี,อด 0033.1/380/2568 ลงวันที่ 26 สิงหาคม 2568,,,,2026-05-17 21:43:43,nikorn2527@gmail.com,,,,,,COMPANY,,TRUE,TOTAL,UDH-01321
1326,COPIER INKJET,EPSON,WF-C579R,X57A004768,ตึกผู้ป่วยนอก (OPD),6,แผนกบัญชี,,บริหาร/ยุทธศาสตร์,Active,โรงพยาบาลศูนย์อุดรธานี,อด 0033.1/380/2568 ลงวันที่ 26 สิงหาคม 2568,,,,2026-06-09 09:09:24,admin,,,,,,COMPANY,,TRUE,TOTAL,UDH-01322
1327,PRINTER INKJET,EPSON,M3170,X5TT022698,ตึกผู้ป่วยนอก (OPD),6,สำนักงานผู้อำนวยการ,ห้องผู้อำนวยการ,บริหาร/ยุทธศาสตร์,Retired,โรงพยาบาลศูนย์อุดรธานี,อด 0033.1/380/2568 ลงวันที่ 26 สิงหาคม 2568,,,,2026-05-14 17:43:14,System,,,,,,COMPANY,,TRUE,TOTAL,UDH-01323
1328,PRINTER LASER,SAMSUNG,M4020ND,CNB3L1PSDT,ตึกผู้ป่วยนอก (OPD),6,กลุ่มงานการเงิน,,การเงิน,Active,โรงพยาบาลศูนย์อุดรธานี,อด 0033.1/380/2568 ลงวันที่ 26 สิงหาคม 2568,,,,2026-05-14 17:43:14,System,,,,,,COMPANY,,TRUE,TOTAL,UDH-01324
1329,PRINTER LASER,SAMSUNG,M4020ND,CNB3L3TV7V,ตึกผู้ป่วยนอก (OPD),6,กลุ่มงานการเงิน,,การเงิน,Retired,โรงพยาบาลศูนย์อุดรธานี,อด 0033.1/380/2568 ลงวันที่ 26 สิงหาคม 2568,,,,2026-05-14 17:43:14,System,,,,,,COMPANY,,TRUE,TOTAL,UDH-01325
1330,PRINTER LASER,HP,M402DN,PHCFB18608,ตึกผู้ป่วยนอก (OPD),6,กลุ่มงานการเงิน,,การเงิน,Active,โรงพยาบาลศูนย์อุดรธานี,อด 0033.1/380/2568 ลงวันที่ 26 สิงหาคม 2568,,,,2026-05-14 17:43:14,System,,,,,,COMPANY,,TRUE,TOTAL,UDH-01326
1331,PRINTER LASER,HP,M404DN,PHFXG18934,ตึกผู้ป่วยนอก (OPD),6,กลุ่มงานการเงิน,,การเงิน,Active,โรงพยาบาลศูนย์อุดรธานี,อด 0033.1/380/2568 ลงวันที่ 26 สิงหาคม 2568,,,,2026-05-14 17:43:14,System,,,,,,COMPANY,,TRUE,TOTAL,UDH-01327
1332,PRINTER LASER,OKI,B412DN,BW38048530C0,ตึกผู้ป่วยนอก (OPD),6,กลุ่มการพยาบาล,,เวชศาสตร์ป้องกันและชุมชน,Retired,โรงพยาบาลศูนย์อุดรธานี,อด 0033.1/380/2568 ลงวันที่ 26 สิงหาคม 2568,,,,2026-05-14 17:43:14,System,,,,,,COMPANY,,TRUE,TOTAL,UDH-01328
1333,PRINTER LASER,OKI,ES5112,BW21013717C0,ตึกผู้ป่วยนอก (OPD),6,กลุ่มการพยาบาล,,เวชศาสตร์ป้องกันและชุมชน,Active,โรงพยาบาลศูนย์อุดรธานี,อด 0033.1/380/2568 ลงวันที่ 26 สิงหาคม 2568,,,,2026-05-14 17:43:14,System,,,,,,COMPANY,,TRUE,TOTAL,UDH-01329
1334,PRINTER LASER,HP,M402DN,PHCFF06025,ตึกผู้ป่วยนอก (OPD),6,แผนกธุรการ,,บริหาร/ยุทธศาสตร์,Retired,โรงพยาบาลศูนย์อุดรธานี,อด 0033.1/380/2568 ลงวันที่ 26 สิงหาคม 2568,,,,2026-05-14 17:43:14,System,,,,,,COMPANY,,TRUE,TOTAL,UDH-01330
465,PRINTER THERMAL,HONEYWELL,PC42E-T,24339W0558,ตึกเชี่ยวชาญ,2,ห้องเตรียมยาเคมีบำบัด,,เภสัชกรรม,Active,โรงพยาบาลศูนย์อุดรธานี,อด 0033.1/380/2568 ลงวันที่ 26 สิงหาคม 2568,,,,2026-05-14 17:43:14,System,,,,,,COMPANY,,FALSE,TOTAL,UDH-00461
1336,PRINTER LASER,SAMSUNG,M4020ND,CNB3L1PSCZ,ตึกผู้ป่วยนอก (OPD),6,แผนกบัญชี,,บริหาร/ยุทธศาสตร์,Active,โรงพยาบาลศูนย์อุดรธานี,อด 0033.1/380/2568 ลงวันที่ 26 สิงหาคม 2568,,,,2026-05-14 17:43:14,System,,,,,,COMPANY,,TRUE,TOTAL,UDH-01332
1337,PRINTER LASER,SAMSUNG,M4020ND,CNB3L1PSD7,ตึกผู้ป่วยนอก (OPD),6,แผนกบัญชี,,บริหาร/ยุทธศาสตร์,Active,โรงพยาบาลศูนย์อุดรธานี,อด 0033.1/380/2568 ลงวันที่ 26 สิงหาคม 2568,,,,2026-05-14 17:43:14,System,,,,,,COMPANY,,TRUE,TOTAL,UDH-01333
1338,PRINTER LASER,HP,M404DN,PHFXG18860,ตึกผู้ป่วยนอก (OPD),6,งานสารบรรณ,,บริหาร/ยุทธศาสตร์,Active,โรงพยาบาลศูนย์อุดรธานี,อด 0033.1/380/2568 ลงวันที่ 26 สิงหาคม 2568,,,,2026-05-14 17:43:14,System,,,,,,COMPANY,,TRUE,TOTAL,UDH-01334
1339,PRINTER LASER AIO,HP,MFPM227FDN,VNH4303514,ตึกผู้ป่วยนอก (OPD),2,X-Ray Interrention,,รังสีวิทยา,In Stock,โรงพยาบาลศูนย์อุดรธานี,อด 0033.1/380/2568 ลงวันที่ 26 สิงหาคม 2568,,,,2026-07-09 15:29:58,nikorn2527@gmail.com,,,2026-07-03,2026-07-06,,COMPANY,,TRUE,TOTAL,UDH-01335
466,PRINTER THERMAL,ZEBRA,ZD421,D6J222613712,ตึกเชี่ยวชาญ,2,ห้องเตรียมยาเคมีบำบัด,,เภสัชกรรม,Active,โรงพยาบาลศูนย์อุดรธานี,อด 0033.1/380/2568 ลงวันที่ 26 สิงหาคม 2568,,,,2026-05-14 17:43:14,System,,,,,,COMPANY,,FALSE,TOTAL,UDH-00462
1341,PRINTER LASER,HP,M402DN,PHCFD06266,อาคารแพทย์แผนไทย,1,หอผู้ป่วยรวงผึ้ง,,จิตเวช,Active,โรงพยาบาลศูนย์อุดรธานี,อด 0033.1/380/2568 ลงวันที่ 26 สิงหาคม 2568,,,,2026-05-14 17:43:14,System,,,,,,COMPANY,,TRUE,TOTAL,UDH-01337
1342,SCANNERS,CANON,DR-C230,JA491949,ตึกผู้ป่วยนอก (OPD),6,แผนกธุรการ,,บริหาร/ยุทธศาสตร์,Active,โรงพยาบาลศูนย์อุดรธานี,อด 0033.1/380/2568 ลงวันที่ 26 สิงหาคม 2568,,,,2026-05-14 17:43:14,System,,,,,,COMPANY,,FALSE,TOTAL,UDH-01338
1343,SCANNERS,CANON,DR-S150,JU417510,ตึกผู้ป่วยนอก (OPD),5,กลุ่มงานทรัพยากรบุคคล,,บริหาร/ยุทธศาสตร์,Active,โรงพยาบาลศูนย์อุดรธานี,อด 0033.1/380/2568 ลงวันที่ 26 สิงหาคม 2568,,,,2026-06-24 11:00:48,nikorn2527@gmail.com,,,,,,COMPANY,,FALSE,TOTAL,UDH-01339
1344,SCANNERS,CANON,DR-C230,JA491948,ตึกผู้ป่วยนอก (OPD),6,งานสารบรรณ,,บริหาร/ยุทธศาสตร์,Active,โรงพยาบาลศูนย์อุดรธานี,อด 0033.1/380/2568 ลงวันที่ 26 สิงหาคม 2568,,,,2026-07-02 09:15:59,nikorn2527@gmail.com,,,,,,COMPANY,,FALSE,TOTAL,UDH-01340
1345,SCANNERS,CANON,DR-C230,JA491945,ตึกผู้ป่วยนอก (OPD),6,สำนักงานผู้อำนวยการ,ห้องผู้อำนวยการ,บริหาร/ยุทธศาสตร์,Active,โรงพยาบาลศูนย์อุดรธานี,อด 0033.1/380/2568 ลงวันที่ 26 สิงหาคม 2568,,,,2026-05-14 17:43:14,System,,,,,,COMPANY,,FALSE,TOTAL,UDH-01341
1346,PRINTER INKJET A4,EPSON,L3250,X8JVL55416,ตึกผู้ป่วยนอก (OPD),6,สำนักงานผู้อำนวยการ,หน้าห้อง,บริหาร/ยุทธศาสตร์,Active,โรงพยาบาลศูนย์อุดรธานี,อด 0033.1/380/2568 ลงวันที่ 26 สิงหาคม 2568,,,,2026-05-14 17:43:14,System,,,,,,COMPANY,,TRUE,TOTAL,UDH-01342
1347,BARCODE SCANNERS,ZEBRA,DS2208,S22149010552935,ตึกผู้ป่วยนอกเดิม,1,แผนกเวชกรรมสังคม,,เวชศาสตร์ป้องกันและชุมชน,Active,โรงพยาบาลศูนย์อุดรธานี,อด 0033.1/380/2568 ลงวันที่ 26 สิงหาคม 2568,,,,2026-05-14 17:43:14,System,,,,,,COMPANY,,FALSE,TOTAL,UDH-01343
467,PRINTER THERMAL,ZEBRA,ZD421,D6J222613581,ตึกเชี่ยวชาญ,2,ห้องเตรียมยาเคมีบำบัด,,เภสัชกรรม,Active,โรงพยาบาลศูนย์อุดรธานี,อด 0033.1/380/2568 ลงวันที่ 26 สิงหาคม 2568,,,,2026-05-14 17:43:14,System,,,,,,COMPANY,,FALSE,TOTAL,UDH-00463
470,SCANNERS,CANON,DR-C230,JA491989,ตึกเชี่ยวชาญ,2,ห้องเตรียมยาเคมีบำบัด,,เภสัชกรรม,Active,โรงพยาบาลศูนย์อุดรธานี,อด 0033.1/380/2568 ลงวันที่ 26 สิงหาคม 2568,,,,2026-05-14 17:43:14,System,,,,,,COMPANY,,FALSE,TOTAL,UDH-00466
471,SCANNERS,CANON,DR-C230,JA491919,ตึกเชี่ยวชาญ,2,ห้องเตรียมยาเคมีบำบัด,,เภสัชกรรม,Active,โรงพยาบาลศูนย์อุดรธานี,อด 0033.1/380/2568 ลงวันที่ 26 สิงหาคม 2568,,,,2026-05-14 17:43:14,System,,,,,,COMPANY,,FALSE,TOTAL,UDH-00467
472,SCANNERS,CANON,DR-C230,JA491757,ตึกเชี่ยวชาญ,2,ห้องเตรียมยาเคมีบำบัด,,เภสัชกรรม,Active,โรงพยาบาลศูนย์อุดรธานี,อด 0033.1/380/2568 ลงวันที่ 26 สิงหาคม 2568,,,,2026-05-14 17:43:14,System,,,,,,COMPANY,,FALSE,TOTAL,UDH-00468
1129,PRINTER THERMAL,ZEBRA,ZD421,D6J222613765,ตึกเชี่ยวชาญ,2,ห้องเตรียมยาเคมีบำบัด,,เภสัชกรรม,Active,โรงพยาบาลศูนย์อุดรธานี,อด 0033.1/380/2568 ลงวันที่ 26 สิงหาคม 2568,,,,2026-05-14 17:43:14,System,,,,,,COMPANY,,FALSE,TOTAL,UDH-01125
2093,PRINTER THERMAL,ZEBRA,ZD421,D6J222702196,ตึกเชี่ยวชาญ,2,ห้องเตรียมยาเคมีบำบัด,,เภสัชกรรม,Active,โรงพยาบาลศูนย์อุดรธานี,อด 0033.1/380/2568 ลงวันที่ 26 สิงหาคม 2568,,,,2026-05-14 17:43:14,System,,,,,,COMPANY,,FALSE,TOTAL,UDH-02067
2102,PRINTER LASER,BROTHER,HL-L5210DN,E81695J5N771943,ตึกเชี่ยวชาญ,2,ห้องเตรียมยาเคมีบำบัด,,เภสัชกรรม,Active,โรงพยาบาลศูนย์อุดรธานี,อด 0033.1/380/2568 ลงวันที่ 26 สิงหาคม 2568,,,,2026-05-14 17:43:14,System,,,,,,COMPANY,,TRUE,TOTAL,UDH-02076
2214,PRINTER LASER,BROTHER,HL-L5210DN,E81695J5N769267,ตึกเชี่ยวชาญ,2,ห้องเตรียมยาเคมีบำบัด,,เภสัชกรรม,Active,โรงพยาบาลศูนย์อุดรธานี,อด 0033.1/380/2568 ลงวันที่ 26 สิงหาคม 2568,,,,2026-05-14 17:43:14,System,,,,,,COMPANY,,TRUE,TOTAL,UDH-02185
423,PRINTER INKJET AIO,EPSON,L5290,X8H2029421,ตึกเชี่ยวชาญ,2,ห้องธุรการคลินิกเฉพาะทางมะเร็ง,,มะเร็งวิทยา,Active,โรงพยาบาลศูนย์อุดรธานี,อด 0033.1/380/2568 ลงวันที่ 26 สิงหาคม 2568,,,,2026-05-14 17:43:14,System,,,,,,COMPANY,,TRUE,TOTAL,UDH-00419
439,PRINTER LASER,HP,M404DN,PHFXG18900,ตึกเชี่ยวชาญ,2,ห้องธุรการคลินิกเฉพาะทางมะเร็ง,,มะเร็งวิทยา,Active,โรงพยาบาลศูนย์อุดรธานี,อด 0033.1/380/2568 ลงวันที่ 26 สิงหาคม 2568,,,,2026-05-14 17:43:14,System,,,,,,COMPANY,,TRUE,TOTAL,UDH-00435
442,PRINTER LASER,SAMSUNG,M4020ND,CNB3L1PSDQ,ตึกเชี่ยวชาญ,2,ห้องบัตร,คลินิกเฉพาะทางมะเร็ง,เวชระเบียน,Retired,โรงพยาบาลศูนย์อุดรธานี,อด 0033.1/380/2568 ลงวันที่ 26 สิงหาคม 2568,,,,2026-05-14 17:43:14,System,,,,,,COMPANY,,TRUE,TOTAL,UDH-00438
457,PRINTER THERMAL,ZEBRA,ZD421,D6J222702188,ตึกเชี่ยวชาญ,2,ห้องบัตร,คลินิกเฉพาะทางมะเร็ง,เวชระเบียน,Active,โรงพยาบาลศูนย์อุดรธานี,อด 0033.1/380/2568 ลงวันที่ 26 สิงหาคม 2568,,,,2026-05-14 17:43:14,System,,,,,,COMPANY,,FALSE,TOTAL,UDH-00453
1086,PRINTER LASER,SAMSUNG,M4020ND,CNB3L3WSRQ,ตึกเชี่ยวชาญ,2,ห้องบัตร,คลินิกเฉพาะทางมะเร็ง,เวชระเบียน,Retired,โรงพยาบาลศูนย์อุดรธานี,อด 0033.1/380/2568 ลงวันที่ 26 สิงหาคม 2568,,,,2026-05-14 17:43:14,nikorn2527@gmail.com,,,,,,COMPANY,,TRUE,TOTAL,UDH-01082
2236,PRINTER LASER,BROTHER,HL-L5210DN,E81695J5N769387,ตึกเชี่ยวชาญ,2,ห้องบัตร,คลินิกเฉพาะทางมะเร็ง,เวชระเบียน,Active,โรงพยาบาลศูนย์อุดรธานี,อด 0033.1/380/2568 ลงวันที่ 26 สิงหาคม 2568,,,,2026-07-02 12:40:38,nikorn2527@gmail.com,,,2026-06-01,,,COMPANY,,TRUE,TOTAL,UDH-02206
651,PRINTER INKJET AIO,EPSON,L5290,X8H2028188,ตึกผู้ป่วยนอกเดิม,1,ห้องบัตร,คลินิกเบาหวาน,เวชระเบียน,Active,โรงพยาบาลศูนย์อุดรธานี,อด 0033.1/380/2568 ลงวันที่ 26 สิงหาคม 2568,,,,2026-05-14 17:43:14,System,,,,,,COMPANY,,TRUE,TOTAL,UDH-00647
1373,BARCODE SCANNERS,ZEBRA,DS2208,S22149010555116,ตึกผู้ป่วยนอกเดิม,1,ห้องบัตร,คลินิกเบาหวาน,เวชระเบียน,Active,โรงพยาบาลศูนย์อุดรธานี,อด 0033.1/380/2568 ลงวันที่ 26 สิงหาคม 2568,,,,2026-05-14 17:43:14,System,,,,,,COMPANY,,FALSE,TOTAL,UDH-01369
1374,BARCODE SCANNERS,ZEBRA,DS2208,S22150010551669,ตึกผู้ป่วยนอกเดิม,1,ห้องบัตร,คลินิกเบาหวาน,เวชระเบียน,Active,โรงพยาบาลศูนย์อุดรธานี,อด 0033.1/380/2568 ลงวันที่ 26 สิงหาคม 2568,,,,2026-05-14 17:43:14,System,,,,,,COMPANY,,FALSE,TOTAL,UDH-01370
1411,PRINTER LASER,SAMSUNG,M4020ND,CNB3L3TVFR,ตึกผู้ป่วยนอกเดิม,1,ห้องบัตร,คลินิกเบาหวาน,เวชระเบียน,Active,โรงพยาบาลศูนย์อุดรธานี,อด 0033.1/380/2568 ลงวันที่ 26 สิงหาคม 2568,,,,2026-05-14 17:43:14,System,,,,,,COMPANY,,TRUE,TOTAL,UDH-01407
1412,PRINTER LASER,SAMSUNG,M4020ND,CNB3L3WSL1,ตึกผู้ป่วยนอกเดิม,1,ห้องบัตร,คลินิกเบาหวาน,เวชระเบียน,Active,โรงพยาบาลศูนย์อุดรธานี,อด 0033.1/380/2568 ลงวันที่ 26 สิงหาคม 2568,,,,2026-05-14 17:43:14,System,,,,,,COMPANY,,TRUE,TOTAL,UDH-01408
1413,PRINTER LASER,SAMSUNG,M4020ND,CNB3L3WSS9,ตึกผู้ป่วยนอกเดิม,1,ห้องบัตร,คลินิกเบาหวาน,เวชระเบียน,Active,โรงพยาบาลศูนย์อุดรธานี,อด 0033.1/380/2568 ลงวันที่ 26 สิงหาคม 2568,,,,2026-05-14 17:43:14,System,,,,,,COMPANY,,TRUE,TOTAL,UDH-01409
1414,PRINTER LASER,SAMSUNG,M4020ND,CNB3L3WST5,ตึกผู้ป่วยนอกเดิม,1,ห้องบัตร,คลินิกเบาหวาน,เวชระเบียน,Retired,โรงพยาบาลศูนย์อุดรธานี,อด 0033.1/380/2568 ลงวันที่ 26 สิงหาคม 2568,,,,2026-05-28 17:44:23,nikorn2527@gmail.com,,,,,,COMPANY,,TRUE,TOTAL,UDH-01410
1463,PRINTER THERMAL,ZEBRA,ZD421,D6J222614747,ตึกผู้ป่วยนอกเดิม,1,ห้องบัตร,คลินิกเบาหวาน,เวชระเบียน,Active,โรงพยาบาลศูนย์อุดรธานี,อด 0033.1/380/2568 ลงวันที่ 26 สิงหาคม 2568,,,,2026-05-14 17:43:14,System,,,,,,COMPANY,,FALSE,TOTAL,UDH-01459
1464,PRINTER THERMAL,ZEBRA,ZD421,D6J222613597,ตึกผู้ป่วยนอกเดิม,1,ห้องบัตร,คลินิกเบาหวาน,เวชระเบียน,Active,โรงพยาบาลศูนย์อุดรธานี,อด 0033.1/380/2568 ลงวันที่ 26 สิงหาคม 2568,,,,2026-05-14 17:43:14,System,,,,,,COMPANY,,FALSE,TOTAL,UDH-01460
1467,SCANNERS,CANON,DR-C230,JA491959,ตึกผู้ป่วยนอกเดิม,1,ห้องบัตร,คลินิกเบาหวาน,เวชระเบียน,Retired,โรงพยาบาลศูนย์อุดรธานี,อด 0033.1/380/2568 ลงวันที่ 26 สิงหาคม 2568,,,,2026-06-12 13:39:09,nikorn2527@gmail.com,,,,,,COMPANY,,FALSE,TOTAL,UDH-01463
1372,BARCODE SCANNERS,ZEBRA,DS2208,S22178010553507,ตึกผู้ป่วยนอกเดิม,1,เวชระเบียนใน,ห้องบัตร GP,เวชระเบียน,Active,โรงพยาบาลศูนย์อุดรธานี,อด 0033.1/380/2568 ลงวันที่ 26 สิงหาคม 2568,,,,2026-05-14 17:43:14,System,,,,,,COMPANY,,FALSE,TOTAL,UDH-01368
1468,SCANNERS,CANON,DR-C230,JA491937,ตึกผู้ป่วยนอกเดิม,1,ห้องบัตร,คลินิกเบาหวาน,เวชระเบียน,Active,โรงพยาบาลศูนย์อุดรธานี,อด 0033.1/380/2568 ลงวันที่ 26 สิงหาคม 2568,,,,2026-05-14 17:43:14,System,,,,,,COMPANY,,FALSE,TOTAL,UDH-01464
1465,PRINTER THERMAL,ZEBRA,ZD421,D6J222700859,ตึกผู้ป่วยนอกเดิม,1,ห้องบัตร,นภาคลินิก,เวชระเบียน,Active,โรงพยาบาลศูนย์อุดรธานี,อด 0033.1/380/2568 ลงวันที่ 26 สิงหาคม 2568,,,,2026-05-14 17:43:14,System,,,,,,COMPANY,,FALSE,TOTAL,UDH-01461
1375,PRINTER INKJET AIO,EPSON,L5290,X8H2029234,ตึกผู้ป่วยนอกเดิม,1,ICU ศัลยกรรม 2,,ICU/วิกฤต,Active,โรงพยาบาลศูนย์อุดรธานี,อด 0033.1/380/2568 ลงวันที่ 26 สิงหาคม 2568,,,,2026-05-14 17:43:14,System,,,,,,COMPANY,,TRUE,TOTAL,UDH-01371
1376,PRINTER INKJET AIO,EPSON,L5290,X8H2029607,ตึกผู้ป่วยนอกเดิม,1,ICU ศัลยกรรม 2,,ICU/วิกฤต,Active,โรงพยาบาลศูนย์อุดรธานี,อด 0033.1/380/2568 ลงวันที่ 26 สิงหาคม 2568,,,,2026-05-14 17:43:14,System,,,,,,COMPANY,,TRUE,TOTAL,UDH-01372
1377,PRINTER INKJET AIO,EPSON,L5290,X8H2029626,ตึกผู้ป่วยนอกเดิม,1,คลินิกส่งเสริมการมีบุตร,,สูตินรีเวชกรรม,Active,โรงพยาบาลศูนย์อุดรธานี,อด 0033.1/380/2568 ลงวันที่ 26 สิงหาคม 2568,,,,2026-05-14 17:43:14,System,,,,,,COMPANY,,TRUE,TOTAL,UDH-01373
1378,PRINTER INKJET AIO,EPSON,L5290,X8H2029618,ตึกผู้ป่วยนอกเดิม,1,คลินิกส่งเสริมการมีบุตร,,สูตินรีเวชกรรม,Active,โรงพยาบาลศูนย์อุดรธานี,อด 0033.1/380/2568 ลงวันที่ 26 สิงหาคม 2568,,,,2026-05-14 17:43:14,System,,,,,,COMPANY,,TRUE,TOTAL,UDH-01374
1379,PRINTER INKJET AIO,EPSON,L5290,X8H2027567,ตึกสูตินรีเวช,2,ศัลยกรรม 2,,,Active,โรงพยาบาลศูนย์อุดรธานี,อด 0033.1/380/2568 ลงวันที่ 26 สิงหาคม 2568,,,,2026-07-24 13:01:31,nikorn2527@gmail.com,,,2026-07-24,,,COMPANY,,TRUE,TOTAL,UDH-01375
1380,PRINTER INKJET AIO,EPSON,L5290,X8H2028236,ตึกผู้ป่วยนอกเดิม,1,ศูนย์เทคโนโยยีการเจริญพันธุ์,,สูตินรีเวชกรรม,Active,โรงพยาบาลศูนย์อุดรธานี,อด 0033.1/380/2568 ลงวันที่ 26 สิงหาคม 2568,,,,2026-05-14 17:43:14,System,,,,,,COMPANY,,TRUE,TOTAL,UDH-01376
1381,PRINTER INKJET AIO,EPSON,L5290,X8H2029067,ตึกผู้ป่วยนอกเดิม,1,แผนกการพยาบาลชุมชม,,เวชศาสตร์ป้องกันและชุมชน,Active,โรงพยาบาลศูนย์อุดรธานี,อด 0033.1/380/2568 ลงวันที่ 26 สิงหาคม 2568,,,,2026-05-14 17:43:14,System,,,,,,COMPANY,,TRUE,TOTAL,UDH-01377
1382,PRINTER INKJET AIO,EPSON,L5290,X8H2028217,ตึกผู้ป่วยนอกเดิม,1,แผนกการพยาบาลชุมชม,,เวชศาสตร์ป้องกันและชุมชน,Active,โรงพยาบาลศูนย์อุดรธานี,อด 0033.1/380/2568 ลงวันที่ 26 สิงหาคม 2568,,,,2026-05-14 17:43:14,System,,,,,,COMPANY,,TRUE,TOTAL,UDH-01378
1383,PRINTER INKJET,EPSON,M3170,X5TT013308,ตึก 69 ปี,2,หอผู้ป่วยตา หู คอ จมูก ชาย,,โสต ศอ นาสิกแพทย์ และจักษุแพทย์,Active,โรงพยาบาลศูนย์อุดรธานี,อด 0033.1/380/2568 ลงวันที่ 26 สิงหาคม 2568,,,,2026-05-21 07:17:52,nikorn2527@gmail.com,,,,,,COMPANY,,TRUE,TOTAL,UDH-01379
1384,PRINTER INKJET,EPSON,M3170,X5TT006788,ตึกผู้ป่วยนอกเดิม,1,หน่วยงานราชการสะดวก,,บริหาร/ยุทธศาสตร์,Retired,โรงพยาบาลศูนย์อุดรธานี,อด 0033.1/380/2568 ลงวันที่ 26 สิงหาคม 2568,,,,2026-05-14 17:43:14,System,,,,,,COMPANY,,TRUE,TOTAL,UDH-01380
1385,PRINTER INKJET AIO,EPSON,L5290,X8H2029176,ตึกผู้ป่วยนอกเดิม,1,หน่วยงานราชการสะดวก,,บริหาร/ยุทธศาสตร์,Active,โรงพยาบาลศูนย์อุดรธานี,อด 0033.1/380/2568 ลงวันที่ 26 สิงหาคม 2568,,,,2026-05-14 17:43:14,System,,,,,,COMPANY,,TRUE,TOTAL,UDH-01381
1386,PRINTER INKJET AIO,EPSON,L5290,X8H2029163,ตึกผู้ป่วยนอกเดิม,1,หน่วยงานราชการสะดวก,,บริหาร/ยุทธศาสตร์,Active,โรงพยาบาลศูนย์อุดรธานี,อด 0033.1/380/2568 ลงวันที่ 26 สิงหาคม 2568,,,,2026-05-14 17:43:14,System,,,,,,COMPANY,,TRUE,TOTAL,UDH-01382
1387,PRINTER INKJET AIO,EPSON,L5290,X8H2029639,ตึกผู้ป่วยนอกเดิม,1,หน่วยงานราชการสะดวก,,บริหาร/ยุทธศาสตร์,Active,โรงพยาบาลศูนย์อุดรธานี,อด 0033.1/380/2568 ลงวันที่ 26 สิงหาคม 2568,,,,2026-05-14 17:43:14,System,,,,,,COMPANY,,TRUE,TOTAL,UDH-01383
2184,PRINTER LASER,BROTHER,HL-L5210DN,E81695J5N769341,ตึกผู้ป่วยนอกเดิม,1,ห้องบัตร,นภาคลินิก,เวชระเบียน,Active,โรงพยาบาลศูนย์อุดรธานี,อด 0033.1/380/2568 ลงวันที่ 26 สิงหาคม 2568,,,,2026-05-14 17:43:14,System,,,,,,COMPANY,,TRUE,TOTAL,UDH-02155
1562,BARCODE SCANNERS,ZEBRA,DS2208,S22149010555297,หลังโรงพยาบาลอุดรธานี,1,ห้องบัตร,ARI Clinic,เวชระเบียน,Active,โรงพยาบาลศูนย์อุดรธานี,อด 0033.1/380/2568 ลงวันที่ 26 สิงหาคม 2568,,,,2026-05-14 17:43:14,System,,,,,,COMPANY,,FALSE,TOTAL,UDH-01558
1563,BARCODE SCANNERS,ZEBRA,DS2208,S22150010551658,หลังโรงพยาบาลอุดรธานี,1,ห้องบัตร,ARI Clinic,เวชระเบียน,Active,โรงพยาบาลศูนย์อุดรธานี,อด 0033.1/380/2568 ลงวันที่ 26 สิงหาคม 2568,,,,2026-05-14 17:43:14,System,,,,,,COMPANY,,FALSE,TOTAL,UDH-01559
1565,SCANNERS,CANON,DR-C230,JA491925,หลังโรงพยาบาลอุดรธานี,1,ห้องบัตร,ARI Clinic,เวชระเบียน,Active,โรงพยาบาลศูนย์อุดรธานี,อด 0033.1/380/2568 ลงวันที่ 26 สิงหาคม 2568,,,,2026-05-14 17:43:14,System,,,,,,COMPANY,,FALSE,TOTAL,UDH-01561
849,PRINTER INKJET,EPSON,M3170,X5TT010666,ตึกผู้ป่วยนอก (OPD),2,ห้องบัตร,,เวชระเบียน,Retired,โรงพยาบาลศูนย์อุดรธานี,อด 0033.1/380/2568 ลงวันที่ 26 สิงหาคม 2568,,,,2026-05-14 17:43:14,System,,,,,,COMPANY,,TRUE,TOTAL,UDH-00845
598,BARCODE SCANNERS,ZEBRA,DS2208,S22149010555317,ตึกผู้ป่วยนอก (OPD),1,OPD ศัลยกรรม,จุดซักประวัติ,ศัลยกรรม,Active,โรงพยาบาลศูนย์อุดรธานี,อด 0033.1/380/2568 ลงวันที่ 26 สิงหาคม 2568,,,,2026-05-14 17:43:14,System,,,,,,COMPANY,,FALSE,TOTAL,UDH-00594
1394,PRINTER INKJET AIO,EPSON,L5290,X8H2029100,ตึกผู้ป่วยนอกเดิม,1,หน่วยงานชีวาดี,,เวชศาสตร์ป้องกันและชุมชน,Active,โรงพยาบาลศูนย์อุดรธานี,อด 0033.1/380/2568 ลงวันที่ 26 สิงหาคม 2568,,,,2026-05-14 17:43:14,System,,,,,,COMPANY,,TRUE,TOTAL,UDH-01390
1395,PRINTER INKJET AIO,EPSON,L5290,X8H2029615,ตึกผู้ป่วยนอกเดิม,1,คลินิกศัลยกรรมประสาท,,ศัลยกรรมประสาท,Active,โรงพยาบาลศูนย์อุดรธานี,อด 0033.1/380/2568 ลงวันที่ 26 สิงหาคม 2568,,,,2026-05-14 17:43:14,System,,,,,,COMPANY,,TRUE,TOTAL,UDH-01391
1396,PRINTER INKJET AIO,EPSON,L5290,X8H2029599,ตึกผู้ป่วยนอกเดิม,1,คลินิกศัลยกรรมประสาท,,ศัลยกรรมประสาท,Active,โรงพยาบาลศูนย์อุดรธานี,อด 0033.1/380/2568 ลงวันที่ 26 สิงหาคม 2568,,,,2026-05-14 17:43:14,System,,,,,,COMPANY,,TRUE,TOTAL,UDH-01392
850,PRINTER INKJET A4,EPSON,L3250,X8JVL55405,ตึกผู้ป่วยนอก (OPD),2,ห้องบัตร,,เวชระเบียน,Retired,โรงพยาบาลศูนย์อุดรธานี,อด 0033.1/380/2568 ลงวันที่ 26 สิงหาคม 2568,,,,2026-05-14 17:43:14,System,,,,,,COMPANY,,TRUE,TOTAL,UDH-00846
879,PRINTER LASER,SAMSUNG,M4020ND,CNB3L1PSDD,ตึกผู้ป่วยนอก (OPD),2,ห้องบัตร,จุดบริการ 3,เวชระเบียน,Active,โรงพยาบาลศูนย์อุดรธานี,อด 0033.1/380/2568 ลงวันที่ 26 สิงหาคม 2568,,,,2026-05-14 17:43:14,System,,,,,,COMPANY,,TRUE,TOTAL,UDH-00875
1399,PRINTER INKJET AIO,EPSON,L5290,X8H2029169,ตึกสูตินรีเวช,2,ศัลยกรรม 2,,ศัลยกรรม,Active,โรงพยาบาลศูนย์อุดรธานี,อด 0033.1/380/2568 ลงวันที่ 26 สิงหาคม 2568,,,,2026-05-14 17:43:14,System,,,,,,COMPANY,,TRUE,TOTAL,UDH-01395
1400,PRINTER INKJET AIO,EPSON,L5290,X8H2028226,ตึกผู้ป่วยนอกเดิม,1,สำนักงานตรวจสอบสิทธิ์ (สสร.),,กลุ่มงานประกันสุขภาพ,Active,โรงพยาบาลศูนย์อุดรธานี,อด 0033.1/380/2568 ลงวันที่ 26 สิงหาคม 2568,,,,2026-05-14 17:43:14,System,,,,,,COMPANY,,TRUE,TOTAL,UDH-01396
1401,PRINTER INKJET AIO,EPSON,L5290,X8H2029168,ตึกผู้ป่วยนอกเดิม,1,สำนักงานตรวจสอบสิทธิ์ (สสร.),,กลุ่มงานประกันสุขภาพ,Active,โรงพยาบาลศูนย์อุดรธานี,อด 0033.1/380/2568 ลงวันที่ 26 สิงหาคม 2568,,,,2026-05-14 17:43:14,System,,,,,,COMPANY,,TRUE,TOTAL,UDH-01397
1402,PRINTER INKJET AIO,EPSON,L5290,X8H2027124,ตึกผู้ป่วยนอกเดิม,1,สำนักงานตรวจสอบสิทธิ์ (สสร.),,กลุ่มงานประกันสุขภาพ,Active,โรงพยาบาลศูนย์อุดรธานี,อด 0033.1/380/2568 ลงวันที่ 26 สิงหาคม 2568,,,,2026-05-14 17:43:14,System,,,,,,COMPANY,,TRUE,TOTAL,UDH-01398
1403,PRINTER INKJET AIO,EPSON,L5290,X8H2029137,ตึกผู้ป่วยนอกเดิม,1,สำนักงานตรวจสอบสิทธิ์ (สสร.),,กลุ่มงานประกันสุขภาพ,Active,โรงพยาบาลศูนย์อุดรธานี,อด 0033.1/380/2568 ลงวันที่ 26 สิงหาคม 2568,,,,2026-05-14 17:43:14,System,,,,,,COMPANY,,TRUE,TOTAL,UDH-01399
880,PRINTER LASER,HP,M404DN,PHFXG18949,ตึกผู้ป่วยนอก (OPD),2,ห้องบัตร,,เวชระเบียน,Active,โรงพยาบาลศูนย์อุดรธานี,อด 0033.1/380/2568 ลงวันที่ 26 สิงหาคม 2568,,,,2026-05-14 17:43:14,System,,,,,,COMPANY,,TRUE,TOTAL,UDH-00876
1405,PRINTER LASER,SAMSUNG,M2835DW,CNB2L9SZ72,ตึกผู้ป่วยนอก (OPD),6,แผนกธุรการ,,บริหาร/ยุทธศาสตร์,Retired,โรงพยาบาลศูนย์อุดรธานี,อด 0033.1/380/2568 ลงวันที่ 26 สิงหาคม 2568,,,,2026-05-14 17:43:14,System,,,,,,COMPANY,,TRUE,TOTAL,UDH-01401
883,PRINTER THERMAL,ZEBRA,ZD421,D6J222614803,ตึกผู้ป่วยนอก (OPD),2,ห้องบัตร,,เวชระเบียน,Active,โรงพยาบาลศูนย์อุดรธานี,อด 0033.1/380/2568 ลงวันที่ 26 สิงหาคม 2568,,,,2026-05-14 17:43:14,System,,,,,,COMPANY,,FALSE,TOTAL,UDH-00879
1407,PRINTER LASER,SAMSUNG,M4020ND,CNB3L3WSR7,ตึกผู้ป่วยนอกเดิม,1,คลินิกศัลยกรรมประสาท,,ศัลยกรรมประสาท,Retired,โรงพยาบาลศูนย์อุดรธานี,อด 0033.1/380/2568 ลงวันที่ 26 สิงหาคม 2568,,,,2026-05-14 17:43:14,System,,,,,,COMPANY,,TRUE,TOTAL,UDH-01403
1408,PRINTER LASER,SAMSUNG,M4020ND,CNB3L3WSRH,ตึกผู้ป่วยนอกเดิม,1,คลินิกศัลยกรรมประสาท,,ศัลยกรรมประสาท,Active,โรงพยาบาลศูนย์อุดรธานี,อด 0033.1/380/2568 ลงวันที่ 26 สิงหาคม 2568,,,,2026-05-14 17:43:14,System,,,,,,COMPANY,,TRUE,TOTAL,UDH-01404
599,BARCODE SCANNERS,ZEBRA,DS2208,S22150010551647,ตึกผู้ป่วยนอก (OPD),1,OPD ศัลยกรรม,จุดซักประวัติ,ศัลยกรรม,Active,โรงพยาบาลศูนย์อุดรธานี,อด 0033.1/380/2568 ลงวันที่ 26 สิงหาคม 2568,,,,2026-05-14 17:43:14,System,,,,,,COMPANY,,FALSE,TOTAL,UDH-00595
955,PRINTER THERMAL,ZEBRA,ZD421,D6J222613538,ตึกผู้ป่วยนอก (OPD),2,ห้องบัตร,,เวชระเบียน,Active,โรงพยาบาลศูนย์อุดรธานี,อด 0033.1/380/2568 ลงวันที่ 26 สิงหาคม 2568,,,,2026-05-14 17:43:14,System,,,,,,COMPANY,,FALSE,TOTAL,UDH-00951
956,PRINTER THERMAL,ZEBRA,ZD421,D6J222613630,ตึกผู้ป่วยนอก (OPD),2,ห้องบัตร,,เวชระเบียน,Active,โรงพยาบาลศูนย์อุดรธานี,อด 0033.1/380/2568 ลงวันที่ 26 สิงหาคม 2568,,,,2026-05-14 17:43:14,System,,,,,,COMPANY,,FALSE,TOTAL,UDH-00952
973,SCANNERS,CANON,DR-C230,JA491767,ตึกผู้ป่วยนอก (OPD),2,ห้องบัตร,,เวชระเบียน,Active,โรงพยาบาลศูนย์อุดรธานี,อด 0033.1/380/2568 ลงวันที่ 26 สิงหาคม 2568,,,,2026-05-14 17:43:14,System,,,,,,COMPANY,,FALSE,TOTAL,UDH-00969
974,SCANNERS,CANON,DR-C230,JA491912,ตึกผู้ป่วยนอก (OPD),2,ห้องบัตร,,เวชระเบียน,Active,โรงพยาบาลศูนย์อุดรธานี,อด 0033.1/380/2568 ลงวันที่ 26 สิงหาคม 2568,,,,2026-05-14 17:43:14,System,,,,,,COMPANY,,FALSE,TOTAL,UDH-00970
975,SCANNERS,CANON,DR-C230,JA491967,ตึกผู้ป่วยนอก (OPD),2,ห้องบัตร,,เวชระเบียน,Active,โรงพยาบาลศูนย์อุดรธานี,อด 0033.1/380/2568 ลงวันที่ 26 สิงหาคม 2568,,,,2026-05-14 17:43:14,System,,,,,,COMPANY,,FALSE,TOTAL,UDH-00971
1415,PRINTER LASER,SAMSUNG,M4020ND,CNB3L3WSTF,ตึกผู้ป่วยนอก (OPD),1,ER,จุดคัดกรอง,อุบัติเหตุและฉุกเฉิน,Retired,โรงพยาบาลศูนย์อุดรธานี,อด 0033.1/380/2568 ลงวันที่ 26 สิงหาคม 2568,,,,2026-05-14 17:43:14,System,,,,,,COMPANY,,TRUE,TOTAL,UDH-01411
1416,PRINTER LASER,SAMSUNG,M4020ND,CNB3L3WSWH,ตึกผู้ป่วยนอกเดิม,1,คลินิกฝั่งเข็ม,,แพทย์แผนไทยและการแพทย์ทางเลือก,Retired,โรงพยาบาลศูนย์อุดรธานี,อด 0033.1/380/2568 ลงวันที่ 26 สิงหาคม 2568,,,,2026-05-14 17:43:14,System,,,,,,COMPANY,,TRUE,TOTAL,UDH-01412
977,SCANNERS,CANON,DR-C230,JA491954,ตึกผู้ป่วยนอก (OPD),2,ห้องบัตร,,เวชระเบียน,Retired,โรงพยาบาลศูนย์อุดรธานี,อด 0033.1/380/2568 ลงวันที่ 26 สิงหาคม 2568,,,,2026-06-12 13:39:09,nikorn2527@gmail.com,,,,,,COMPANY,,FALSE,TOTAL,UDH-00973
1418,PRINTER LASER,HP,M402DN,PHCFD06248,ตึกผู้ป่วยนอกเดิม,1,สำนักงานตรวจสอบสิทธิ์ (สสร.),,กลุ่มงานประกันสุขภาพ,Retired,โรงพยาบาลศูนย์อุดรธานี,อด 0033.1/380/2568 ลงวันที่ 26 สิงหาคม 2568,,,,2026-05-14 17:43:14,System,,,,,,COMPANY,,TRUE,TOTAL,UDH-01414
1419,PRINTER LASER,SAMSUNG,M4020ND,CNB3KD4GJJ,ตึกผู้ป่วยนอกเดิม,1,สำนักงานตรวจสอบสิทธิ์ (สสร.),,กลุ่มงานประกันสุขภาพ,Retired,โรงพยาบาลศูนย์อุดรธานี,อด 0033.1/380/2568 ลงวันที่ 26 สิงหาคม 2568,,,,2026-05-14 17:43:14,System,,,,,,COMPANY,,TRUE,TOTAL,UDH-01415
1420,PRINTER LASER,SAMSUNG,M4020ND,CNB3L1PSDG,ตึกผู้ป่วยนอกเดิม,1,สำนักงานตรวจสอบสิทธิ์ (สสร.),,กลุ่มงานประกันสุขภาพ,Retired,โรงพยาบาลศูนย์อุดรธานี,อด 0033.1/380/2568 ลงวันที่ 26 สิงหาคม 2568,,,,2026-05-14 17:43:14,System,,,,,,COMPANY,,TRUE,TOTAL,UDH-01416
1421,PRINTER LASER,SAMSUNG,M4020ND,CNB3L3WSRP,ตึกผู้ป่วยนอกเดิม,1,สำนักงานตรวจสอบสิทธิ์ (สสร.),,กลุ่มงานประกันสุขภาพ,Active,โรงพยาบาลศูนย์อุดรธานี,อด 0033.1/380/2568 ลงวันที่ 26 สิงหาคม 2568,,,,2026-05-14 17:43:14,System,,,,,,COMPANY,,TRUE,TOTAL,UDH-01417
1422,PRINTER LASER,SAMSUNG,M4020ND,CNB3L3WSRZ,ตึกผู้ป่วยนอกเดิม,1,สำนักงานตรวจสอบสิทธิ์ (สสร.),,กลุ่มงานประกันสุขภาพ,Retired,โรงพยาบาลศูนย์อุดรธานี,อด 0033.1/380/2568 ลงวันที่ 26 สิงหาคม 2568,,,,2026-05-14 17:43:14,System,,,,,,COMPANY,,TRUE,TOTAL,UDH-01418
1423,PRINTER LASER,SAMSUNG,M4020ND,CNB3L3WST6,ตึกผู้ป่วยนอกเดิม,1,สำนักงานตรวจสอบสิทธิ์ (สสร.),,กลุ่มงานประกันสุขภาพ,Retired,โรงพยาบาลศูนย์อุดรธานี,อด 0033.1/380/2568 ลงวันที่ 26 สิงหาคม 2568,,,,2026-05-14 17:43:14,System,,,,,,COMPANY,,TRUE,TOTAL,UDH-01419
1424,PRINTER LASER,SAMSUNG,M4020ND,CNB3L3WSXX,ตึกผู้ป่วยนอกเดิม,1,สำนักงานตรวจสอบสิทธิ์ (สสร.),,กลุ่มงานประกันสุขภาพ,Active,โรงพยาบาลศูนย์อุดรธานี,อด 0033.1/380/2568 ลงวันที่ 26 สิงหาคม 2568,,,,2026-05-14 17:43:14,System,,,,,,COMPANY,,TRUE,TOTAL,UDH-01420
1425,PRINTER LASER,HP,M402DN,PHCFB18510,ตึกผู้ป่วยนอกเดิม,1,สำนักงานตรวจสอบสิทธิ์ (สสร.),,กลุ่มงานประกันสุขภาพ,Retired,โรงพยาบาลศูนย์อุดรธานี,อด 0033.1/380/2568 ลงวันที่ 26 สิงหาคม 2568,,,,2026-05-14 17:43:14,System,,,,,,COMPANY,,TRUE,TOTAL,UDH-01421
1426,PRINTER LASER,HP,M402DN,PHCFD06257,ตึกผู้ป่วยนอกเดิม,1,สำนักงานตรวจสอบสิทธิ์ (สสร.),,กลุ่มงานประกันสุขภาพ,Retired,โรงพยาบาลศูนย์อุดรธานี,อด 0033.1/380/2568 ลงวันที่ 26 สิงหาคม 2568,,,,2026-05-14 17:43:14,System,,,,,,COMPANY,,TRUE,TOTAL,UDH-01422
1427,PRINTER LASER,OKI,ES5112,BW21013615C0,ตึกผู้ป่วยนอกเดิม,1,สำนักงานตรวจสอบสิทธิ์ (สสร.),,กลุ่มงานประกันสุขภาพ,Active,โรงพยาบาลศูนย์อุดรธานี,อด 0033.1/380/2568 ลงวันที่ 26 สิงหาคม 2568,,,,2026-05-14 17:43:14,System,,,,,,COMPANY,,TRUE,TOTAL,UDH-01423
1428,PRINTER THERMAL,ZEBRA,ZD421,D6J222614640,ตึกผู้ป่วยนอกเดิม,1,คลินิกบำบัดยาเสพติด,,จิตเวช,Active,โรงพยาบาลศูนย์อุดรธานี,อด 0033.1/380/2568 ลงวันที่ 26 สิงหาคม 2568,,,,2026-05-14 17:43:14,System,,,,,,COMPANY,,FALSE,TOTAL,UDH-01424
600,BARCODE SCANNERS,ZEBRA,DS2208,S22150010551651,ตึกผู้ป่วยนอก (OPD),1,OPD ศัลยกรรม,จุดซักประวัติ,ศัลยกรรม,Active,โรงพยาบาลศูนย์อุดรธานี,อด 0033.1/380/2568 ลงวันที่ 26 สิงหาคม 2568,,,,2026-05-14 17:43:14,System,,,,,,COMPANY,,FALSE,TOTAL,UDH-00596
601,BARCODE SCANNERS,ZEBRA,DS2208,S22176010553152,ตึกผู้ป่วยนอก (OPD),1,OPD ศัลยกรรม,จุดซักประวัติ,ศัลยกรรม,Active,โรงพยาบาลศูนย์อุดรธานี,อด 0033.1/380/2568 ลงวันที่ 26 สิงหาคม 2568,,,,2026-05-14 17:43:14,System,,,,,,COMPANY,,FALSE,TOTAL,UDH-00597
602,BARCODE SCANNERS,ZEBRA,DS2208,S22149010555300,ตึกผู้ป่วยนอก (OPD),1,OPD ศัลยกรรม,จุดซักประวัติ,ศัลยกรรม,Active,โรงพยาบาลศูนย์อุดรธานี,อด 0033.1/380/2568 ลงวันที่ 26 สิงหาคม 2568,,,,2026-05-14 17:43:14,System,,,,,,COMPANY,,FALSE,TOTAL,UDH-00598
665,PRINTER LASER,SAMSUNG,M4020ND,CNB3L3WSRR,ตึกผู้ป่วยนอก (OPD),1,OPD ศัลยกรรม,จุดบริการ 19,ศัลยกรรม,Active,โรงพยาบาลศูนย์อุดรธานี,อด 0033.1/380/2568 ลงวันที่ 26 สิงหาคม 2568,,,,2026-05-14 17:43:14,System,,,,,,COMPANY,,TRUE,TOTAL,UDH-00661
666,PRINTER LASER,SAMSUNG,M4020ND,CNB3L3WSN9,ตึกผู้ป่วยนอก (OPD),1,OPD ศัลยกรรม,จุดบริการ 12,,Retired,โรงพยาบาลศูนย์อุดรธานี,อด 0033.1/380/2568 ลงวันที่ 26 สิงหาคม 2568,,,,2026-07-09 16:52:31,nikorn2527@gmail.com,,,,2026-07-09,,COMPANY,,TRUE,TOTAL,UDH-00662
667,PRINTER LASER,SAMSUNG,M4020ND,CNB3L3WSS5,ตึกผู้ป่วยนอก (OPD),1,OPD ศัลยกรรม,จุดบริการ 14,,Retired,โรงพยาบาลศูนย์อุดรธานี,อด 0033.1/380/2568 ลงวันที่ 26 สิงหาคม 2568,,,,2026-07-09 16:53:42,nikorn2527@gmail.com,,,,2026-07-09,,COMPANY,,TRUE,TOTAL,UDH-00663
670,PRINTER LASER,OKI,B412DN,BW49016487C0,ตึกผู้ป่วยนอก (OPD),1,OPD ศัลยกรรม,จุดบริการ 18,ศัลยกรรม,Retired,โรงพยาบาลศูนย์อุดรธานี,อด 0033.1/380/2568 ลงวันที่ 26 สิงหาคม 2568,,,,2026-05-14 17:43:14,System,,,,,,COMPANY,,TRUE,TOTAL,UDH-00666
671,PRINTER LASER,SAMSUNG,M4020ND,CNB3L3WSYC,ตึกผู้ป่วยนอก (OPD),1,OPD ศัลยกรรม,จุดบริการ 11,ศัลยกรรม,Retired,โรงพยาบาลศูนย์อุดรธานี,อด 0033.1/380/2568 ลงวันที่ 26 สิงหาคม 2568,,,,2026-05-14 17:43:14,System,,,,,,COMPANY,,TRUE,TOTAL,UDH-00667
978,SCANNERS,CANON,DR-C230,JA491911,ตึกผู้ป่วยนอก (OPD),2,ห้องบัตร,,เวชระเบียน,Active,โรงพยาบาลศูนย์อุดรธานี,อด 0033.1/380/2568 ลงวันที่ 26 สิงหาคม 2568,,,,2026-05-14 17:43:14,System,,,,,,COMPANY,,FALSE,TOTAL,UDH-00974
2046,PRINTER LASER,OKI,ES5112,BW1C029603C0,ตึกผู้ป่วยนอก (OPD),2,ห้องบัตร,จุดบริการ 2,เวชระเบียน,Active,โรงพยาบาลศูนย์อุดรธานี,อด 0033.1/380/2568 ลงวันที่ 26 สิงหาคม 2568,,,,2026-06-03 23:46:43,nikorn2527@gmail.com,,,2026-06-04,,,COMPANY,,TRUE,TOTAL,UDH-02022
2075,PRINTER LASER,OKI,ES5112,BW22024565C0,ตึกผู้ป่วยนอก (OPD),2,ห้องบัตร,จุดบริการ 4,เวชระเบียน,Active,โรงพยาบาลศูนย์อุดรธานี,อด 0033.1/380/2568 ลงวันที่ 26 สิงหาคม 2568,,,,2026-05-14 17:43:14,System,,,,,,COMPANY,,TRUE,TOTAL,UDH-02051
2076,PRINTER LASER,OKI,ES5112,BW1C009793C0,ตึกผู้ป่วยนอก (OPD),2,ห้องบัตร,จุดบริการ 5,เวชระเบียน,Active,โรงพยาบาลศูนย์อุดรธานี,อด 0033.1/380/2568 ลงวันที่ 26 สิงหาคม 2568,,,,2026-05-14 17:43:14,System,,,,,,COMPANY,,TRUE,TOTAL,UDH-02052
2110,PRINTER LASER,BROTHER,HL-L5210DN,E81695J5N772000,ตึกผู้ป่วยนอก (OPD),2,ห้องบัตร,จุดบริการ 2,เวชระเบียน,Active,โรงพยาบาลศูนย์อุดรธานี,อด 0033.1/380/2568 ลงวันที่ 26 สิงหาคม 2568,,,,2026-05-14 17:43:14,System,,,,,,COMPANY,,TRUE,TOTAL,UDH-02084
1009,BARCODE SCANNERS,ZEBRA,DS2208,S22176010553523,ตึกผู้ป่วยนอก (OPD),3,ห้องบัตร,,เวชระเบียน,Active,โรงพยาบาลศูนย์อุดรธานี,อด 0033.1/380/2568 ลงวันที่ 26 สิงหาคม 2568,,,,2026-05-14 17:43:14,System,,,,,,COMPANY,,FALSE,TOTAL,UDH-01005
1010,BARCODE SCANNERS,ZEBRA,DS2208,S22178010553526,ตึกผู้ป่วยนอก (OPD),3,ห้องบัตร,,เวชระเบียน,Active,โรงพยาบาลศูนย์อุดรธานี,อด 0033.1/380/2568 ลงวันที่ 26 สิงหาคม 2568,,,,2026-05-14 17:43:14,System,,,,,,COMPANY,,FALSE,TOTAL,UDH-01006
1035,BARCODE SCANNERS,ZEBRA,DS2208,S22178010553497,ตึกผู้ป่วยนอก (OPD),3,ห้องบัตร,,เวชระเบียน,Active,โรงพยาบาลศูนย์อุดรธานี,อด 0033.1/380/2568 ลงวันที่ 26 สิงหาคม 2568,,,,2026-05-14 17:43:14,System,,,,,,COMPANY,,FALSE,TOTAL,UDH-01031
1073,PRINTER INKJET AIO,EPSON,L5290,X8H2029078,ตึกผู้ป่วยนอก (OPD),3,ห้องบัตร,,เวชระเบียน,Active,โรงพยาบาลศูนย์อุดรธานี,อด 0033.1/380/2568 ลงวันที่ 26 สิงหาคม 2568,,,,2026-05-14 17:43:14,System,,,,,,COMPANY,,TRUE,TOTAL,UDH-01069
1094,PRINTER LASER,SAMSUNG,M4020ND,CNB3KD4GFX,ตึกผู้ป่วยนอก (OPD),3,ห้องบัตร,,เวชระเบียน,Active,โรงพยาบาลศูนย์อุดรธานี,อด 0033.1/380/2568 ลงวันที่ 26 สิงหาคม 2568,,,,2026-05-14 17:43:14,System,,,,,,COMPANY,,TRUE,TOTAL,UDH-01090
1095,PRINTER LASER,SAMSUNG,M4020ND,CNB3L3WSY0,ตึกผู้ป่วยนอก (OPD),3,ห้องบัตร,,เวชระเบียน,Retired,โรงพยาบาลศูนย์อุดรธานี,อด 0033.1/380/2568 ลงวันที่ 26 สิงหาคม 2568,,,,2026-05-14 17:43:14,System,,,,,,COMPANY,,TRUE,TOTAL,UDH-01091
1102,PRINTER THERMAL,ZEBRA,ZD421,D6J222613563,ตึกผู้ป่วยนอก (OPD),3,ห้องบัตร,,เวชระเบียน,Active,โรงพยาบาลศูนย์อุดรธานี,อด 0033.1/380/2568 ลงวันที่ 26 สิงหาคม 2568,,,,2026-05-14 17:43:14,System,,,,,,COMPANY,,FALSE,TOTAL,UDH-01098
1449,PRINTER THERMAL,ZEBRA,ZD421,D6J222613100,ตึกผู้ป่วยนอกเดิม,1,คลินิกศัลยกรรมประสาท,,ศัลยกรรมประสาท,Active,โรงพยาบาลศูนย์อุดรธานี,อด 0033.1/380/2568 ลงวันที่ 26 สิงหาคม 2568,,,,2026-05-14 17:43:14,System,,,,,,COMPANY,,FALSE,TOTAL,UDH-01445
1450,PRINTER THERMAL,ZEBRA,ZD421,D6J222614791,ตึกผู้ป่วยนอกเดิม,1,คลินิกศัลยกรรมประสาท,,ศัลยกรรมประสาท,Active,โรงพยาบาลศูนย์อุดรธานี,อด 0033.1/380/2568 ลงวันที่ 26 สิงหาคม 2568,,,,2026-05-14 17:43:14,System,,,,,,COMPANY,,FALSE,TOTAL,UDH-01446
1451,PRINTER THERMAL,ZEBRA,ZD421,D6J222613799,ตึกผู้ป่วยนอกเดิม,1,คลินิกศัลยกรรมประสาท,,ศัลยกรรมประสาท,Active,โรงพยาบาลศูนย์อุดรธานี,อด 0033.1/380/2568 ลงวันที่ 26 สิงหาคม 2568,,,,2026-05-14 17:43:14,System,,,,,,COMPANY,,FALSE,TOTAL,UDH-01447
1452,PRINTER THERMAL,ZEBRA,ZD421,D6J222613763,ตึกผู้ป่วยนอกเดิม,1,คลินิกศัลยกรรมประสาท,,ศัลยกรรมประสาท,Active,โรงพยาบาลศูนย์อุดรธานี,อด 0033.1/380/2568 ลงวันที่ 26 สิงหาคม 2568,,,,2026-05-14 17:43:14,System,,,,,,COMPANY,,FALSE,TOTAL,UDH-01448
1453,PRINTER THERMAL,ZEBRA,ZD421,D5J210703568,ตึกผู้ป่วยนอกเดิม,1,คลินิกศัลยกรรมประสาท,,ศัลยกรรมประสาท,Active,โรงพยาบาลศูนย์อุดรธานี,อด 0033.1/380/2568 ลงวันที่ 26 สิงหาคม 2568,,,,2026-05-14 17:43:14,System,,,,,,COMPANY,,FALSE,TOTAL,UDH-01449
1454,PRINTER THERMAL,ZEBRA,ZD421,D5J210702549,ตึกผู้ป่วยนอกเดิม,1,คลินิกศัลยกรรมประสาท,,ศัลยกรรมประสาท,Active,โรงพยาบาลศูนย์อุดรธานี,อด 0033.1/380/2568 ลงวันที่ 26 สิงหาคม 2568,,,,2026-05-14 17:43:14,System,,,,,,COMPANY,,FALSE,TOTAL,UDH-01450
1103,PRINTER THERMAL,ZEBRA,ZD421,D6J222700886,ตึกผู้ป่วยนอก (OPD),3,ห้องบัตร,,เวชระเบียน,Active,โรงพยาบาลศูนย์อุดรธานี,อด 0033.1/380/2568 ลงวันที่ 26 สิงหาคม 2568,,,,2026-05-14 17:43:14,System,,,,,,COMPANY,,FALSE,TOTAL,UDH-01099
1104,PRINTER THERMAL,ZEBRA,ZD421,D6J222613136,ตึกผู้ป่วยนอก (OPD),3,ห้องบัตร,,เวชระเบียน,Active,โรงพยาบาลศูนย์อุดรธานี,อด 0033.1/380/2568 ลงวันที่ 26 สิงหาคม 2568,,,,2026-05-14 17:43:14,System,,,,,,COMPANY,,FALSE,TOTAL,UDH-01100
1142,PRINTER THERMAL,ZEBRA,ZD421,D6J222614676,ตึกผู้ป่วยนอก (OPD),3,ห้องบัตร,,เวชระเบียน,Active,โรงพยาบาลศูนย์อุดรธานี,อด 0033.1/380/2568 ลงวันที่ 26 สิงหาคม 2568,,,,2026-05-14 17:43:14,System,,,,,,COMPANY,,FALSE,TOTAL,UDH-01138
1143,PRINTER THERMAL,ZEBRA,ZD421,D6J222700895,ตึกผู้ป่วยนอก (OPD),3,ห้องบัตร,,เวชระเบียน,Active,โรงพยาบาลศูนย์อุดรธานี,อด 0033.1/380/2568 ลงวันที่ 26 สิงหาคม 2568,,,,2026-05-14 17:43:14,System,,,,,,COMPANY,,FALSE,TOTAL,UDH-01139
1157,SCANNERS,CANON,DR-C230,JA491918,ตึกผู้ป่วยนอก (OPD),3,ห้องบัตร,,เวชระเบียน,Active,โรงพยาบาลศูนย์อุดรธานี,อด 0033.1/380/2568 ลงวันที่ 26 สิงหาคม 2568,,,,2026-05-14 17:43:14,System,,,,,,COMPANY,,FALSE,TOTAL,UDH-01153
1158,SCANNERS,CANON,DR-C230,JA491947,ตึกผู้ป่วยนอก (OPD),3,ห้องบัตร,,เวชระเบียน,Active,โรงพยาบาลศูนย์อุดรธานี,อด 0033.1/380/2568 ลงวันที่ 26 สิงหาคม 2568,,,,2026-05-14 17:43:14,System,,,,,,COMPANY,,FALSE,TOTAL,UDH-01154
2116,PRINTER LASER,BROTHER,HL-L5210DN,E81695J5N769293,ตึกผู้ป่วยนอก (OPD),3,ห้องบัตร,จุดบริการ 2,เวชระเบียน,Active,โรงพยาบาลศูนย์อุดรธานี,อด 0033.1/380/2568 ลงวันที่ 26 สิงหาคม 2568,,,,2026-05-21 08:50:34,nikorn2527@gmail.com,,,,,,COMPANY,,TRUE,TOTAL,UDH-02089
1160,BARCODE SCANNERS,ZEBRA,DS2208,S22179010552255,ตึกผู้ป่วยนอก (OPD),4,ห้องบัตร,,เวชระเบียน,Active,โรงพยาบาลศูนย์อุดรธานี,อด 0033.1/380/2568 ลงวันที่ 26 สิงหาคม 2568,,,,2026-05-14 17:43:14,System,,,,,,COMPANY,,FALSE,TOTAL,UDH-01156
1161,BARCODE SCANNERS,ZEBRA,DS2208,S22149010555310,ตึกผู้ป่วยนอก (OPD),4,ห้องบัตร,,เวชระเบียน,Active,โรงพยาบาลศูนย์อุดรธานี,อด 0033.1/380/2568 ลงวันที่ 26 สิงหาคม 2568,,,,2026-05-14 17:43:14,System,,,,,,COMPANY,,FALSE,TOTAL,UDH-01157
1177,BARCODE SCANNERS,ZEBRA,DS2208,S22179010552077,ตึกผู้ป่วยนอก (OPD),4,ห้องบัตร,,เวชระเบียน,Active,โรงพยาบาลศูนย์อุดรธานี,อด 0033.1/380/2568 ลงวันที่ 26 สิงหาคม 2568,,,,2026-05-14 17:43:14,System,,,,,,COMPANY,,FALSE,TOTAL,UDH-01173
1194,PRINTER INKJET AIO,EPSON,L5290,X8H2027159,ตึกผู้ป่วยนอก (OPD),4,ห้องบัตร,จุดบริการ 3,เวชระเบียน,Active,โรงพยาบาลศูนย์อุดรธานี,อด 0033.1/380/2568 ลงวันที่ 26 สิงหาคม 2568,,,,2026-05-14 17:43:14,System,,,,,,COMPANY,,TRUE,TOTAL,UDH-01190
1466,PRINTER THERMAL,ZEBRA,ZD421,D6J222613756,ตึกผู้ป่วยนอกเดิม,1,คลินิกฝั่งเข็ม,,แพทย์แผนไทยและการแพทย์ทางเลือก,Active,โรงพยาบาลศูนย์อุดรธานี,อด 0033.1/380/2568 ลงวันที่ 26 สิงหาคม 2568,,,,2026-05-14 17:43:14,System,,,,,,COMPANY,,FALSE,TOTAL,UDH-01462
1195,PRINTER INKJET AIO,EPSON,L5290,X8H2029198,ตึกผู้ป่วยนอก (OPD),4,ห้องบัตร,จุดบริการ 2,เวชระเบียน,Active,โรงพยาบาลศูนย์อุดรธานี,อด 0033.1/380/2568 ลงวันที่ 26 สิงหาคม 2568,,,,2026-05-14 17:43:14,System,,,,,,COMPANY,,TRUE,TOTAL,UDH-01191
1204,PRINTER LASER,SAMSUNG,M4020ND,CNB3L3WSY9,ตึกผู้ป่วยนอก (OPD),4,ห้องบัตร,จุดบริการ 1,เวชระเบียน,Active,โรงพยาบาลศูนย์อุดรธานี,อด 0033.1/380/2568 ลงวันที่ 26 สิงหาคม 2568,,,,2026-05-14 17:43:14,System,,,,,,COMPANY,,TRUE,TOTAL,UDH-01200
1469,SCANNERS,CANON,DR-C230,JA491908,ตึกผู้ป่วยนอกเดิม,2,โสตทัศนศึกษา,,โสตทัศนศึกษา / เวชนิทัศน์,Active,โรงพยาบาลศูนย์อุดรธานี,อด 0033.1/380/2568 ลงวันที่ 26 สิงหาคม 2568,,,,2026-05-14 17:43:14,System,,,,,,COMPANY,,FALSE,TOTAL,UDH-01465
1470,SCANNERS,CANON,DR-C230,JA431120,ตึกผู้ป่วยนอกเดิม,1,สำนักงานตรวจสอบสิทธิ์ (สสร.),,กลุ่มงานประกันสุขภาพ,Active,โรงพยาบาลศูนย์อุดรธานี,อด 0033.1/380/2568 ลงวันที่ 26 สิงหาคม 2568,,,,2026-05-14 17:43:14,System,,,,,,COMPANY,,FALSE,TOTAL,UDH-01466
1471,BARCODE SCANNERS,ZEBRA,DS2208,S22179010552154,ตึกผู้ป่วยนอกเดิม,2,ศูนย์บริการข้าราชการ รัฐวิสาหกิจและประกันชีวิต,,ศูนย์สิทธิ์เบิกได้,Active,โรงพยาบาลศูนย์อุดรธานี,อด 0033.1/380/2568 ลงวันที่ 26 สิงหาคม 2568,,,,2026-05-14 17:43:14,System,,,,,,COMPANY,,FALSE,TOTAL,UDH-01467
1472,BARCODE SCANNERS,ZEBRA,DS2208,S22179010552155,ตึกผู้ป่วยนอกเดิม,2,ศูนย์บริการข้าราชการ รัฐวิสาหกิจและประกันชีวิต,,ศูนย์สิทธิ์เบิกได้,Active,โรงพยาบาลศูนย์อุดรธานี,อด 0033.1/380/2568 ลงวันที่ 26 สิงหาคม 2568,,,,2026-05-14 17:43:14,System,,,,,,COMPANY,,FALSE,TOTAL,UDH-01468
1473,BARCODE SCANNERS,ZEBRA,DS2208,S22178010553664,ตึกผู้ป่วยนอกเดิม,2,ศูนย์บริการข้าราชการ รัฐวิสาหกิจและประกันชีวิต,,ศูนย์สิทธิ์เบิกได้,Active,โรงพยาบาลศูนย์อุดรธานี,อด 0033.1/380/2568 ลงวันที่ 26 สิงหาคม 2568,,,,2026-05-14 17:43:14,System,,,,,,COMPANY,,FALSE,TOTAL,UDH-01469
1474,PRINTER INKJET AIO,EPSON,L5290,X8H2029139,ตึกผู้ป่วยนอกเดิม,2,ศูนย์คอม IT,,ศูนย์คอมพิวเตอร์,In Repair,โรงพยาบาลศูนย์อุดรธานี,อด 0033.1/380/2568 ลงวันที่ 26 สิงหาคม 2568,,,,2026-05-26 20:50:16,nikorn2527@gmail.com,,,,,,COMPANY,,TRUE,TOTAL,UDH-01470
1205,PRINTER THERMAL,ZEBRA,ZD421,D6J222613798,ตึกผู้ป่วยนอก (OPD),4,ห้องบัตร,,เวชระเบียน,Active,โรงพยาบาลศูนย์อุดรธานี,อด 0033.1/380/2568 ลงวันที่ 26 สิงหาคม 2568,,,,2026-05-14 17:43:14,System,,,,,,COMPANY,,FALSE,TOTAL,UDH-01201
1476,PRINTER INKJET,EPSON,M3170,X5TT014553,ตึกผู้ป่วยนอกเดิม,2,ศูนย์คอม IT,,ศูนย์คอมพิวเตอร์,Retired,โรงพยาบาลศูนย์อุดรธานี,อด 0033.1/380/2568 ลงวันที่ 26 สิงหาคม 2568,,,,2026-05-14 17:43:14,System,,,,,,COMPANY,,TRUE,TOTAL,UDH-01472
1477,PRINTER INKJET AIO,EPSON,L5290,X8H2027152,ตึกผู้ป่วยนอกเดิม,2,ศูนย์บริการข้าราชการ รัฐวิสาหกิจและประกันชีวิต,,ศูนย์สิทธิ์เบิกได้,Active,โรงพยาบาลศูนย์อุดรธานี,อด 0033.1/380/2568 ลงวันที่ 26 สิงหาคม 2568,,,,2026-05-14 17:43:14,System,,,,,,COMPANY,,TRUE,TOTAL,UDH-01473
1478,PRINTER INKJET AIO,EPSON,L5290,X8H2029079,ตึกผู้ป่วยนอกเดิม,2,ศูนย์บริการข้าราชการ รัฐวิสาหกิจและประกันชีวิต,,ศูนย์สิทธิ์เบิกได้,Active,โรงพยาบาลศูนย์อุดรธานี,อด 0033.1/380/2568 ลงวันที่ 26 สิงหาคม 2568,,,,2026-05-14 17:43:14,System,,,,,,COMPANY,,TRUE,TOTAL,UDH-01474
1206,PRINTER THERMAL,ZEBRA,ZD421,D6J222700890,ตึกผู้ป่วยนอก (OPD),4,ห้องบัตร,,เวชระเบียน,Active,โรงพยาบาลศูนย์อุดรธานี,อด 0033.1/380/2568 ลงวันที่ 26 สิงหาคม 2568,,,,2026-05-14 17:43:14,System,,,,,,COMPANY,,FALSE,TOTAL,UDH-01202
1222,PRINTER THERMAL,ZEBRA,ZD421,D6J222613699,ตึกผู้ป่วยนอก (OPD),4,ห้องบัตร,,เวชระเบียน,Active,โรงพยาบาลศูนย์อุดรธานี,อด 0033.1/380/2568 ลงวันที่ 26 สิงหาคม 2568,,,,2026-05-14 17:43:14,System,,,,,,COMPANY,,FALSE,TOTAL,UDH-01218
1481,PRINTER INKJET A4,EPSON,L3250,X8JVL55288,ตึกผู้ป่วยนอกเดิม,2,โสตทัศนศึกษา,,โสตทัศนศึกษา / เวชนิทัศน์,Active,โรงพยาบาลศูนย์อุดรธานี,อด 0033.1/380/2568 ลงวันที่ 26 สิงหาคม 2568,,,,2026-05-14 17:43:14,System,,,,,,COMPANY,,TRUE,TOTAL,UDH-01477
1482,PRINTER INKJET A4,EPSON,L3250,XAHN101076,ตึกผู้ป่วยนอกเดิม,2,โสตทัศนศึกษา,,โสตทัศนศึกษา / เวชนิทัศน์,Active,โรงพยาบาลศูนย์อุดรธานี,อด 0033.1/380/2568 ลงวันที่ 26 สิงหาคม 2568,,,,2026-05-14 17:43:14,System,,,,,,COMPANY,,TRUE,TOTAL,UDH-01478
1483,PRINTER INKJET AIO,EPSON,L5290,X8H2029172,ตึกผู้ป่วยนอกเดิม,2,โสตทัศนศึกษา,,โสตทัศนศึกษา / เวชนิทัศน์,Active,โรงพยาบาลศูนย์อุดรธานี,อด 0033.1/380/2568 ลงวันที่ 26 สิงหาคม 2568,,,,2026-05-14 17:43:14,System,,,,,,COMPANY,,TRUE,TOTAL,UDH-01479
809,PRINTER INKJET AIO,EPSON,L5290,X8H2029435,ตึกผู้ป่วยนอก (OPD),2,ธุรการ,SMC,บริหาร/ยุทธศาสตร์,Active,โรงพยาบาลศูนย์อุดรธานี,อด 0033.1/380/2568 ลงวันที่ 26 สิงหาคม 2568,,,,2026-05-14 17:43:14,System,,,,,,COMPANY,,TRUE,TOTAL,UDH-00805
1224,SCANNERS,CANON,DR-C230,JA491984,ตึกผู้ป่วยนอก (OPD),4,ห้องบัตร,,เวชระเบียน,Retired,โรงพยาบาลศูนย์อุดรธานี,อด 0033.1/380/2568 ลงวันที่ 26 สิงหาคม 2568,,,,2026-06-12 13:39:09,nikorn2527@gmail.com,,,,,,COMPANY,,FALSE,TOTAL,UDH-01220
1486,PRINTER LASER,OKI,B412DN,BW47037298C0,ตึกผู้ป่วยนอก (OPD),2,ธุรการ,ห้องบัตร,เวชระเบียน,Retired,โรงพยาบาลศูนย์อุดรธานี,อด 0033.1/380/2568 ลงวันที่ 26 สิงหาคม 2568,,,,2026-05-14 17:43:14,System,,,,,,COMPANY,,TRUE,TOTAL,UDH-01482
1487,PRINTER LASER,HP,M402DN,PHCFD06255,ตึกผู้ป่วยนอกเดิม,2,เวชระเบียนใน,,เวชระเบียน,Active,โรงพยาบาลศูนย์อุดรธานี,อด 0033.1/380/2568 ลงวันที่ 26 สิงหาคม 2568,,,,2026-05-14 17:43:14,System,,,,,,COMPANY,,TRUE,TOTAL,UDH-01483
1488,PRINTER LASER,HP,M404DN,PHFXG18946,ตึกผู้ป่วยนอกเดิม,2,ศูนย์คอม IT,,ศูนย์คอมพิวเตอร์,Active,โรงพยาบาลศูนย์อุดรธานี,อด 0033.1/380/2568 ลงวันที่ 26 สิงหาคม 2568,,,,2026-05-14 17:43:14,System,,,,,,COMPANY,,TRUE,TOTAL,UDH-01484
1489,PRINTER LASER,OKI,B412DN,BW47043958C0,ตึกผู้ป่วยนอกเดิม,2,ศูนย์บริการข้าราชการ รัฐวิสาหกิจและประกันชีวิต,,ศูนย์สิทธิ์เบิกได้,Active,โรงพยาบาลศูนย์อุดรธานี,อด 0033.1/380/2568 ลงวันที่ 26 สิงหาคม 2568,,,,2026-05-14 17:43:14,System,,,,,,COMPANY,,TRUE,TOTAL,UDH-01485
1490,PRINTER LASER,OKI,B412DN,BW49016485C0,ตึกผู้ป่วยนอกเดิม,2,ศูนย์บริการข้าราชการ รัฐวิสาหกิจและประกันชีวิต,,ศูนย์สิทธิ์เบิกได้,Active,โรงพยาบาลศูนย์อุดรธานี,อด 0033.1/380/2568 ลงวันที่ 26 สิงหาคม 2568,,,,2026-05-14 17:43:14,System,,,,,,COMPANY,,TRUE,TOTAL,UDH-01486
1491,PRINTER LASER,HP,M402DN,PHCFF06032,ตึกผู้ป่วยนอกเดิม,2,เวชระเบียนใน,,เวชระเบียน,Disposed,โรงพยาบาลศูนย์อุดรธานี,อด 0033.1/380/2568 ลงวันที่ 26 สิงหาคม 2568,,,,2026-08-06 12:49:21,nikorn2527@gmail.com,,,,2026-08-06,,COMPANY,,TRUE,TOTAL,UDH-01487
1492,PRINTER LASER,SAMSUNG,M4020ND,CNB3L3WSXR,ตึกผู้ป่วยนอกเดิม,2,เวชระเบียนใน,,เวชระเบียน,Active,โรงพยาบาลศูนย์อุดรธานี,อด 0033.1/380/2568 ลงวันที่ 26 สิงหาคม 2568,,,,2026-05-14 17:43:14,System,,,,,,COMPANY,,TRUE,TOTAL,UDH-01488
1493,PRINTER LASER,HP,M402DN,PHCFD06267,ตึกผู้ป่วยนอกเดิม,2,เวชระเบียนใน,,เวชระเบียน,Retired,โรงพยาบาลศูนย์อุดรธานี,อด 0033.1/380/2568 ลงวันที่ 26 สิงหาคม 2568,,,,2026-05-14 17:43:14,System,,,,,,COMPANY,,TRUE,TOTAL,UDH-01489
1494,PRINTER LASER,HP,M404DN,PHFXG18930,ตึกผู้ป่วยนอกเดิม,2,เวชระเบียนใน,,เวชระเบียน,Active,โรงพยาบาลศูนย์อุดรธานี,อด 0033.1/380/2568 ลงวันที่ 26 สิงหาคม 2568,,,,2026-05-14 17:43:14,System,,,,,,COMPANY,,TRUE,TOTAL,UDH-01490
1495,PRINTER LASER,OKI,B412DN,BW38048528C0,ตึกผู้ป่วยนอกเดิม,2,เวชระเบียนใน,,เวชระเบียน,Active,โรงพยาบาลศูนย์อุดรธานี,อด 0033.1/380/2568 ลงวันที่ 26 สิงหาคม 2568,,,,2026-05-14 17:43:14,System,,,,,,COMPANY,,TRUE,TOTAL,UDH-01491
1225,SCANNERS,CANON,DR-C230,JA491876,ตึกผู้ป่วยนอก (OPD),4,ห้องบัตร,,เวชระเบียน,Active,โรงพยาบาลศูนย์อุดรธานี,อด 0033.1/380/2568 ลงวันที่ 26 สิงหาคม 2568,,,,2026-05-14 17:43:14,System,,,,,,COMPANY,,FALSE,TOTAL,UDH-01221
1226,SCANNERS,CANON,DR-C230,JA491941,ตึกผู้ป่วยนอก (OPD),4,ห้องบัตร,,เวชระเบียน,Active,โรงพยาบาลศูนย์อุดรธานี,อด 0033.1/380/2568 ลงวันที่ 26 สิงหาคม 2568,,,,2026-05-14 17:43:14,System,,,,,,COMPANY,,FALSE,TOTAL,UDH-01222
1498,SCANNERS,CANON,DR-6030C,FLJ06850,ตึกผู้ป่วยนอกเดิม,2,เวชระเบียนใน,,เวชระเบียน,Active,โรงพยาบาลศูนย์อุดรธานี,อด 0033.1/380/2568 ลงวันที่ 26 สิงหาคม 2568,,,,2026-05-14 17:43:14,System,,,,,,COMPANY,,FALSE,TOTAL,UDH-01494
1499,SCANNERS,CANON,DR-6030C,FLJ06847,ตึกผู้ป่วยนอกเดิม,2,เวชระเบียนใน,,เวชระเบียน,Active,โรงพยาบาลศูนย์อุดรธานี,อด 0033.1/380/2568 ลงวันที่ 26 สิงหาคม 2568,,,,2026-05-14 17:43:14,System,,,,,,COMPANY,,FALSE,TOTAL,UDH-01495
1500,SCANNERS,CANON,DR-6030C,FLJ06843,ตึกผู้ป่วยนอกเดิม,2,เวชระเบียนใน,,เวชระเบียน,Active,โรงพยาบาลศูนย์อุดรธานี,อด 0033.1/380/2568 ลงวันที่ 26 สิงหาคม 2568,,,,2026-05-14 17:43:14,System,,,,,,COMPANY,,FALSE,TOTAL,UDH-01496
1501,SCANNERS,CANON,DR-6030C,FLJ07258,ตึกผู้ป่วยนอกเดิม,2,เวชระเบียนใน,,เวชระเบียน,Active,โรงพยาบาลศูนย์อุดรธานี,อด 0033.1/380/2568 ลงวันที่ 26 สิงหาคม 2568,,,,2026-05-14 17:43:14,System,,,,,,COMPANY,,FALSE,TOTAL,UDH-01497
1502,SCANNERS,CANON,DR-6030C,FLJ07257,ตึกผู้ป่วยนอกเดิม,2,เวชระเบียนใน,,เวชระเบียน,Active,โรงพยาบาลศูนย์อุดรธานี,อด 0033.1/380/2568 ลงวันที่ 26 สิงหาคม 2568,,,,2026-05-14 17:43:14,System,,,,,,COMPANY,,FALSE,TOTAL,UDH-01498
1503,SCANNERS,CANON,DR-C230,JA491938,ตึกผู้ป่วยนอกเดิม,2,เวชระเบียนใน,ห้องสแกนเอกสาร,เวชระเบียน,Active,โรงพยาบาลศูนย์อุดรธานี,อด 0033.1/380/2568 ลงวันที่ 26 สิงหาคม 2568,,,,2026-05-14 17:43:14,System,,,,,,COMPANY,,FALSE,TOTAL,UDH-01499
1504,SCANNERS,CANON,DR-C230,JA491873,ตึกผู้ป่วยนอกเดิม,2,เวชระเบียนใน,ห้องสแกนเอกสาร,เวชระเบียน,Active,โรงพยาบาลศูนย์อุดรธานี,อด 0033.1/380/2568 ลงวันที่ 26 สิงหาคม 2568,,,,2026-05-14 17:43:14,System,,,,,,COMPANY,,FALSE,TOTAL,UDH-01500
1505,SCANNERS,CANON,DR-C230,JA491909,ตึกผู้ป่วยนอกเดิม,2,เวชระเบียนใน,ห้องสแกนเอกสาร,เวชระเบียน,Active,โรงพยาบาลศูนย์อุดรธานี,อด 0033.1/380/2568 ลงวันที่ 26 สิงหาคม 2568,,,,2026-05-14 17:43:14,System,,,,,,COMPANY,,FALSE,TOTAL,UDH-01501
1506,PRINTER INKJET AIO,EPSON,L5290,X8H2028979,ตึกโภชนาการ,1,กลุ่มงานโภชนาศาสตร์,,บริหาร/ยุทธศาสตร์,Active,โรงพยาบาลศูนย์อุดรธานี,อด 0033.1/380/2568 ลงวันที่ 26 สิงหาคม 2568,,,,2026-05-14 17:43:14,System,,,,,,COMPANY,,TRUE,TOTAL,UDH-01502
1507,PRINTER INKJET AIO,EPSON,L5290,X8H2029102,ตึกผู้ป่วยนอก (OPD),5,กลุ่มงานพัสดุ,,บริหาร/ยุทธศาสตร์,Active,โรงพยาบาลศูนย์อุดรธานี,อด 0033.1/380/2568 ลงวันที่ 26 สิงหาคม 2568,,,,2026-05-14 17:43:14,System,,,,,,COMPANY,,TRUE,TOTAL,UDH-01503
1508,PRINTER THERMAL,ZEBRA,ZD421,D6J222614729,ตึกโภชนาการ,1,กลุ่มงานโภชนาศาสตร์,,บริหาร/ยุทธศาสตร์,Active,โรงพยาบาลศูนย์อุดรธานี,อด 0033.1/380/2568 ลงวันที่ 26 สิงหาคม 2568,,,,2026-05-14 17:43:14,System,,,,,,COMPANY,,FALSE,TOTAL,UDH-01504
1509,PRINTER THERMAL,ZEBRA,ZD421,D6J222700927,ตึกโภชนาการ,1,กลุ่มงานโภชนาศาสตร์,,บริหาร/ยุทธศาสตร์,Active,โรงพยาบาลศูนย์อุดรธานี,อด 0033.1/380/2568 ลงวันที่ 26 สิงหาคม 2568,,,,2026-05-14 17:43:14,System,,,,,,COMPANY,,FALSE,TOTAL,UDH-01505
1510,PRINTER INKJET AIO,EPSON,L5290,X8H2028212,ตึกโภชนาการ,1,กลุ่มงานโภชนาศาสตร์,,บริหาร/ยุทธศาสตร์,Active,โรงพยาบาลศูนย์อุดรธานี,อด 0033.1/380/2568 ลงวันที่ 26 สิงหาคม 2568,,,,2026-05-14 17:43:14,System,,,,,,COMPANY,,TRUE,TOTAL,UDH-01506
1511,BARCODE SCANNERS,ZEBRA,DS2208,S22149010552922,ตึกเมตตาธรรม,1,หอผู้ป่วยเมตาสุขโต,,อายุรกรรม / ผู้ป่วยวิกฤตอายุรกรรม,Active,โรงพยาบาลศูนย์อุดรธานี,อด 0033.1/380/2568 ลงวันที่ 26 สิงหาคม 2568,,,,2026-05-14 17:43:14,System,,,,,,COMPANY,,FALSE,TOTAL,UDH-01507
1512,PRINTER INKJET AIO,EPSON,L5290,X8H2029602,ตึกเมตตาธรรม,1,I ICU,,อายุรกรรม / ผู้ป่วยวิกฤตอายุรกรรม,Active,โรงพยาบาลศูนย์อุดรธานี,อด 0033.1/380/2568 ลงวันที่ 26 สิงหาคม 2568,,,,2026-05-14 17:43:14,System,,,,,,COMPANY,,TRUE,TOTAL,UDH-01508
1513,PRINTER INKJET AIO,EPSON,L5290,X8H2027162,ตึกเมตตาธรรม,1,หอผู้ป่วยเมตาสุขโต,,อายุรกรรม / ผู้ป่วยวิกฤตอายุรกรรม,Active,โรงพยาบาลศูนย์อุดรธานี,อด 0033.1/380/2568 ลงวันที่ 26 สิงหาคม 2568,,,,2026-05-14 17:43:14,System,,,,,,COMPANY,,TRUE,TOTAL,UDH-01509
1514,PRINTER LASER,OKI,ES5112,BW21013721C0,ตึกเมตตาธรรม,1,หอผู้ป่วยเมตาสุขโต,,อายุรกรรม / ผู้ป่วยวิกฤตอายุรกรรม,Active,โรงพยาบาลศูนย์อุดรธานี,อด 0033.1/380/2568 ลงวันที่ 26 สิงหาคม 2568,,,,2026-05-14 17:43:14,System,,,,,,COMPANY,,TRUE,TOTAL,UDH-01510
1515,PRINTER THERMAL,ZEBRA,ZD421,D6J222613547,ตึกเมตตาธรรม,1,หอผู้ป่วยเมตาสุขโต,,อายุรกรรม / ผู้ป่วยวิกฤตอายุรกรรม,Active,โรงพยาบาลศูนย์อุดรธานี,อด 0033.1/380/2568 ลงวันที่ 26 สิงหาคม 2568,,,,2026-05-14 17:43:14,System,,,,,,COMPANY,,FALSE,TOTAL,UDH-01511
1516,PRINTER THERMAL,ZEBRA,ZD421,D6J222613531,ตึกเมตตาธรรม,1,หอผู้ป่วยเมตาสุขโต,,อายุรกรรม / ผู้ป่วยวิกฤตอายุรกรรม,Active,โรงพยาบาลศูนย์อุดรธานี,อด 0033.1/380/2568 ลงวันที่ 26 สิงหาคม 2568,,,,2026-05-14 17:43:14,System,,,,,,COMPANY,,FALSE,TOTAL,UDH-01512
1517,SCANNERS,CANON,DR-C230,JA491946,ตึกเมตตาธรรม,1,หอผู้ป่วยเมตาสุขโต,,อายุรกรรม / ผู้ป่วยวิกฤตอายุรกรรม,Active,โรงพยาบาลศูนย์อุดรธานี,อด 0033.1/380/2568 ลงวันที่ 26 สิงหาคม 2568,,,,2026-05-14 17:43:14,System,,,,,,COMPANY,,FALSE,TOTAL,UDH-01513
1518,BARCODE SCANNERS,ZEBRA,DS2208,S22149010552921,ตึกเมตตาธรรม,2,ICU MED1,,อายุรกรรม / ผู้ป่วยวิกฤตอายุรกรรม,Active,โรงพยาบาลศูนย์อุดรธานี,อด 0033.1/380/2568 ลงวันที่ 26 สิงหาคม 2568,,,,2026-05-14 17:43:14,System,,,,,,COMPANY,,FALSE,TOTAL,UDH-01514
1519,BARCODE SCANNERS,ZEBRA,DS2208,S22149010550599,ตึกเมตตาธรรม,2,ICU MED1,,อายุรกรรม / ผู้ป่วยวิกฤตอายุรกรรม,Active,โรงพยาบาลศูนย์อุดรธานี,อด 0033.1/380/2568 ลงวันที่ 26 สิงหาคม 2568,,,,2026-05-14 17:43:14,System,,,,,,COMPANY,,FALSE,TOTAL,UDH-01515
1520,PRINTER INKJET AIO,EPSON,L5290,X8H2029598,ตึกเมตตาธรรม,2,ICU MED1,,อายุรกรรม / ผู้ป่วยวิกฤตอายุรกรรม,Active,โรงพยาบาลศูนย์อุดรธานี,อด 0033.1/380/2568 ลงวันที่ 26 สิงหาคม 2568,,,,2026-05-14 17:43:14,System,,,,,,COMPANY,,TRUE,TOTAL,UDH-01516
1521,PRINTER INKJET AIO,EPSON,L5290,X8H2029238,ตึกผู้ป่วยนอก (OPD),3,EKG,เครื่อง EEG,ประสาทวิทยา,Active,โรงพยาบาลศูนย์อุดรธานี,อด 0033.1/380/2568 ลงวันที่ 26 สิงหาคม 2568,,,,2026-05-14 17:43:14,System,,,,,,COMPANY,,TRUE,TOTAL,UDH-01517
1522,PRINTER INKJET AIO,EPSON,L5290,X8H2029189,ตึกเมตตาธรรม,2,ICU MED1,,อายุรกรรม / ผู้ป่วยวิกฤตอายุรกรรม,Active,โรงพยาบาลศูนย์อุดรธานี,อด 0033.1/380/2568 ลงวันที่ 26 สิงหาคม 2568,,,,2026-05-14 17:43:14,System,,,,,,COMPANY,,TRUE,TOTAL,UDH-01518
1523,PRINTER THERMAL,ZEBRA,ZD421,D6J222613662,ตึกเมตตาธรรม,2,ICU MED1,,อายุรกรรม / ผู้ป่วยวิกฤตอายุรกรรม,Active,โรงพยาบาลศูนย์อุดรธานี,อด 0033.1/380/2568 ลงวันที่ 26 สิงหาคม 2568,,,,2026-05-14 17:43:14,System,,,,,,COMPANY,,FALSE,TOTAL,UDH-01519
1524,BARCODE SCANNERS,ZEBRA,DS2208,S22149010552919,ตึกเมตตาธรรม,3,ICU MED2,,อายุรกรรม / ผู้ป่วยวิกฤตอายุรกรรม,Active,โรงพยาบาลศูนย์อุดรธานี,อด 0033.1/380/2568 ลงวันที่ 26 สิงหาคม 2568,,,,2026-05-14 17:43:14,System,,,,,,COMPANY,,FALSE,TOTAL,UDH-01520
1525,BARCODE SCANNERS,ZEBRA,DS2208,S22149010552920,ตึกเมตตาธรรม,3,ICU MED2,,อายุรกรรม / ผู้ป่วยวิกฤตอายุรกรรม,Active,โรงพยาบาลศูนย์อุดรธานี,อด 0033.1/380/2568 ลงวันที่ 26 สิงหาคม 2568,,,,2026-05-14 17:43:14,System,,,,,,COMPANY,,FALSE,TOTAL,UDH-01521
1526,PRINTER INKJET AIO,EPSON,L5290,X8H2029572,ตึกเมตตาธรรม,3,ICU MED2,,อายุรกรรม / ผู้ป่วยวิกฤตอายุรกรรม,Active,โรงพยาบาลศูนย์อุดรธานี,อด 0033.1/380/2568 ลงวันที่ 26 สิงหาคม 2568,,,,2026-05-14 17:43:14,System,,,,,,COMPANY,,TRUE,TOTAL,UDH-01522
1527,PRINTER INKJET AIO,EPSON,L5290,X8H2029143,ตึกเมตตาธรรม,3,ICU MED2,,อายุรกรรม / ผู้ป่วยวิกฤตอายุรกรรม,Active,โรงพยาบาลศูนย์อุดรธานี,อด 0033.1/380/2568 ลงวันที่ 26 สิงหาคม 2568,,,,2026-05-14 17:43:14,System,,,,,,COMPANY,,TRUE,TOTAL,UDH-01523
1528,PRINTER THERMAL,ZEBRA,ZD421,D6J222613684,ตึกเมตตาธรรม,3,ICU MED2,,อายุรกรรม / ผู้ป่วยวิกฤตอายุรกรรม,Active,โรงพยาบาลศูนย์อุดรธานี,อด 0033.1/380/2568 ลงวันที่ 26 สิงหาคม 2568,,,,2026-05-14 17:43:14,System,,,,,,COMPANY,,FALSE,TOTAL,UDH-01524
1529,PRINTER THERMAL,ZEBRA,ZD421,D6J222613108,ตึกเมตตาธรรม,3,ICU MED2,,อายุรกรรม / ผู้ป่วยวิกฤตอายุรกรรม,Active,โรงพยาบาลศูนย์อุดรธานี,อด 0033.1/380/2568 ลงวันที่ 26 สิงหาคม 2568,,,,2026-05-14 17:43:14,System,,,,,,COMPANY,,FALSE,TOTAL,UDH-01525
1530,SCANNERS,CANON,DR-C230,JA491778,ตึกเมตตาธรรม,3,ICU MED2,,อายุรกรรม / ผู้ป่วยวิกฤตอายุรกรรม,Active,โรงพยาบาลศูนย์อุดรธานี,อด 0033.1/380/2568 ลงวันที่ 26 สิงหาคม 2568,,,,2026-05-14 17:43:14,System,,,,,,COMPANY,,FALSE,TOTAL,UDH-01526
1531,SCANNERS,CANON,DR-C230,JA491991,ตึกเมตตาธรรม,3,ICU MED2,,อายุรกรรม / ผู้ป่วยวิกฤตอายุรกรรม,Active,โรงพยาบาลศูนย์อุดรธานี,อด 0033.1/380/2568 ลงวันที่ 26 สิงหาคม 2568,,,,2026-05-14 17:43:14,System,,,,,,COMPANY,,FALSE,TOTAL,UDH-01527
1532,SCANNERS,CANON,DR-C230,JU409945,ตึกเมตตาธรรม,1,หอผู้ป่วยเมตาสุขโต,,อายุรกรรม / ผู้ป่วยวิกฤตอายุรกรรม,Active,โรงพยาบาลศูนย์อุดรธานี,อด 0033.1/380/2568 ลงวันที่ 26 สิงหาคม 2568,,,,2026-05-14 17:43:14,System,,,,,,COMPANY,,FALSE,TOTAL,UDH-01528
1533,PRINTER INKJET AIO,EPSON,L5290,X8H2028941,ตึกเมตตาธรรม,4,CICU,,อายุรกรรม / ผู้ป่วยวิกฤตอายุรกรรม,Active,โรงพยาบาลศูนย์อุดรธานี,อด 0033.1/380/2568 ลงวันที่ 26 สิงหาคม 2568,,,,2026-05-14 17:43:14,System,,,,,,COMPANY,,TRUE,TOTAL,UDH-01529
1534,PRINTER INKJET AIO,EPSON,L5290,X8H2029594,ตึกเมตตาธรรม,4,CICU,,อายุรกรรม / ผู้ป่วยวิกฤตอายุรกรรม,Active,โรงพยาบาลศูนย์อุดรธานี,อด 0033.1/380/2568 ลงวันที่ 26 สิงหาคม 2568,,,,2026-05-14 17:43:14,System,,,,,,COMPANY,,TRUE,TOTAL,UDH-01530
1535,PRINTER INKJET AIO,EPSON,L5290,X8H2029153,ตึกเมตตาธรรม,4,CICU,,อายุรกรรม / ผู้ป่วยวิกฤตอายุรกรรม,Active,โรงพยาบาลศูนย์อุดรธานี,อด 0033.1/380/2568 ลงวันที่ 26 สิงหาคม 2568,,,,2026-05-14 17:43:14,System,,,,,,COMPANY,,TRUE,TOTAL,UDH-01531
1536,PRINTER THERMAL,ZEBRA,ZD421,D6J222613667,ตึกเมตตาธรรม,4,CICU,,อายุรกรรม / ผู้ป่วยวิกฤตอายุรกรรม,Active,โรงพยาบาลศูนย์อุดรธานี,อด 0033.1/380/2568 ลงวันที่ 26 สิงหาคม 2568,,,,2026-05-14 17:43:14,System,,,,,,COMPANY,,FALSE,TOTAL,UDH-01532
1537,SCANNERS,CANON,DR-C230,JA491905,ตึกเมตตาธรรม,4,CICU,,อายุรกรรม / ผู้ป่วยวิกฤตอายุรกรรม,Active,โรงพยาบาลศูนย์อุดรธานี,อด 0033.1/380/2568 ลงวันที่ 26 สิงหาคม 2568,,,,2026-05-14 17:43:14,System,,,,,,COMPANY,,FALSE,TOTAL,UDH-01533
1227,BARCODE SCANNERS,ZEBRA,DS2208,S22178010553519,ตึกผู้ป่วยนอก (OPD),5,ห้องบัตร,,เวชระเบียน,Active,โรงพยาบาลศูนย์อุดรธานี,อด 0033.1/380/2568 ลงวันที่ 26 สิงหาคม 2568,,,,2026-05-14 17:43:14,System,,,,,,COMPANY,,FALSE,TOTAL,UDH-01223
1267,PRINTER INKJET AIO,EPSON,L5290,X8H2025618,ตึกผู้ป่วยนอก (OPD),5,ห้องบัตร,,เวชระเบียน,Active,โรงพยาบาลศูนย์อุดรธานี,อด 0033.1/380/2568 ลงวันที่ 26 สิงหาคม 2568,,,,2026-05-14 17:43:14,System,,,,,,COMPANY,,TRUE,TOTAL,UDH-01263
1283,PRINTER LASER,SAMSUNG,M4020ND,CNB3L1PSCK,ตึกผู้ป่วยนอก (OPD),5,ห้องบัตร,,เวชระเบียน,Retired,โรงพยาบาลศูนย์อุดรธานี,อด 0033.1/380/2568 ลงวันที่ 26 สิงหาคม 2568,,,,2026-07-24 11:43:40,nikorn2527@gmail.com,,,,2026-07-24,,COMPANY,,TRUE,TOTAL,UDH-01279
1541,BARCODE SCANNERS,ZEBRA,DS2208,S22178010553618,ตึกสูตินรีเวช,2,ศัลยกรรม2,,ศัลยกรรม,Active,โรงพยาบาลศูนย์อุดรธานี,อด 0033.1/380/2568 ลงวันที่ 26 สิงหาคม 2568,,,,2026-05-14 17:43:14,System,,,,,,COMPANY,,FALSE,TOTAL,UDH-01537
1542,BARCODE SCANNERS,ZEBRA,DS2208,S22178010553701,ตึกสูตินรีเวช,2,ศัลยกรรม2,,ศัลยกรรม,Active,โรงพยาบาลศูนย์อุดรธานี,อด 0033.1/380/2568 ลงวันที่ 26 สิงหาคม 2568,,,,2026-05-14 17:43:14,System,,,,,,COMPANY,,FALSE,TOTAL,UDH-01538
1543,BARCODE SCANNERS,ZEBRA,DS2208,S22150010551680,ตึกผู้ป่วยนอกเดิม,1,ICU ศัลยกรรม 2,,ICU/วิกฤต,Active,โรงพยาบาลศูนย์อุดรธานี,อด 0033.1/380/2568 ลงวันที่ 26 สิงหาคม 2568,,,,2026-05-14 17:43:14,System,,,,,,COMPANY,,FALSE,TOTAL,UDH-01539
1544,BARCODE SCANNERS,ZEBRA,DS2208,S22178010553517,ตึกหลวงตาบัว,2,หอผู้ป่วยอายุรกรรมชาย,,อายุรกรรม,Active,โรงพยาบาลศูนย์อุดรธานี,อด 0033.1/380/2568 ลงวันที่ 26 สิงหาคม 2568,,,,2026-05-14 17:43:14,System,,,,,,COMPANY,,FALSE,TOTAL,UDH-01540
1545,PRINTER THERMAL,ZEBRA,ZD421,D6J222613146,ตึกสูตินรีเวช,2,ศัลยกรรม2,,ศัลยกรรม,Active,โรงพยาบาลศูนย์อุดรธานี,อด 0033.1/380/2568 ลงวันที่ 26 สิงหาคม 2568,,,,2026-05-14 17:43:14,System,,,,,,COMPANY,,FALSE,TOTAL,UDH-01541
1546,PRINTER THERMAL,ZEBRA,ZD421,D6J222700881,ตึกหลวงตาบัว,2,หอผู้ป่วยอายุรกรรมชาย,,อายุรกรรม,Active,โรงพยาบาลศูนย์อุดรธานี,อด 0033.1/380/2568 ลงวันที่ 26 สิงหาคม 2568,,,,2026-05-14 17:43:14,System,,,,,,COMPANY,,FALSE,TOTAL,UDH-01542
1547,BARCODE SCANNERS,ZEBRA,DS2208,S22178010553628,ตึกสูตินรีเวช,2,ศัลยกรรม2,,ศัลยกรรม,Active,โรงพยาบาลศูนย์อุดรธานี,อด 0033.1/380/2568 ลงวันที่ 26 สิงหาคม 2568,,,,2026-05-14 17:43:14,System,,,,,,COMPANY,,FALSE,TOTAL,UDH-01543
1548,BARCODE SCANNERS,ZEBRA,DS2208,S22178010553636,ตึกสูตินรีเวช,2,ศัลยกรรม2,,ศัลยกรรม,Active,โรงพยาบาลศูนย์อุดรธานี,อด 0033.1/380/2568 ลงวันที่ 26 สิงหาคม 2568,,,,2026-05-14 17:43:14,System,,,,,,COMPANY,,FALSE,TOTAL,UDH-01544
1549,BARCODE SCANNERS,ZEBRA,DS2208,S22178010553621,ตึกสูตินรีเวช,2,ครรภ์เสี่ยงสูง,,สูตินรีเวชกรรม,Active,โรงพยาบาลศูนย์อุดรธานี,อด 0033.1/380/2568 ลงวันที่ 26 สิงหาคม 2568,,,,2026-05-14 17:43:14,System,,,,,,COMPANY,,FALSE,TOTAL,UDH-01545
1550,BARCODE SCANNERS,ZEBRA,DS2208,S22178010553631,ตึกสูตินรีเวช,2,ครรภ์เสี่ยงสูง,,สูตินรีเวชกรรม,Active,โรงพยาบาลศูนย์อุดรธานี,อด 0033.1/380/2568 ลงวันที่ 26 สิงหาคม 2568,,,,2026-05-14 17:43:14,System,,,,,,COMPANY,,FALSE,TOTAL,UDH-01546
1551,BARCODE SCANNERS,ZEBRA,DS2208,S22178010553610,ตึกสูตินรีเวช,2,ครรภ์เสี่ยงสูง,,สูตินรีเวชกรรม,Active,โรงพยาบาลศูนย์อุดรธานี,อด 0033.1/380/2568 ลงวันที่ 26 สิงหาคม 2568,,,,2026-05-14 17:43:14,System,,,,,,COMPANY,,FALSE,TOTAL,UDH-01547
1552,PRINTER THERMAL,ZEBRA,ZD421,D6J222613105,ตึกสูตินรีเวช,2,ศัลยกรรม2,,ศัลยกรรม,Active,โรงพยาบาลศูนย์อุดรธานี,อด 0033.1/380/2568 ลงวันที่ 26 สิงหาคม 2568,,,,2026-05-14 17:43:14,System,,,,,,COMPANY,,FALSE,TOTAL,UDH-01548
1553,SCANNERS,CANON,DR-C230,JA450249,ตึกสูตินรีเวช,2,ศัลยกรรม2,,ศัลยกรรม,Active,โรงพยาบาลศูนย์อุดรธานี,อด 0033.1/380/2568 ลงวันที่ 26 สิงหาคม 2568,,,,2026-05-14 17:43:14,System,,,,,,COMPANY,,FALSE,TOTAL,UDH-01549
1554,BARCODE SCANNERS,ZEBRA,DS2208,S22150010551586,หลังโรงพยาบาลอุดรธานี,1,แผนกเวชกรรมฟื้นฟู,,เวชกรรมฟื้นฟู,Active,โรงพยาบาลศูนย์อุดรธานี,อด 0033.1/380/2568 ลงวันที่ 26 สิงหาคม 2568,,,,2026-05-14 17:43:14,System,,,,,,COMPANY,,FALSE,TOTAL,UDH-01550
1555,BARCODE SCANNERS,ZEBRA,DS2208,S22150010551632,หลังโรงพยาบาลอุดรธานี,1,แผนกเวชกรรมฟื้นฟู,,เวชกรรมฟื้นฟู,Active,โรงพยาบาลศูนย์อุดรธานี,อด 0033.1/380/2568 ลงวันที่ 26 สิงหาคม 2568,,,,2026-05-14 17:43:14,System,,,,,,COMPANY,,FALSE,TOTAL,UDH-01551
1556,BARCODE SCANNERS,ZEBRA,DS2208,S22150010551360,หลังโรงพยาบาลอุดรธานี,1,แผนกเวชกรรมฟื้นฟู,,เวชกรรมฟื้นฟู,Active,โรงพยาบาลศูนย์อุดรธานี,อด 0033.1/380/2568 ลงวันที่ 26 สิงหาคม 2568,,,,2026-05-14 17:43:14,System,,,,,,COMPANY,,FALSE,TOTAL,UDH-01552
1557,BARCODE SCANNERS,ZEBRA,DS2208,S22150010551606,หลังโรงพยาบาลอุดรธานี,1,แผนกเวชกรรมฟื้นฟู,,เวชกรรมฟื้นฟู,Active,โรงพยาบาลศูนย์อุดรธานี,อด 0033.1/380/2568 ลงวันที่ 26 สิงหาคม 2568,,,,2026-05-14 17:43:14,System,,,,,,COMPANY,,FALSE,TOTAL,UDH-01553
1558,BARCODE SCANNERS,ZEBRA,DS2208,S22178010553978,หลังโรงพยาบาลอุดรธานี,1,แผนกเวชกรรมฟื้นฟู,,เวชกรรมฟื้นฟู,Active,โรงพยาบาลศูนย์อุดรธานี,อด 0033.1/380/2568 ลงวันที่ 26 สิงหาคม 2568,,,,2026-05-14 17:43:14,System,,,,,,COMPANY,,FALSE,TOTAL,UDH-01554
1559,BARCODE SCANNERS,ZEBRA,DS2208,S22150010551359,หลังโรงพยาบาลอุดรธานี,1,แผนกเวชกรรมฟื้นฟู,,เวชกรรมฟื้นฟู,Active,โรงพยาบาลศูนย์อุดรธานี,อด 0033.1/380/2568 ลงวันที่ 26 สิงหาคม 2568,,,,2026-05-14 17:43:14,System,,,,,,COMPANY,,FALSE,TOTAL,UDH-01555
1560,BARCODE SCANNERS,ZEBRA,DS2208,S22149010555345,หลังโรงพยาบาลอุดรธานี,1,แผนกเวชกรรมฟื้นฟู,,เวชกรรมฟื้นฟู,Active,โรงพยาบาลศูนย์อุดรธานี,อด 0033.1/380/2568 ลงวันที่ 26 สิงหาคม 2568,,,,2026-05-14 17:43:14,System,,,,,,COMPANY,,FALSE,TOTAL,UDH-01556
1561,BARCODE SCANNERS,ZEBRA,DS2208,S22150010551608,หลังโรงพยาบาลอุดรธานี,1,แผนกเวชกรรมฟื้นฟู,,เวชกรรมฟื้นฟู,Active,โรงพยาบาลศูนย์อุดรธานี,อด 0033.1/380/2568 ลงวันที่ 26 สิงหาคม 2568,,,,2026-05-14 17:43:14,System,,,,,,COMPANY,,FALSE,TOTAL,UDH-01557
1284,PRINTER THERMAL,ZEBRA,ZD421,D6J222702191,ตึกผู้ป่วยนอก (OPD),5,ห้องบัตร,,เวชระเบียน,Active,โรงพยาบาลศูนย์อุดรธานี,อด 0033.1/380/2568 ลงวันที่ 26 สิงหาคม 2568,,,,2026-05-14 17:43:14,System,,,,,,COMPANY,,FALSE,TOTAL,UDH-01280
1295,SCANNERS,CANON,DR-C230,JA491934,ตึกผู้ป่วยนอก (OPD),5,ห้องบัตร,,เวชระเบียน,Active,โรงพยาบาลศูนย์อุดรธานี,อด 0033.1/380/2568 ลงวันที่ 26 สิงหาคม 2568,,,,2026-05-14 17:43:14,System,,,,,,COMPANY,,FALSE,TOTAL,UDH-01291
1564,PRINTER THERMAL,ZEBRA,ZD421,D6J222613641,หลังโรงพยาบาลอุดรธานี,1,แผนกเวชกรรมฟื้นฟู,,เวชกรรมฟื้นฟู,Active,โรงพยาบาลศูนย์อุดรธานี,อด 0033.1/380/2568 ลงวันที่ 26 สิงหาคม 2568,,,,2026-05-14 17:43:14,System,,,,,,COMPANY,,FALSE,TOTAL,UDH-01560
1296,SCANNERS,CANON,DR-C230,JA491870,ตึกผู้ป่วยนอก (OPD),5,ห้องบัตร,,เวชระเบียน,Active,โรงพยาบาลศูนย์อุดรธานี,อด 0033.1/380/2568 ลงวันที่ 26 สิงหาคม 2568,,,,2026-05-14 17:43:14,System,,,,,,COMPANY,,FALSE,TOTAL,UDH-01292
1566,PRINTER THERMAL,ZEBRA,ZD421,D6J222613572,อาคารแพทย์แผนไทย,1,หอผู้ป่วยรวงผึ้ง,,จิตเวช,Active,โรงพยาบาลศูนย์อุดรธานี,อด 0033.1/380/2568 ลงวันที่ 26 สิงหาคม 2568,,,,2026-05-14 17:43:14,System,,,,,,COMPANY,,FALSE,TOTAL,UDH-01562
1567,SCANNERS,CANON,DR-C230,JA491972,อาคารแพทย์แผนไทย,1,หอผู้ป่วยรวงผึ้ง,,จิตเวช,Active,โรงพยาบาลศูนย์อุดรธานี,อด 0033.1/380/2568 ลงวันที่ 26 สิงหาคม 2568,,,,2026-05-14 17:43:14,System,,,,,,COMPANY,,FALSE,TOTAL,UDH-01563
1568,BARCODE SCANNERS,ZEBRA,DS2208,S22179010552072,ตึกศัลยกรรม,1,ICU ศัลยกรรม,,ICU/วิกฤต,Active,โรงพยาบาลศูนย์อุดรธานี,อด 0033.1/380/2568 ลงวันที่ 26 สิงหาคม 2568,,,,2026-05-14 17:43:14,System,,,,,,COMPANY,,FALSE,TOTAL,UDH-01564
1569,BARCODE SCANNERS,ZEBRA,DS2208,S22179010552263,ตึกศัลยกรรม,1,ศัลยกรรม 1 Trauma,,ศัลยกรรม,Active,โรงพยาบาลศูนย์อุดรธานี,อด 0033.1/380/2568 ลงวันที่ 26 สิงหาคม 2568,,,,2026-05-14 17:43:14,System,,,,,,COMPANY,,FALSE,TOTAL,UDH-01565
1570,BARCODE SCANNERS,ZEBRA,DS2208,S22179010552254,ตึกศัลยกรรม,1,ศัลยกรรม 1 Trauma,,ศัลยกรรม,Active,โรงพยาบาลศูนย์อุดรธานี,อด 0033.1/380/2568 ลงวันที่ 26 สิงหาคม 2568,,,,2026-05-14 17:43:14,System,,,,,,COMPANY,,FALSE,TOTAL,UDH-01566
1571,BARCODE SCANNERS,ZEBRA,DS2208,S22179010552069,ตึกศัลยกรรม,1,ศัลยกรรม 1 Trauma,,ศัลยกรรม,Active,โรงพยาบาลศูนย์อุดรธานี,อด 0033.1/380/2568 ลงวันที่ 26 สิงหาคม 2568,,,,2026-05-14 17:43:14,System,,,,,,COMPANY,,FALSE,TOTAL,UDH-01567
1572,PRINTER INKJET AIO,EPSON,L5290,X8H2029427,ตึกศัลยกรรม,1,ICU ศัลยกรรม,,ICU/วิกฤต,Disposed,โรงพยาบาลศูนย์อุดรธานี,อด 0033.1/380/2568 ลงวันที่ 26 สิงหาคม 2568,,,,2026-08-06 14:08:02,nikorn2527@gmail.com,,,,2026-08-06,,COMPANY,,TRUE,TOTAL,UDH-01568
1573,PRINTER INKJET AIO,EPSON,L5290,X8H2029050,ตึกศัลยกรรม,1,ICU ศัลยกรรม,,ICU/วิกฤต,Active,โรงพยาบาลศูนย์อุดรธานี,อด 0033.1/380/2568 ลงวันที่ 26 สิงหาคม 2568,,,,2026-05-14 17:43:14,System,,,,,,COMPANY,,TRUE,TOTAL,UDH-01569
1574,PRINTER INKJET AIO,EPSON,L5290,X8H2029121,ตึกเชี่ยวชาญ,4,หน่วยส่องกล้องระบบทางเดินหายใจ,,อายุรกรรมโรคปอดและระบบทางเดินหายใจ,Active,โรงพยาบาลศูนย์อุดรธานี,อด 0033.1/380/2568 ลงวันที่ 26 สิงหาคม 2568,,,,2026-05-14 17:43:14,System,,,,,,COMPANY,,TRUE,TOTAL,UDH-01570
1575,PRINTER INKJET AIO,EPSON,L5290,X8H2029152,ตึกศัลยกรรม,1,ศัลยกรรม 1 Trauma,,ศัลยกรรม,Active,โรงพยาบาลศูนย์อุดรธานี,อด 0033.1/380/2568 ลงวันที่ 26 สิงหาคม 2568,,,,2026-05-14 17:43:14,System,,,,,,COMPANY,,TRUE,TOTAL,UDH-01571
1576,PRINTER LASER,SAMSUNG,M4020ND,CNB3L1PSDX,ตึกศัลยกรรม,1,ศัลยกรรม 1 Trauma,,ศัลยกรรม,Retired,โรงพยาบาลศูนย์อุดรธานี,อด 0033.1/380/2568 ลงวันที่ 26 สิงหาคม 2568,,,,2026-05-28 17:45:24,nikorn2527@gmail.com,,,,,,COMPANY,,TRUE,TOTAL,UDH-01572
1577,PRINTER THERMAL,ZEBRA,ZD421,D6J222613114,ตึกศัลยกรรม,1,ICU ศัลยกรรม,,ICU/วิกฤต,Active,โรงพยาบาลศูนย์อุดรธานี,อด 0033.1/380/2568 ลงวันที่ 26 สิงหาคม 2568,,,,2026-05-14 17:43:14,System,,,,,,COMPANY,,FALSE,TOTAL,UDH-01573
1578,PRINTER THERMAL,ZEBRA,ZD421,D6J222614711,ตึกศัลยกรรม,1,ICU ศัลยกรรม,,ICU/วิกฤต,Active,โรงพยาบาลศูนย์อุดรธานี,อด 0033.1/380/2568 ลงวันที่ 26 สิงหาคม 2568,,,,2026-05-14 17:43:14,System,,,,,,COMPANY,,FALSE,TOTAL,UDH-01574
1579,PRINTER THERMAL,ZEBRA,ZD421,D6J222700915,ตึกศัลยกรรม,1,ศัลยกรรม 1 Trauma,,ศัลยกรรม,Active,โรงพยาบาลศูนย์อุดรธานี,อด 0033.1/380/2568 ลงวันที่ 26 สิงหาคม 2568,,,,2026-05-14 17:43:14,System,,,,,,COMPANY,,FALSE,TOTAL,UDH-01575
1580,PRINTER THERMAL,ZEBRA,ZD421,D6J222700848,ตึกศัลยกรรม,1,ศัลยกรรม 1 Trauma,,ศัลยกรรม,Active,โรงพยาบาลศูนย์อุดรธานี,อด 0033.1/380/2568 ลงวันที่ 26 สิงหาคม 2568,,,,2026-05-14 17:43:14,System,,,,,,COMPANY,,FALSE,TOTAL,UDH-01576
1581,SCANNERS,CANON,DR-C230,JA491977,ตึกศัลยกรรม,1,ICU ศัลยกรรม,,ICU/วิกฤต,Active,โรงพยาบาลศูนย์อุดรธานี,อด 0033.1/380/2568 ลงวันที่ 26 สิงหาคม 2568,,,,2026-05-14 17:43:14,System,,,,,,COMPANY,,FALSE,TOTAL,UDH-01577
1582,SCANNERS,CANON,DR-C230,JA491950,ตึกศัลยกรรม,1,ศัลยกรรม 1 Trauma,,ศัลยกรรม,Active,โรงพยาบาลศูนย์อุดรธานี,อด 0033.1/380/2568 ลงวันที่ 26 สิงหาคม 2568,,,,2026-05-14 17:43:14,System,,,,,,COMPANY,,FALSE,TOTAL,UDH-01578
1583,SCANNERS,CANON,DR-C230,JA491902,ตึกศัลยกรรม,1,ศัลยกรรม 1 Trauma,,ศัลยกรรม,Active,โรงพยาบาลศูนย์อุดรธานี,อด 0033.1/380/2568 ลงวันที่ 26 สิงหาคม 2568,,,,2026-05-14 17:43:14,System,,,,,,COMPANY,,FALSE,TOTAL,UDH-01579
1584,BARCODE SCANNERS,ZEBRA,DS2208,S22149010555306,ตึกศัลยกรรม,2,ศัลยกรรมดูแลบาดแผล Wound Care,,ศัลยกรรม,Active,โรงพยาบาลศูนย์อุดรธานี,อด 0033.1/380/2568 ลงวันที่ 26 สิงหาคม 2568,,,,2026-05-14 17:43:14,System,,,,,,COMPANY,,FALSE,TOTAL,UDH-01580
1585,BARCODE SCANNERS,ZEBRA,DS2208,S22179010552264,ตึกศัลยกรรม,2,ศัลยกรรมประสาท,,ศัลยกรรม,Active,โรงพยาบาลศูนย์อุดรธานี,อด 0033.1/380/2568 ลงวันที่ 26 สิงหาคม 2568,,,,2026-05-14 17:43:14,System,,,,,,COMPANY,,FALSE,TOTAL,UDH-01581
1586,BARCODE SCANNERS,ZEBRA,DS2208,S22179010552068,ตึกศัลยกรรม,2,ศัลยกรรมประสาท,,ศัลยกรรม,Active,โรงพยาบาลศูนย์อุดรธานี,อด 0033.1/380/2568 ลงวันที่ 26 สิงหาคม 2568,,,,2026-05-14 17:43:14,System,,,,,,COMPANY,,FALSE,TOTAL,UDH-01582
1587,PRINTER INKJET AIO,EPSON,L5290,X8H2028206,ตึกศัลยกรรม,2,ศัลยกรรมดูแลบาดแผล Wound Care,,ศัลยกรรม,Active,โรงพยาบาลศูนย์อุดรธานี,อด 0033.1/380/2568 ลงวันที่ 26 สิงหาคม 2568,,,,2026-05-14 17:43:14,System,,,,,,COMPANY,,TRUE,TOTAL,UDH-01583
1588,PRINTER INKJET AIO,EPSON,L5290,X8H2029583,ตึกศัลยกรรม,2,ศัลยกรรมประสาท,,ศัลยกรรม,Active,โรงพยาบาลศูนย์อุดรธานี,อด 0033.1/380/2568 ลงวันที่ 26 สิงหาคม 2568,,,,2026-05-14 17:43:14,System,,,,,,COMPANY,,TRUE,TOTAL,UDH-01584
1589,PRINTER INKJET AIO,EPSON,L5290,X8H2028208,ตึกศัลยกรรม,2,ศัลยกรรมประสาท,,ศัลยกรรม,Active,โรงพยาบาลศูนย์อุดรธานี,อด 0033.1/380/2568 ลงวันที่ 26 สิงหาคม 2568,,,,2026-05-14 17:43:14,System,,,,,,COMPANY,,TRUE,TOTAL,UDH-01585
1590,PRINTER INKJET AIO,EPSON,L5290,X8H2029562,ตึกศัลยกรรม,2,ศัลยกรรมประสาท,,ศัลยกรรม,Retired,โรงพยาบาลศูนย์อุดรธานี,อด 0033.1/380/2568 ลงวันที่ 26 สิงหาคม 2568,,,,2026-07-21 13:14:41,bie3110greedisgood@gmail.con,,,,2026-07-21,,COMPANY,,TRUE,TOTAL,UDH-01586
1591,PRINTER LASER,OKI,ES5112,BW21011720C0,ตึกเชี่ยวชาญ,7,ICU ศัลยกรรมประสาท,,ศัลยกรรมประสาท,Active,โรงพยาบาลศูนย์อุดรธานี,อด 0033.1/380/2568 ลงวันที่ 26 สิงหาคม 2568,,,,2026-05-14 17:43:14,System,,,,,,COMPANY,,TRUE,TOTAL,UDH-01587
1592,PRINTER THERMAL,ZEBRA,ZD421,D6J222613800,ตึกศัลยกรรม,2,ศัลยกรรมดูแลบาดแผล Wound Care,,ศัลยกรรม,Retired,โรงพยาบาลศูนย์อุดรธานี,อด 0033.1/380/2568 ลงวันที่ 26 สิงหาคม 2568,,,,2026-05-14 17:43:14,System,,,,,,COMPANY,,FALSE,TOTAL,UDH-01588
1593,PRINTER THERMAL,ZEBRA,ZD421,D6J222613651,ตึกศัลยกรรม,2,ศัลยกรรมประสาท,,ศัลยกรรม,Active,โรงพยาบาลศูนย์อุดรธานี,อด 0033.1/380/2568 ลงวันที่ 26 สิงหาคม 2568,,,,2026-05-14 17:43:14,System,,,,,,COMPANY,,FALSE,TOTAL,UDH-01589
1594,PRINTER THERMAL,ZEBRA,ZD421,D6J222702139,ตึกศัลยกรรม,2,ศัลยกรรมประสาท,,ศัลยกรรม,Active,โรงพยาบาลศูนย์อุดรธานี,อด 0033.1/380/2568 ลงวันที่ 26 สิงหาคม 2568,,,,2026-05-14 17:43:14,System,,,,,,COMPANY,,FALSE,TOTAL,UDH-01590
1595,SCANNERS,CANON,DR-C230,JA491763,ตึกศัลยกรรม,2,ศัลยกรรมดูแลบาดแผล Wound Care,,ศัลยกรรม,Active,โรงพยาบาลศูนย์อุดรธานี,อด 0033.1/380/2568 ลงวันที่ 26 สิงหาคม 2568,,,,2026-05-14 17:43:14,System,,,,,,COMPANY,,FALSE,TOTAL,UDH-01591
1596,SCANNERS,CANON,DR-C230,JA491992,ตึกศัลยกรรม,2,ศัลยกรรมประสาท,,ศัลยกรรม,Active,โรงพยาบาลศูนย์อุดรธานี,อด 0033.1/380/2568 ลงวันที่ 26 สิงหาคม 2568,,,,2026-05-14 17:43:14,System,,,,,,COMPANY,,FALSE,TOTAL,UDH-01592
1597,BARCODE SCANNERS,ZEBRA,DS2208,S22179010552240,ตึกศัลยกรรม,3,ศัลยกรรมหญิง,,ศัลยกรรม,Active,โรงพยาบาลศูนย์อุดรธานี,อด 0033.1/380/2568 ลงวันที่ 26 สิงหาคม 2568,,,,2026-05-14 17:43:14,System,,,,,,COMPANY,,FALSE,TOTAL,UDH-01593
1598,BARCODE SCANNERS,ZEBRA,DS2208,S22179010552253,ตึกศัลยกรรม,3,ศัลยกรรมหญิง,,ศัลยกรรม,Active,โรงพยาบาลศูนย์อุดรธานี,อด 0033.1/380/2568 ลงวันที่ 26 สิงหาคม 2568,,,,2026-05-14 17:43:14,System,,,,,,COMPANY,,FALSE,TOTAL,UDH-01594
1599,BARCODE SCANNERS,ZEBRA,DS2208,S22179010552073,ตึกศัลยกรรม,3,ศัลยกรรมหญิง,,ศัลยกรรม,Active,โรงพยาบาลศูนย์อุดรธานี,อด 0033.1/380/2568 ลงวันที่ 26 สิงหาคม 2568,,,,2026-05-14 17:43:14,System,,,,,,COMPANY,,FALSE,TOTAL,UDH-01595
1600,PRINTER INKJET AIO,EPSON,L5290,X8H2029158,ตึกศัลยกรรม,3,ศัลยกรรมหญิง,,ศัลยกรรม,Active,โรงพยาบาลศูนย์อุดรธานี,อด 0033.1/380/2568 ลงวันที่ 26 สิงหาคม 2568,,,,2026-05-14 17:43:14,System,,,,,,COMPANY,,TRUE,TOTAL,UDH-01596
1601,PRINTER INKJET AIO,EPSON,L5290,X8H2029095,ตึกศัลยกรรม,3,ศัลยกรรมหญิง,,ศัลยกรรม,Active,โรงพยาบาลศูนย์อุดรธานี,อด 0033.1/380/2568 ลงวันที่ 26 สิงหาคม 2568,,,,2026-05-14 17:43:14,System,,,,,,COMPANY,,TRUE,TOTAL,UDH-01597
1602,PRINTER THERMAL,ZEBRA,ZD421,D6J222613659,ตึกศัลยกรรม,3,ศัลยกรรมหญิง,,ศัลยกรรม,Active,โรงพยาบาลศูนย์อุดรธานี,อด 0033.1/380/2568 ลงวันที่ 26 สิงหาคม 2568,,,,2026-05-14 17:43:14,System,,,,,,COMPANY,,FALSE,TOTAL,UDH-01598
1603,PRINTER THERMAL,ZEBRA,ZD421,D6J222614777,ตึกศัลยกรรม,3,ศัลยกรรมหญิง,,ศัลยกรรม,Active,โรงพยาบาลศูนย์อุดรธานี,อด 0033.1/380/2568 ลงวันที่ 26 สิงหาคม 2568,,,,2026-05-14 17:43:14,System,,,,,,COMPANY,,FALSE,TOTAL,UDH-01599
1604,SCANNERS,CANON,DR-C230,JA491766,ตึกศัลยกรรม,3,ศัลยกรรมหญิง,,ศัลยกรรม,Active,โรงพยาบาลศูนย์อุดรธานี,อด 0033.1/380/2568 ลงวันที่ 26 สิงหาคม 2568,,,,2026-05-14 17:43:14,System,,,,,,COMPANY,,FALSE,TOTAL,UDH-01600
1605,BARCODE SCANNERS,ZEBRA,DS2208,S22178010553674,ตึกศัลยกรรม,4,ศัลยกรรมระบบปัสาวะ,,ศัลยกรรม,Active,โรงพยาบาลศูนย์อุดรธานี,อด 0033.1/380/2568 ลงวันที่ 26 สิงหาคม 2568,,,,2026-05-14 17:43:14,System,,,,,,COMPANY,,FALSE,TOTAL,UDH-01601
1606,BARCODE SCANNERS,ZEBRA,DS2208,S22178010553960,ตึกศัลยกรรม,4,ศัลยกรรมระบบปัสาวะ,,ศัลยกรรม,Active,โรงพยาบาลศูนย์อุดรธานี,อด 0033.1/380/2568 ลงวันที่ 26 สิงหาคม 2568,,,,2026-05-14 17:43:14,System,,,,,,COMPANY,,FALSE,TOTAL,UDH-01602
1607,PRINTER INKJET AIO,EPSON,L5290,X8H2028210,ตึกเชี่ยวชาญ,6,CVT Cath Lab,,ศัลยกรรมหัวใจและทรวงอก,Active,โรงพยาบาลศูนย์อุดรธานี,อด 0033.1/380/2568 ลงวันที่ 26 สิงหาคม 2568,,,,2026-05-14 17:43:14,System,,,,,,COMPANY,,TRUE,TOTAL,UDH-01603
1608,PRINTER LASER,HP,M402DN,PHCFD06254,ตึกศัลยกรรม,4,ศัลยกรรมระบบปัสาวะ,,ศัลยกรรม,Retired,โรงพยาบาลศูนย์อุดรธานี,อด 0033.1/380/2568 ลงวันที่ 26 สิงหาคม 2568,,,,2026-05-14 17:43:14,System,,,,,,COMPANY,,TRUE,TOTAL,UDH-01604
1609,PRINTER LASER,OKI,ES5112,BW21011698C0,ตึกศัลยกรรม,4,ศัลยกรรมระบบปัสาวะ,,ศัลยกรรม,Active,โรงพยาบาลศูนย์อุดรธานี,อด 0033.1/380/2568 ลงวันที่ 26 สิงหาคม 2568,,,,2026-05-14 17:43:14,System,,,,,,COMPANY,,TRUE,TOTAL,UDH-01605
1610,PRINTER THERMAL,ZEBRA,ZD421,D6J222614726,ตึกศัลยกรรม,4,ศัลยกรรมระบบปัสาวะ,,ศัลยกรรม,Active,โรงพยาบาลศูนย์อุดรธานี,อด 0033.1/380/2568 ลงวันที่ 26 สิงหาคม 2568,,,,2026-05-14 17:43:14,System,,,,,,COMPANY,,FALSE,TOTAL,UDH-01606
1611,PRINTER THERMAL,ZEBRA,ZD421,D6J222702172,ตึกศัลยกรรม,4,ศัลยกรรมระบบปัสาวะ,,ศัลยกรรม,Active,โรงพยาบาลศูนย์อุดรธานี,อด 0033.1/380/2568 ลงวันที่ 26 สิงหาคม 2568,,,,2026-05-14 17:43:14,System,,,,,,COMPANY,,FALSE,TOTAL,UDH-01607
1612,PRINTER THERMAL,ZEBRA,ZD421,D6J222613559,ตึกศัลยกรรม,4,ศัลยกรรมระบบปัสาวะ,,ศัลยกรรม,Active,โรงพยาบาลศูนย์อุดรธานี,อด 0033.1/380/2568 ลงวันที่ 26 สิงหาคม 2568,,,,2026-05-14 17:43:14,System,,,,,,COMPANY,,FALSE,TOTAL,UDH-01608
1613,SCANNERS,CANON,DR-C230,JA491769,ตึกศัลยกรรม,4,ศัลยกรรมระบบปัสาวะ,,ศัลยกรรม,Active,โรงพยาบาลศูนย์อุดรธานี,อด 0033.1/380/2568 ลงวันที่ 26 สิงหาคม 2568,,,,2026-05-14 17:43:14,System,,,,,,COMPANY,,FALSE,TOTAL,UDH-01609
1614,BARCODE SCANNERS,ZEBRA,DS2208,S22179010552196,ตึกศัลยกรรม,5,ศัลยกรรมไฟ้ไหม้น้ำร้อนลวก Burn,,ศัลยกรรม,Active,โรงพยาบาลศูนย์อุดรธานี,อด 0033.1/380/2568 ลงวันที่ 26 สิงหาคม 2568,,,,2026-05-14 17:43:14,System,,,,,,COMPANY,,FALSE,TOTAL,UDH-01610
1615,BARCODE SCANNERS,ZEBRA,DS2208,S22179010552071,ตึกศัลยกรรม,5,ศัลยกรรมไฟ้ไหม้น้ำร้อนลวก Burn,,ศัลยกรรม,Active,โรงพยาบาลศูนย์อุดรธานี,อด 0033.1/380/2568 ลงวันที่ 26 สิงหาคม 2568,,,,2026-05-14 17:43:14,System,,,,,,COMPANY,,FALSE,TOTAL,UDH-01611
1616,BARCODE SCANNERS,ZEBRA,DS2208,S22178010553672,ตึกศัลยกรรม,5,ศัลยกรรมไฟ้ไหม้น้ำร้อนลวก Burn,,ศัลยกรรม,Active,โรงพยาบาลศูนย์อุดรธานี,อด 0033.1/380/2568 ลงวันที่ 26 สิงหาคม 2568,,,,2026-05-14 17:43:14,System,,,,,,COMPANY,,FALSE,TOTAL,UDH-01612
1617,BARCODE SCANNERS,ZEBRA,DS2208,S22178010553662,ตึกศัลยกรรม,5,ศัลยกรรมไฟ้ไหม้น้ำร้อนลวก Burn,,ศัลยกรรม,Active,โรงพยาบาลศูนย์อุดรธานี,อด 0033.1/380/2568 ลงวันที่ 26 สิงหาคม 2568,,,,2026-05-14 17:43:14,System,,,,,,COMPANY,,FALSE,TOTAL,UDH-01613
1618,BARCODE SCANNERS,ZEBRA,DS2208,S22178010553681,ตึกศัลยกรรม,5,ศัลยกรรมไฟ้ไหม้น้ำร้อนลวก Burn,,ศัลยกรรม,Active,โรงพยาบาลศูนย์อุดรธานี,อด 0033.1/380/2568 ลงวันที่ 26 สิงหาคม 2568,,,,2026-05-14 17:43:14,System,,,,,,COMPANY,,FALSE,TOTAL,UDH-01614
1619,PRINTER INKJET AIO,EPSON,L5290,X8H2029127,ตึกศัลยกรรม,5,ศัลยกรรมไฟ้ไหม้น้ำร้อนลวก Burn,,ศัลยกรรม,Active,โรงพยาบาลศูนย์อุดรธานี,อด 0033.1/380/2568 ลงวันที่ 26 สิงหาคม 2568,,,,2026-05-14 17:43:14,System,,,,,,COMPANY,,TRUE,TOTAL,UDH-01615
1620,PRINTER INKJET AIO,EPSON,L5290,X8H2029188,ตึกศัลยกรรม,5,ศัลยกรรมไฟ้ไหม้น้ำร้อนลวก Burn,,ศัลยกรรม,Active,โรงพยาบาลศูนย์อุดรธานี,อด 0033.1/380/2568 ลงวันที่ 26 สิงหาคม 2568,,,,2026-05-14 17:43:14,System,,,,,,COMPANY,,TRUE,TOTAL,UDH-01616
1621,PRINTER INKJET AIO,EPSON,L5290,X8H2029203,ตึกศัลยกรรม,5,ศัลยกรรมไฟ้ไหม้น้ำร้อนลวก Burn,,ศัลยกรรม,Active,โรงพยาบาลศูนย์อุดรธานี,อด 0033.1/380/2568 ลงวันที่ 26 สิงหาคม 2568,,,,2026-05-14 17:43:14,System,,,,,,COMPANY,,TRUE,TOTAL,UDH-01617
1622,PRINTER LASER,HP,M402DN,PHCFD06221,ตึกศัลยกรรม,5,ศัลยกรรมไฟ้ไหม้น้ำร้อนลวก Burn,,ศัลยกรรม,Retired,โรงพยาบาลศูนย์อุดรธานี,อด 0033.1/380/2568 ลงวันที่ 26 สิงหาคม 2568,,,,2026-05-14 17:43:14,System,,,,,,COMPANY,,TRUE,TOTAL,UDH-01618
1623,PRINTER LASER,SAMSUNG,M4020ND,CNB3KD4G3D,ตึกศัลยกรรม,5,ศัลยกรรมไฟ้ไหม้น้ำร้อนลวก Burn,,ศัลยกรรม,Retired,โรงพยาบาลศูนย์อุดรธานี,อด 0033.1/380/2568 ลงวันที่ 26 สิงหาคม 2568,,,,2026-05-14 17:43:14,System,,,,,,COMPANY,,TRUE,TOTAL,UDH-01619
1624,PRINTER THERMAL,ZEBRA,ZD421,D6J222614762,ตึกศัลยกรรม,5,ศัลยกรรมไฟ้ไหม้น้ำร้อนลวก Burn,,ศัลยกรรม,Active,โรงพยาบาลศูนย์อุดรธานี,อด 0033.1/380/2568 ลงวันที่ 26 สิงหาคม 2568,,,,2026-05-14 17:43:14,System,,,,,,COMPANY,,FALSE,TOTAL,UDH-01620
1625,PRINTER THERMAL,ZEBRA,ZD421,D6J222614648,ตึกศัลยกรรม,5,ศัลยกรรมไฟ้ไหม้น้ำร้อนลวก Burn,,ศัลยกรรม,Active,โรงพยาบาลศูนย์อุดรธานี,อด 0033.1/380/2568 ลงวันที่ 26 สิงหาคม 2568,,,,2026-05-14 17:43:14,System,,,,,,COMPANY,,FALSE,TOTAL,UDH-01621
1626,PRINTER THERMAL,ZEBRA,ZD421,D6J222613724,ตึกศัลยกรรม,5,ศัลยกรรมไฟ้ไหม้น้ำร้อนลวก Burn,,ศัลยกรรม,Active,โรงพยาบาลศูนย์อุดรธานี,อด 0033.1/380/2568 ลงวันที่ 26 สิงหาคม 2568,,,,2026-05-14 17:43:14,System,,,,,,COMPANY,,FALSE,TOTAL,UDH-01622
1627,PRINTER THERMAL,ZEBRA,ZD421,D6J222702155,ตึกศัลยกรรม,5,ศัลยกรรมไฟ้ไหม้น้ำร้อนลวก Burn,,ศัลยกรรม,Active,โรงพยาบาลศูนย์อุดรธานี,อด 0033.1/380/2568 ลงวันที่ 26 สิงหาคม 2568,,,,2026-05-14 17:43:14,System,,,,,,COMPANY,,FALSE,TOTAL,UDH-01623
1628,SCANNERS,CANON,DR-C230,JA491932,ตึกศัลยกรรม,5,ศัลยกรรมไฟ้ไหม้น้ำร้อนลวก Burn,,ศัลยกรรม,Active,โรงพยาบาลศูนย์อุดรธานี,อด 0033.1/380/2568 ลงวันที่ 26 สิงหาคม 2568,,,,2026-05-14 17:43:14,System,,,,,,COMPANY,,FALSE,TOTAL,UDH-01624
1629,SCANNERS,CANON,DR-C230,JA491957,ตึกศัลยกรรม,5,ศัลยกรรมไฟ้ไหม้น้ำร้อนลวก Burn,,ศัลยกรรม,Active,โรงพยาบาลศูนย์อุดรธานี,อด 0033.1/380/2568 ลงวันที่ 26 สิงหาคม 2568,,,,2026-05-14 17:43:14,System,,,,,,COMPANY,,FALSE,TOTAL,UDH-01625
1630,SCANNERS,CANON,DR-C230,JA491943,ตึกศัลยกรรม,5,ศัลยกรรมไฟ้ไหม้น้ำร้อนลวก Burn,,ศัลยกรรม,Active,โรงพยาบาลศูนย์อุดรธานี,อด 0033.1/380/2568 ลงวันที่ 26 สิงหาคม 2568,,,,2026-05-14 17:43:14,System,,,,,,COMPANY,,FALSE,TOTAL,UDH-01626
1631,SCANNERS,CANON,DR-C230,JA491987,ตึกศัลยกรรม,5,ศัลยกรรมไฟ้ไหม้น้ำร้อนลวก Burn,,ศัลยกรรม,Active,โรงพยาบาลศูนย์อุดรธานี,อด 0033.1/380/2568 ลงวันที่ 26 สิงหาคม 2568,,,,2026-05-14 17:43:14,System,,,,,,COMPANY,,FALSE,TOTAL,UDH-01627
1632,BARCODE SCANNERS,ZEBRA,DS2208,S22178010553633,ตึกศัลยกรรม,6,ศัลยกรรมชาย,,ศัลยกรรม,Active,โรงพยาบาลศูนย์อุดรธานี,อด 0033.1/380/2568 ลงวันที่ 26 สิงหาคม 2568,,,,2026-05-14 17:43:14,System,,,,,,COMPANY,,FALSE,TOTAL,UDH-01628
1633,BARCODE SCANNERS,ZEBRA,DS2208,S22178010553671,ตึกศัลยกรรม,6,ศัลยกรรมชาย,,ศัลยกรรม,Active,โรงพยาบาลศูนย์อุดรธานี,อด 0033.1/380/2568 ลงวันที่ 26 สิงหาคม 2568,,,,2026-05-14 17:43:14,System,,,,,,COMPANY,,FALSE,TOTAL,UDH-01629
1634,BARCODE SCANNERS,ZEBRA,DS2208,S22178010553639,ตึกศัลยกรรม,6,ศัลยกรรมชาย,,ศัลยกรรม,Active,โรงพยาบาลศูนย์อุดรธานี,อด 0033.1/380/2568 ลงวันที่ 26 สิงหาคม 2568,,,,2026-05-14 17:43:14,System,,,,,,COMPANY,,FALSE,TOTAL,UDH-01630
1635,PRINTER INKJET AIO,EPSON,L5290,X8H2029045,PPIT,F1,PPIT,,,Retired,PPIT,,,,,2026-06-08 08:43:18,nikorn2527@gmail.com,,,,2026-06-08,,COMPANY,,TRUE,TOTAL,PPIT-00005
1636,PRINTER LASER,SAMSUNG,M4020ND,CNB3L1PSDK,ตึกศัลยกรรม,6,ศัลยกรรมชาย,,ศัลยกรรม,Retired,โรงพยาบาลศูนย์อุดรธานี,อด 0033.1/380/2568 ลงวันที่ 26 สิงหาคม 2568,,,,2026-05-28 17:46:21,nikorn2527@gmail.com,,,,,,COMPANY,,TRUE,TOTAL,UDH-01631
1637,PRINTER LASER,HP,M404DN,PHFXB15482,ตึกศัลยกรรม,6,ศัลยกรรมชาย,,ศัลยกรรม,Retired,โรงพยาบาลศูนย์อุดรธานี,อด 0033.1/380/2568 ลงวันที่ 26 สิงหาคม 2568,,,,2026-05-14 17:43:14,System,,,,,,COMPANY,,TRUE,TOTAL,UDH-01632
1638,PRINTER THERMAL,ZEBRA,ZD421,D6J222613732,ตึกศัลยกรรม,6,ศัลยกรรมชาย,,ศัลยกรรม,Active,โรงพยาบาลศูนย์อุดรธานี,อด 0033.1/380/2568 ลงวันที่ 26 สิงหาคม 2568,,,,2026-05-14 17:43:14,System,,,,,,COMPANY,,FALSE,TOTAL,UDH-01633
1639,SCANNERS,CANON,DR-C230,JA491976,ตึกศัลยกรรม,6,ศัลยกรรมชาย,,ศัลยกรรม,Active,โรงพยาบาลศูนย์อุดรธานี,อด 0033.1/380/2568 ลงวันที่ 26 สิงหาคม 2568,,,,2026-05-14 17:43:14,System,,,,,,COMPANY,,FALSE,TOTAL,UDH-01634
1640,SCANNERS,CANON,DR-C230,JA491931,ตึกศัลยกรรม,6,ศัลยกรรมชาย,,ศัลยกรรม,Active,โรงพยาบาลศูนย์อุดรธานี,อด 0033.1/380/2568 ลงวันที่ 26 สิงหาคม 2568,,,,2026-05-14 17:43:14,System,,,,,,COMPANY,,FALSE,TOTAL,UDH-01635
1641,BARCODE SCANNERS,ZEBRA,DS2208,S22149010553951,ตึกศัลยกรรม,7,ศัลยกรรมพิเศษ,,ศัลยกรรม,Active,โรงพยาบาลศูนย์อุดรธานี,อด 0033.1/380/2568 ลงวันที่ 26 สิงหาคม 2568,,,,2026-05-14 17:43:14,System,,,,,,COMPANY,,FALSE,TOTAL,UDH-01636
1642,BARCODE SCANNERS,ZEBRA,DS2208,S22178010553997,ตึกศัลยกรรม,7,ศัลยกรรมพิเศษ,,ศัลยกรรม,Active,โรงพยาบาลศูนย์อุดรธานี,อด 0033.1/380/2568 ลงวันที่ 26 สิงหาคม 2568,,,,2026-05-14 17:43:14,System,,,,,,COMPANY,,FALSE,TOTAL,UDH-01637
1643,PRINTER INKJET AIO,EPSON,L5290,X8H2027165,ตึกศัลยกรรม,7,ศัลยกรรมพิเศษ,,ศัลยกรรม,Active,โรงพยาบาลศูนย์อุดรธานี,อด 0033.1/380/2568 ลงวันที่ 26 สิงหาคม 2568,,,,2026-05-14 17:43:14,System,,,,,,COMPANY,,TRUE,TOTAL,UDH-01638
1644,PRINTER INKJET AIO,EPSON,L5290,X8H2029194,ตึกศัลยกรรม,7,ศัลยกรรมพิเศษ,,ศัลยกรรม,Active,โรงพยาบาลศูนย์อุดรธานี,อด 0033.1/380/2568 ลงวันที่ 26 สิงหาคม 2568,,,,2026-05-14 17:43:14,System,,,,,,COMPANY,,TRUE,TOTAL,UDH-01639
1645,PRINTER INKJET AIO,EPSON,L5290,X8H2029413,ตึกศัลยกรรม,7,ศัลยกรรมพิเศษ,,ศัลยกรรม,Active,โรงพยาบาลศูนย์อุดรธานี,อด 0033.1/380/2568 ลงวันที่ 26 สิงหาคม 2568,,,,2026-05-14 17:43:14,System,,,,,,COMPANY,,TRUE,TOTAL,UDH-01640
1646,PRINTER THERMAL,ZEBRA,ZD421,D6J222613743,ตึกศัลยกรรม,7,ศัลยกรรมพิเศษ,,ศัลยกรรม,Active,โรงพยาบาลศูนย์อุดรธานี,อด 0033.1/380/2568 ลงวันที่ 26 สิงหาคม 2568,,,,2026-05-14 17:43:14,System,,,,,,COMPANY,,FALSE,TOTAL,UDH-01641
1647,SCANNERS,CANON,DR-C230,JA491958,ตึกศัลยกรรม,7,ศัลยกรรมพิเศษ,,ศัลยกรรม,Active,โรงพยาบาลศูนย์อุดรธานี,อด 0033.1/380/2568 ลงวันที่ 26 สิงหาคม 2568,,,,2026-05-14 17:43:14,System,,,,,,COMPANY,,FALSE,TOTAL,UDH-01642
1648,SCANNERS,CANON,DR-C230,JA491930,ตึกศัลยกรรม,7,ศัลยกรรมพิเศษ,,ศัลยกรรม,Active,โรงพยาบาลศูนย์อุดรธานี,อด 0033.1/380/2568 ลงวันที่ 26 สิงหาคม 2568,,,,2026-05-14 17:43:14,System,,,,,,COMPANY,,FALSE,TOTAL,UDH-01643
1649,PRINTER INKJET,EPSON,M3170,X5TT024002,ตึกศูนย์แพทย์,1,ธุรการศูนย์แพทย์,,,Active,ศูนย์แพทย์โรงพยาบาลศูนย์อุดรธานี,,,,,2026-05-14 17:43:14,System,,,,,,COMPANY,,TRUE,TOTAL,MECUD-00001
1650,PRINTER INKJET,EPSON,M3170,X5TT024223,ตึกศูนย์แพทย์,1,ธุรการศูนย์แพทย์,,,Active,ศูนย์แพทย์โรงพยาบาลศูนย์อุดรธานี,,,,,2026-05-14 17:43:14,System,,,,,,COMPANY,,TRUE,TOTAL,MECUD-00002
1297,SCANNERS,CANON,DR-C230,JA491964,ตึกผู้ป่วยนอก (OPD),5,ห้องบัตร,,เวชระเบียน,Active,โรงพยาบาลศูนย์อุดรธานี,อด 0033.1/380/2568 ลงวันที่ 26 สิงหาคม 2568,,,,2026-05-14 17:43:14,System,,,,,,COMPANY,,FALSE,TOTAL,UDH-01293
586,BARCODE SCANNERS,ZEBRA,DS2208,S22179010552396,ตึกผู้ป่วยนอก (OPD),1,ห้องบัตร,,เวชระเบียน,Active,โรงพยาบาลศูนย์อุดรธานี,อด 0033.1/380/2568 ลงวันที่ 26 สิงหาคม 2568,,,,2026-05-14 17:43:14,System,,,,,,COMPANY,,FALSE,TOTAL,UDH-00582
587,BARCODE SCANNERS,ZEBRA,DS2208,S22179010552363,ตึกผู้ป่วยนอก (OPD),1,ห้องบัตร,,เวชระเบียน,Active,โรงพยาบาลศูนย์อุดรธานี,อด 0033.1/380/2568 ลงวันที่ 26 สิงหาคม 2568,,,,2026-05-14 17:43:14,System,,,,,,COMPANY,,FALSE,TOTAL,UDH-00583
588,BARCODE SCANNERS,ZEBRA,DS2208,S22179010552369,ตึกผู้ป่วยนอก (OPD),1,ห้องบัตร,,เวชระเบียน,Active,โรงพยาบาลศูนย์อุดรธานี,อด 0033.1/380/2568 ลงวันที่ 26 สิงหาคม 2568,,,,2026-05-14 17:43:14,System,,,,,,COMPANY,,FALSE,TOTAL,UDH-00584
1655,PRINTER INKJET AIO,EPSON,L5290,X8H2028233,ตึกศูนย์แพทย์,G,กลุ่มงานพัฒนาทรัพยากรบุคคล,,,Active,ศูนย์แพทย์โรงพยาบาลศูนย์อุดรธานี,,,,,2026-07-03 16:10:06,nikorn2527@gmail.com,,,,,,COMPANY,,TRUE,BW_COLOR,MECUD-00006
1656,BARCODE SCANNERS,ZEBRA,DS2208,S22176010553246,ตึกสงฆ์เก่า,1,คลินิกวัณโรค,,คลินิกเฉพาะโรค,Active,โรงพยาบาลศูนย์อุดรธานี,อด 0033.1/380/2568 ลงวันที่ 26 สิงหาคม 2568,,,,2026-05-14 17:43:14,System,,,,,,COMPANY,,FALSE,TOTAL,UDH-01645
1657,BARCODE SCANNERS,ZEBRA,DS2208,S22176010553243,ตึกสงฆ์เก่า,1,คลินิกวัณโรค,,คลินิกเฉพาะโรค,Active,โรงพยาบาลศูนย์อุดรธานี,อด 0033.1/380/2568 ลงวันที่ 26 สิงหาคม 2568,,,,2026-05-14 17:43:14,System,,,,,,COMPANY,,FALSE,TOTAL,UDH-01646
1658,BARCODE SCANNERS,ZEBRA,DS2208,S22176010553251,ตึกสงฆ์เก่า,1,คลินิกวัณโรค,,คลินิกเฉพาะโรค,Active,โรงพยาบาลศูนย์อุดรธานี,อด 0033.1/380/2568 ลงวันที่ 26 สิงหาคม 2568,,,,2026-05-14 17:43:14,System,,,,,,COMPANY,,FALSE,TOTAL,UDH-01647
1659,BARCODE SCANNERS,ZEBRA,DS2208,S22176010553255,ตึกสงฆ์เก่า,1,คลินิกวัณโรค,,คลินิกเฉพาะโรค,Active,โรงพยาบาลศูนย์อุดรธานี,อด 0033.1/380/2568 ลงวันที่ 26 สิงหาคม 2568,,,,2026-05-14 17:43:14,System,,,,,,COMPANY,,FALSE,TOTAL,UDH-01648
1660,BARCODE SCANNERS,ZEBRA,DS2208,S22176010553270,ตึกสงฆ์เก่า,1,คลินิกวัณโรค,,คลินิกเฉพาะโรค,Active,โรงพยาบาลศูนย์อุดรธานี,อด 0033.1/380/2568 ลงวันที่ 26 สิงหาคม 2568,,,,2026-05-14 17:43:14,System,,,,,,COMPANY,,FALSE,TOTAL,UDH-01649
589,BARCODE SCANNERS,ZEBRA,DS2208,S22179010552394,ตึกผู้ป่วยนอก (OPD),1,ห้องบัตร,,เวชระเบียน,Active,โรงพยาบาลศูนย์อุดรธานี,อด 0033.1/380/2568 ลงวันที่ 26 สิงหาคม 2568,,,,2026-05-14 17:43:14,System,,,,,,COMPANY,,FALSE,TOTAL,UDH-00585
590,BARCODE SCANNERS,ZEBRA,DS2208,S22179010552400,ตึกผู้ป่วยนอก (OPD),1,ห้องบัตร,,เวชระเบียน,Active,โรงพยาบาลศูนย์อุดรธานี,อด 0033.1/380/2568 ลงวันที่ 26 สิงหาคม 2568,,,,2026-05-14 17:43:14,System,,,,,,COMPANY,,FALSE,TOTAL,UDH-00586
1663,PRINTER INKJET AIO,EPSON,L5290,X8H2028196,ตึกสงฆ์เก่า,1,แพทย์แผนไทย,,แพทย์แผนไทยและการแพทย์ทางเลือก,Active,โรงพยาบาลศูนย์อุดรธานี,อด 0033.1/380/2568 ลงวันที่ 26 สิงหาคม 2568,,,,2026-05-14 17:43:14,System,,,,,,COMPANY,,TRUE,TOTAL,UDH-01652
1664,PRINTER INKJET AIO,EPSON,L5290,X8H2028232,ตึกสงฆ์เก่า,1,คลินิกวัณโรค,,คลินิกเฉพาะโรค,Active,โรงพยาบาลศูนย์อุดรธานี,อด 0033.1/380/2568 ลงวันที่ 26 สิงหาคม 2568,,,,2026-05-14 17:43:14,System,,,,,,COMPANY,,TRUE,TOTAL,UDH-01653
1665,PRINTER INKJET AIO,EPSON,L5290,X8H2029046,ตึกสงฆ์เก่า,1,คลินิกวัณโรค,,คลินิกเฉพาะโรค,Active,โรงพยาบาลศูนย์อุดรธานี,อด 0033.1/380/2568 ลงวันที่ 26 สิงหาคม 2568,,,,2026-05-14 17:43:14,System,,,,,,COMPANY,,TRUE,TOTAL,UDH-01654
1666,PRINTER INKJET AIO,EPSON,L5190,X5NY113686,ตึกสงฆ์เก่า,1,คลินิกวัณโรค,,คลินิกเฉพาะโรค,Active,โรงพยาบาลศูนย์อุดรธานี,อด 0033.1/380/2568 ลงวันที่ 26 สิงหาคม 2568,,,,2026-05-14 17:43:14,System,,,,,,COMPANY,,TRUE,TOTAL,UDH-01655
591,BARCODE SCANNERS,ZEBRA,DS2208,S22179010552368,ตึกผู้ป่วยนอก (OPD),1,ห้องบัตร,,เวชระเบียน,Active,โรงพยาบาลศูนย์อุดรธานี,อด 0033.1/380/2568 ลงวันที่ 26 สิงหาคม 2568,,,,2026-05-14 17:43:14,System,,,,,,COMPANY,,FALSE,TOTAL,UDH-00587
678,PRINTER THERMAL,ZEBRA,ZD421,D6J222614717,ตึกผู้ป่วยนอก (OPD),1,ห้องบัตร,,เวชระเบียน,Active,โรงพยาบาลศูนย์อุดรธานี,อด 0033.1/380/2568 ลงวันที่ 26 สิงหาคม 2568,,,,2026-05-14 17:43:14,System,,,,,,COMPANY,,FALSE,TOTAL,UDH-00674
1669,PRINTER LASER,HP,M402DN,PHCFD06253,ตึกสงฆ์เก่า,1,แพทย์แผนไทย,,แพทย์แผนไทยและการแพทย์ทางเลือก,Active,โรงพยาบาลศูนย์อุดรธานี,อด 0033.1/380/2568 ลงวันที่ 26 สิงหาคม 2568,,,,2026-05-14 17:43:14,System,,,,,,COMPANY,,TRUE,TOTAL,UDH-01658
1670,PRINTER LASER,SAMSUNG,M4020ND,CNB3L3WST7,ตึกสงฆ์เก่า,1,คลินิกวัณโรค,,คลินิกเฉพาะโรค,Retired,โรงพยาบาลศูนย์อุดรธานี,อด 0033.1/380/2568 ลงวันที่ 26 สิงหาคม 2568,,,,2026-05-14 17:43:14,System,,,,,,COMPANY,,TRUE,TOTAL,UDH-01659
679,PRINTER THERMAL,ZEBRA,ZD421,D6J222613797,ตึกผู้ป่วยนอก (OPD),1,ห้องบัตร,,เวชระเบียน,Active,โรงพยาบาลศูนย์อุดรธานี,อด 0033.1/380/2568 ลงวันที่ 26 สิงหาคม 2568,,,,2026-05-14 17:43:14,System,,,,,,COMPANY,,FALSE,TOTAL,UDH-00675
1672,PRINTER THERMAL,ZEBRA,ZD421,D6J222700864,ตึกสงฆ์เก่า,1,คลินิกวัณโรค,,คลินิกเฉพาะโรค,Active,โรงพยาบาลศูนย์อุดรธานี,อด 0033.1/380/2568 ลงวันที่ 26 สิงหาคม 2568,,,,2026-05-14 17:43:14,System,,,,,,COMPANY,,FALSE,TOTAL,UDH-01661
1673,PRINTER THERMAL,ZEBRA,ZD421,D6J222613762,ตึกสงฆ์เก่า,1,คลินิกวัณโรค,,คลินิกเฉพาะโรค,Active,โรงพยาบาลศูนย์อุดรธานี,อด 0033.1/380/2568 ลงวันที่ 26 สิงหาคม 2568,,,,2026-05-14 17:43:14,System,,,,,,COMPANY,,FALSE,TOTAL,UDH-01662
1674,PRINTER THERMAL,ZEBRA,ZD421,D6J222613745,ตึกสงฆ์เก่า,1,คลินิกวัณโรค,,คลินิกเฉพาะโรค,Retired,โรงพยาบาลศูนย์อุดรธานี,อด 0033.1/380/2568 ลงวันที่ 26 สิงหาคม 2568,,,,2026-05-28 18:05:03,nikorn2527@gmail.com,,,,,,COMPANY,,FALSE,TOTAL,UDH-01663
680,PRINTER THERMAL,ZEBRA,ZD421,D6J222614721,ตึกผู้ป่วยนอก (OPD),1,ห้องบัตร,,เวชระเบียน,Active,โรงพยาบาลศูนย์อุดรธานี,อด 0033.1/380/2568 ลงวันที่ 26 สิงหาคม 2568,,,,2026-05-14 17:43:14,System,,,,,,COMPANY,,FALSE,TOTAL,UDH-00676
703,PRINTER THERMAL,ZEBRA,ZD421,D6J222702156,ตึกผู้ป่วยนอก (OPD),1,ห้องบัตร,,เวชระเบียน,Active,โรงพยาบาลศูนย์อุดรธานี,อด 0033.1/380/2568 ลงวันที่ 26 สิงหาคม 2568,,,,2026-05-14 17:43:14,System,,,,,,COMPANY,,FALSE,TOTAL,UDH-00699
1677,BARCODE SCANNERS,ZEBRA,DS2208,S22149010552945,ตึกสงฆ์เก่า,2,แผนกอาชีวะเวชกรรม,,เวชศาสตร์ป้องกันและชุมชน,Active,โรงพยาบาลศูนย์อุดรธานี,อด 0033.1/380/2568 ลงวันที่ 26 สิงหาคม 2568,,,,2026-05-14 17:43:14,System,,,,,,COMPANY,,FALSE,TOTAL,UDH-01666
1678,BARCODE SCANNERS,ZEBRA,DS2208,S22149010550596,ตึกสงฆ์เก่า,2,แผนกอาชีวะเวชกรรม,,เวชศาสตร์ป้องกันและชุมชน,Active,โรงพยาบาลศูนย์อุดรธานี,อด 0033.1/380/2568 ลงวันที่ 26 สิงหาคม 2568,,,,2026-05-14 17:43:14,System,,,,,,COMPANY,,FALSE,TOTAL,UDH-01667
1679,BARCODE SCANNERS,ZEBRA,DS2208,S22149010552891,ตึกสงฆ์เก่า,2,แผนกอาชีวะเวชกรรม,,เวชศาสตร์ป้องกันและชุมชน,Active,โรงพยาบาลศูนย์อุดรธานี,อด 0033.1/380/2568 ลงวันที่ 26 สิงหาคม 2568,,,,2026-05-14 17:43:14,System,,,,,,COMPANY,,FALSE,TOTAL,UDH-01668
1680,PRINTER INKJET AIO,EPSON,L5290,X8H2029071,ตึกสงฆ์เก่า,2,แผนกเวชกรรมสังคม,,เวชศาสตร์ป้องกันและชุมชน,Active,โรงพยาบาลศูนย์อุดรธานี,อด 0033.1/380/2568 ลงวันที่ 26 สิงหาคม 2568,,,,2026-05-14 17:43:14,System,,,,,,COMPANY,,TRUE,TOTAL,UDH-01669
1681,PRINTER INKJET AIO,EPSON,L5290,X8H2028237,ตึกสงฆ์เก่า,2,แผนกส่งเสริมสุขภาพ,,เวชศาสตร์ป้องกันและชุมชน,Active,โรงพยาบาลศูนย์อุดรธานี,อด 0033.1/380/2568 ลงวันที่ 26 สิงหาคม 2568,,,,2026-05-14 17:43:14,System,,,,,,COMPANY,,TRUE,TOTAL,UDH-01670
1682,PRINTER INKJET AIO,EPSON,L5290,X8H2029051,ตึกสงฆ์เก่า,2,แผนกอาชีวะเวชกรรม,,เวชศาสตร์ป้องกันและชุมชน,Active,โรงพยาบาลศูนย์อุดรธานี,อด 0033.1/380/2568 ลงวันที่ 26 สิงหาคม 2568,,,,2026-05-14 17:43:14,System,,,,,,COMPANY,,TRUE,TOTAL,UDH-01671
1683,PRINTER INKJET AIO,EPSON,L5290,X8H2029162,ตึกสงฆ์เก่า,2,แผนกอาชีวะเวชกรรม,,เวชศาสตร์ป้องกันและชุมชน,Active,โรงพยาบาลศูนย์อุดรธานี,อด 0033.1/380/2568 ลงวันที่ 26 สิงหาคม 2568,,,,2026-05-14 17:43:14,System,,,,,,COMPANY,,TRUE,TOTAL,UDH-01672
1684,PRINTER INKJET,EPSON,M3170,X5TT006072,ตึกสงฆ์เก่า,2,แผนกอาชีวะเวชกรรม,,เวชศาสตร์ป้องกันและชุมชน,Retired,โรงพยาบาลศูนย์อุดรธานี,อด 0033.1/380/2568 ลงวันที่ 26 สิงหาคม 2568,,,,2026-05-14 17:43:14,System,,,,,,COMPANY,,TRUE,TOTAL,UDH-01673
1685,PRINTER INKJET,EPSON,M3170,X5TT006143,ตึกสงฆ์เก่า,2,แผนกอาชีวะเวชกรรม,,เวชศาสตร์ป้องกันและชุมชน,Active,โรงพยาบาลศูนย์อุดรธานี,อด 0033.1/380/2568 ลงวันที่ 26 สิงหาคม 2568,,,,2026-05-14 17:43:14,System,,,,,,COMPANY,,TRUE,TOTAL,UDH-01674
1686,PRINTER INKJET,EPSON,M3170,X5TT022713,ตึกสงฆ์เก่า,2,แผนกอาชีวะเวชกรรม,,เวชศาสตร์ป้องกันและชุมชน,Active,โรงพยาบาลศูนย์อุดรธานี,อด 0033.1/380/2568 ลงวันที่ 26 สิงหาคม 2568,,,,2026-05-14 17:43:14,System,,,,,,COMPANY,,TRUE,TOTAL,UDH-01675
1687,PRINTER LASER,HP,M402DN,PHCFF05962,ตึกสงฆ์เก่า,2,แผนกเวชกรรมสังคม,,เวชศาสตร์ป้องกันและชุมชน,Active,โรงพยาบาลศูนย์อุดรธานี,อด 0033.1/380/2568 ลงวันที่ 26 สิงหาคม 2568,,,,2026-05-14 17:43:14,System,,,,,,COMPANY,,TRUE,TOTAL,UDH-01676
1688,BARCODE SCANNERS,ZEBRA,DS2208,S22149010552832,ตึกสุขวดี,1,ศูนย์เปล,,บริหาร/ยุทธศาสตร์,Active,โรงพยาบาลศูนย์อุดรธานี,อด 0033.1/380/2568 ลงวันที่ 26 สิงหาคม 2568,,,,2026-05-14 17:43:14,System,,,,,,COMPANY,,FALSE,TOTAL,UDH-01677
1689,BARCODE SCANNERS,ZEBRA,DS2208,S22149010552833,ตึกสุขวดี,1,ศูนย์เปล,,บริหาร/ยุทธศาสตร์,Active,โรงพยาบาลศูนย์อุดรธานี,อด 0033.1/380/2568 ลงวันที่ 26 สิงหาคม 2568,,,,2026-05-14 17:43:14,System,,,,,,COMPANY,,FALSE,TOTAL,UDH-01678
1690,BARCODE SCANNERS,ZEBRA,DS2208,S22149010553954,ตึกสุขวดี,1,ศูนย์เปล,,บริหาร/ยุทธศาสตร์,Active,โรงพยาบาลศูนย์อุดรธานี,อด 0033.1/380/2568 ลงวันที่ 26 สิงหาคม 2568,,,,2026-05-14 17:43:14,System,,,,,,COMPANY,,FALSE,TOTAL,UDH-01679
1691,BARCODE SCANNERS,ZEBRA,DS2208,S22178010553981,ตึกสุขวดี,1,ศูนย์เปล,,บริหาร/ยุทธศาสตร์,Active,โรงพยาบาลศูนย์อุดรธานี,อด 0033.1/380/2568 ลงวันที่ 26 สิงหาคม 2568,,,,2026-05-14 17:43:14,System,,,,,,COMPANY,,FALSE,TOTAL,UDH-01680
1692,PRINTER INKJET AIO,EPSON,L5290,X8H2029146,ตึกสุขวดี,1,ศูนย์เปล,,บริหาร/ยุทธศาสตร์,Active,โรงพยาบาลศูนย์อุดรธานี,อด 0033.1/380/2568 ลงวันที่ 26 สิงหาคม 2568,,,,2026-05-14 17:43:14,System,,,,,,COMPANY,,TRUE,TOTAL,UDH-01681
1693,PRINTER INKJET AIO,EPSON,L5290,X8H2029099,ตึกสุขวดี,1,กลุ่มงานนิติเวช,,นิติเวชศาสตร์,Active,โรงพยาบาลศูนย์อุดรธานี,อด 0033.1/380/2568 ลงวันที่ 26 สิงหาคม 2568,,,,2026-05-14 17:43:14,System,,,,,,COMPANY,,TRUE,TOTAL,UDH-01682
1694,PRINTER LASER,HP,M402DN,PHCFD06269,ตึกสุขวดี,1,ศูนย์เปล,,บริหาร/ยุทธศาสตร์,Active,โรงพยาบาลศูนย์อุดรธานี,อด 0033.1/380/2568 ลงวันที่ 26 สิงหาคม 2568,,,,2026-05-14 17:43:14,System,,,,,,COMPANY,,TRUE,TOTAL,UDH-01683
714,SCANNERS,CANON,DR-C230,JA491871,ตึกผู้ป่วยนอก (OPD),1,ห้องบัตร,,เวชระเบียน,Active,โรงพยาบาลศูนย์อุดรธานี,อด 0033.1/380/2568 ลงวันที่ 26 สิงหาคม 2568,,,,2026-05-14 17:43:14,System,,,,,,COMPANY,,FALSE,TOTAL,UDH-00710
715,SCANNERS,CANON,DR-C230,JA491942,ตึกผู้ป่วยนอก (OPD),1,ห้องบัตร,,เวชระเบียน,Active,โรงพยาบาลศูนย์อุดรธานี,อด 0033.1/380/2568 ลงวันที่ 26 สิงหาคม 2568,,,,2026-05-14 17:43:14,System,,,,,,COMPANY,,FALSE,TOTAL,UDH-00711
720,SCANNERS,CANON,DR-C230,JA491921,ตึกผู้ป่วยนอก (OPD),1,ห้องบัตร,,เวชระเบียน,Active,โรงพยาบาลศูนย์อุดรธานี,อด 0033.1/380/2568 ลงวันที่ 26 สิงหาคม 2568,,,,2026-05-14 17:43:14,System,,,,,,COMPANY,,FALSE,TOTAL,UDH-00716
365,BARCODE SCANNERS,ZEBRA,DS2208,S22178010553682,ตึกเชี่ยวชาญ,1,ห้องบัตร,X-RAY,เวชระเบียน,Active,โรงพยาบาลศูนย์อุดรธานี,อด 0033.1/380/2568 ลงวันที่ 26 สิงหาคม 2568,,,,2026-05-14 17:43:14,System,,,,,,COMPANY,,FALSE,TOTAL,UDH-00361
374,PRINTER LASER,SAMSUNG,M4020ND,CNB3L1PSD0,ตึกเชี่ยวชาญ,1,ห้องบัตร,X-RAY,เวชระเบียน,Active,โรงพยาบาลศูนย์อุดรธานี,อด 0033.1/380/2568 ลงวันที่ 26 สิงหาคม 2568,,,,2026-05-14 17:43:14,System,,,,,,COMPANY,,TRUE,TOTAL,UDH-00370
381,PRINTER THERMAL,ZEBRA,ZD421,D6J222700912,ตึกเชี่ยวชาญ,1,ห้องบัตร,X-RAY,เวชระเบียน,Retired,โรงพยาบาลศูนย์อุดรธานี,อด 0033.1/380/2568 ลงวันที่ 26 สิงหาคม 2568,,,,2026-05-14 17:43:14,System,,,,,,COMPANY,,FALSE,TOTAL,UDH-00377
382,PRINTER THERMAL,ZEBRA,ZD421,D6J222700897,ตึกเชี่ยวชาญ,1,ห้องบัตร,X-RAY,เวชระเบียน,Active,โรงพยาบาลศูนย์อุดรธานี,อด 0033.1/380/2568 ลงวันที่ 26 สิงหาคม 2568,,,,2026-05-14 17:43:14,System,,,,,,COMPANY,,FALSE,TOTAL,UDH-00378
675,PRINTER THERMAL,ZEBRA,ZD421,D6J222613677,ตึกเชี่ยวชาญ,1,ห้องบัตร,X-RAY,เวชระเบียน,Retired,โรงพยาบาลศูนย์อุดรธานี,อด 0033.1/380/2568 ลงวันที่ 26 สิงหาคม 2568,,,,2026-05-14 17:43:14,System,,,,,,COMPANY,,FALSE,TOTAL,UDH-00671
1340,PRINTER LASER,HP,M402DN,PHCFF06029,ตึกเชี่ยวชาญ,1,ห้องบัตร,X-RAY,เวชระเบียน,Retired,โรงพยาบาลศูนย์อุดรธานี,อด 0033.1/380/2568 ลงวันที่ 26 สิงหาคม 2568,,,,2026-06-07 23:02:31,nikorn2527@gmail.com,,,,2026-06-08,,COMPANY,,TRUE,TOTAL,UDH-01336
2088,PRINTER THERMAL,TSC,TE200,TEA24330020,ตึกเชี่ยวชาญ,1,ห้องบัตร,X-RAY,เวชระเบียน,Active,โรงพยาบาลศูนย์อุดรธานี,อด 0033.1/380/2568 ลงวันที่ 26 สิงหาคม 2568,,,,2026-05-14 17:43:14,System,,,,,,COMPANY,,FALSE,TOTAL,UDH-02062
1705,PRINTER THERMAL,ZEBRA,ZD421,D6J222613811,ตึกสูตินรีเวช,1,ศูนย์เปล,หลังตึกสูติ-นรีเวช,บริหาร/ยุทธศาสตร์,Active,โรงพยาบาลศูนย์อุดรธานี,อด 0033.1/380/2568 ลงวันที่ 26 สิงหาคม 2568,,,,2026-05-14 17:43:14,System,,,,,,COMPANY,,FALSE,TOTAL,UDH-01694
2089,PRINTER THERMAL,TSC,TE200,TEA24290001,ตึกเชี่ยวชาญ,1,ห้องบัตร,X-RAY,เวชระเบียน,Active,โรงพยาบาลศูนย์อุดรธานี,อด 0033.1/380/2568 ลงวันที่ 26 สิงหาคม 2568,,,,2026-05-14 17:43:14,System,,,,,,COMPANY,,FALSE,TOTAL,UDH-02063
2094,PRINTER THERMAL,ZEBRA,ZD421,D6J222613548,ตึกเชี่ยวชาญ,1,ห้องบัตร,X-RAY,เวชระเบียน,Active,โรงพยาบาลศูนย์อุดรธานี,อด 0033.1/380/2568 ลงวันที่ 26 สิงหาคม 2568,,,,2026-05-14 17:43:14,System,,,,,,COMPANY,,FALSE,TOTAL,UDH-02068
2188,PRINTER LASER,BROTHER,HL-L5210DN,E81695J5N771945,ตึกเชี่ยวชาญ,1,ห้องบัตร,X-RAY,เวชระเบียน,Active,โรงพยาบาลศูนย์อุดรธานี,อด 0033.1/380/2568 ลงวันที่ 26 สิงหาคม 2568,,,,2026-05-21 08:45:10,nikorn2527@gmail.com,,,,,,COMPANY,,TRUE,TOTAL,UDH-02159
1709,PRINTER THERMAL,ZEBRA,ZD421,D6J222614749,ตึกคลังพัสดุ (ใหม่),1,CT SCAN,,รังสีวิทยา,Active,โรงพยาบาลศูนย์อุดรธานี,อด 0033.1/380/2568 ลงวันที่ 26 สิงหาคม 2568,,,,2026-05-14 17:43:14,System,,,,,,COMPANY,,FALSE,TOTAL,UDH-01698
792,BARCODE SCANNERS,ZEBRA,DS2208,S22149010555156,ตึกผู้ป่วยนอก (OPD),2,ห้องปรึกษาอาการแพ้ยา,,เภสัชกรรม,Active,โรงพยาบาลศูนย์อุดรธานี,อด 0033.1/380/2568 ลงวันที่ 26 สิงหาคม 2568,,,,2026-05-14 17:43:14,System,,,,,,COMPANY,,FALSE,TOTAL,UDH-00788
851,PRINTER INKJET AIO,EPSON,L5290,X8H2029110,ตึกผู้ป่วยนอก (OPD),2,ห้องปรึกษาอาการแพ้ยา,,เภสัชกรรม,Active,โรงพยาบาลศูนย์อุดรธานี,อด 0033.1/380/2568 ลงวันที่ 26 สิงหาคม 2568,,,,2026-05-14 17:43:14,System,,,,,,COMPANY,,TRUE,TOTAL,UDH-00847
1712,BARCODE SCANNERS,ZEBRA,DS2208,S22149010552946,ตึกสูตินรีเวช,2,ครรภ์เสี่ยงสูง,,สูตินรีเวชกรรม,Active,โรงพยาบาลศูนย์อุดรธานี,อด 0033.1/380/2568 ลงวันที่ 26 สิงหาคม 2568,,,,2026-05-14 17:43:14,System,,,,,,COMPANY,,FALSE,TOTAL,UDH-01701
1713,BARCODE SCANNERS,ZEBRA,DS2208,S22179010552347,ตึกสูตินรีเวช,2,ครรภ์เสี่ยงสูง,,สูตินรีเวชกรรม,Active,โรงพยาบาลศูนย์อุดรธานี,อด 0033.1/380/2568 ลงวันที่ 26 สิงหาคม 2568,,,,2026-05-14 17:43:14,System,,,,,,COMPANY,,FALSE,TOTAL,UDH-01702
1714,BARCODE SCANNERS,ZEBRA,DS2208,S22179010552384,ตึกสูตินรีเวช,2,ครรภ์เสี่ยงสูง,,สูตินรีเวชกรรม,Active,โรงพยาบาลศูนย์อุดรธานี,อด 0033.1/380/2568 ลงวันที่ 26 สิงหาคม 2568,,,,2026-05-14 17:43:14,System,,,,,,COMPANY,,FALSE,TOTAL,UDH-01703
1715,PRINTER INKJET AIO,EPSON,L5290,X8H2029138,ตึกผู้ป่วยนอก (OPD),5,กลุ่มงานพัสดุ,,บริหาร/ยุทธศาสตร์,Active,โรงพยาบาลศูนย์อุดรธานี,อด 0033.1/380/2568 ลงวันที่ 26 สิงหาคม 2568,,,,2026-06-13 09:30:39,nikorn2527@gmail.com,,,2026-06-13,,,COMPANY,,TRUE,TOTAL,UDH-01704
1716,PRINTER INKJET AIO,EPSON,L5290,X8H2027158,ตึกสูตินรีเวช,2,ศัลยกรรม2,,ศัลยกรรม,Active,โรงพยาบาลศูนย์อุดรธานี,อด 0033.1/380/2568 ลงวันที่ 26 สิงหาคม 2568,,,,2026-05-14 17:43:14,System,,,,,,COMPANY,,TRUE,TOTAL,UDH-01705
1717,PRINTER INKJET AIO,EPSON,L5290,X8H2027169,ตึกสูตินรีเวช,2,ครรภ์เสี่ยงสูง,,สูตินรีเวชกรรม,Active,โรงพยาบาลศูนย์อุดรธานี,อด 0033.1/380/2568 ลงวันที่ 26 สิงหาคม 2568,,,,2026-05-14 17:43:14,System,,,,,,COMPANY,,TRUE,TOTAL,UDH-01706
1718,PRINTER INKJET AIO,EPSON,L5290,X8H2029062,ตึกสูตินรีเวช,2,ครรภ์เสี่ยงสูง,,สูตินรีเวชกรรม,Active,โรงพยาบาลศูนย์อุดรธานี,อด 0033.1/380/2568 ลงวันที่ 26 สิงหาคม 2568,,,,2026-05-14 17:43:14,System,,,,,,COMPANY,,TRUE,TOTAL,UDH-01707
1719,PRINTER INKJET AIO,EPSON,L5290,X8H2029407,ตึกสูตินรีเวช,2,ครรภ์เสี่ยงสูง,ห้องหัวหน้า,สูตินรีเวชกรรม,Active,โรงพยาบาลศูนย์อุดรธานี,อด 0033.1/380/2568 ลงวันที่ 26 สิงหาคม 2568,,,,2026-05-14 17:43:14,System,,,,,,COMPANY,,TRUE,TOTAL,UDH-01708
1720,PRINTER THERMAL,ZEBRA,ZD421,D6J222700909,ตึกสูตินรีเวช,2,ครรภ์เสี่ยงสูง,,สูตินรีเวชกรรม,Active,โรงพยาบาลศูนย์อุดรธานี,อด 0033.1/380/2568 ลงวันที่ 26 สิงหาคม 2568,,,,2026-05-14 17:43:14,System,,,,,,COMPANY,,FALSE,TOTAL,UDH-01709
1721,PRINTER THERMAL,ZEBRA,ZD421,D6J222613806,ตึกสูตินรีเวช,2,ครรภ์เสี่ยงสูง,,สูตินรีเวชกรรม,Retired,โรงพยาบาลศูนย์อุดรธานี,อด 0033.1/380/2568 ลงวันที่ 26 สิงหาคม 2568,,,,2026-05-14 17:43:14,System,,,,,,COMPANY,,FALSE,TOTAL,UDH-01710
1722,PRINTER THERMAL,ZEBRA,ZD421,D6J222702169,ตึกสูตินรีเวช,2,ครรภ์เสี่ยงสูง,,สูตินรีเวชกรรม,Active,โรงพยาบาลศูนย์อุดรธานี,อด 0033.1/380/2568 ลงวันที่ 26 สิงหาคม 2568,,,,2026-05-14 17:43:14,System,,,,,,COMPANY,,FALSE,TOTAL,UDH-01711
1723,PRINTER THERMAL,ZEBRA,ZD421,D6J222613683,ตึกสูตินรีเวช,2,ครรภ์เสี่ยงสูง,,สูตินรีเวชกรรม,Active,โรงพยาบาลศูนย์อุดรธานี,อด 0033.1/380/2568 ลงวันที่ 26 สิงหาคม 2568,,,,2026-05-14 17:43:14,System,,,,,,COMPANY,,FALSE,TOTAL,UDH-01712
1724,SCANNERS,CANON,DR-C230,JA491927,ตึกสูตินรีเวช,2,ครรภ์เสี่ยงสูง,,สูตินรีเวชกรรม,Active,โรงพยาบาลศูนย์อุดรธานี,อด 0033.1/380/2568 ลงวันที่ 26 สิงหาคม 2568,,,,2026-05-14 17:43:14,System,,,,,,COMPANY,,FALSE,TOTAL,UDH-01713
1725,BARCODE SCANNERS,ZEBRA,DS2208,S22179010552354,ตึกสูตินรีเวช,3,สูติกรรมหลังคลอด,,สูตินรีเวชกรรม,Active,โรงพยาบาลศูนย์อุดรธานี,อด 0033.1/380/2568 ลงวันที่ 26 สิงหาคม 2568,,,,2026-05-14 17:43:14,System,,,,,,COMPANY,,FALSE,TOTAL,UDH-01714
1726,BARCODE SCANNERS,ZEBRA,DS2208,S22179010552383,ตึกสูตินรีเวช,3,สูติกรรมหลังคลอด,,สูตินรีเวชกรรม,Active,โรงพยาบาลศูนย์อุดรธานี,อด 0033.1/380/2568 ลงวันที่ 26 สิงหาคม 2568,,,,2026-05-14 17:43:14,System,,,,,,COMPANY,,FALSE,TOTAL,UDH-01715
1727,PRINTER INKJET AIO,EPSON,L5290,X8H2028197,ตึกสูตินรีเวช,3,สูติกรรมหลังคลอด,,สูตินรีเวชกรรม,Active,โรงพยาบาลศูนย์อุดรธานี,อด 0033.1/380/2568 ลงวันที่ 26 สิงหาคม 2568,,,,2026-05-14 17:43:14,System,,,,,,COMPANY,,TRUE,TOTAL,UDH-01716
1728,PRINTER INKJET AIO,EPSON,L5290,X8H2029054,ตึกสูตินรีเวช,3,สูติกรรมหลังคลอด,,สูตินรีเวชกรรม,Active,โรงพยาบาลศูนย์อุดรธานี,อด 0033.1/380/2568 ลงวันที่ 26 สิงหาคม 2568,,,,2026-05-14 17:43:14,System,,,,,,COMPANY,,TRUE,TOTAL,UDH-01717
1729,PRINTER INKJET AIO,EPSON,L5290,X8H2029590,ตึกสูตินรีเวช,3,ธุรการ,สูติกรรม,บริหาร/ยุทธศาสตร์,Active,โรงพยาบาลศูนย์อุดรธานี,อด 0033.1/380/2568 ลงวันที่ 26 สิงหาคม 2568,,,,2026-05-14 17:43:14,System,,,,,,COMPANY,,TRUE,TOTAL,UDH-01718
1730,PRINTER LASER,SAMSUNG,M4020ND,CNB3L3WSSC,ตึกสูตินรีเวช,3,สูติกรรมหลังคลอด,,สูตินรีเวชกรรม,Active,โรงพยาบาลศูนย์อุดรธานี,อด 0033.1/380/2568 ลงวันที่ 26 สิงหาคม 2568,,,,2026-05-14 17:43:14,System,,,,,,COMPANY,,TRUE,TOTAL,UDH-01719
1731,PRINTER THERMAL,ZEBRA,ZD421,D6J222613140,ตึกสูตินรีเวช,3,สูติกรรมหลังคลอด,,สูตินรีเวชกรรม,Active,โรงพยาบาลศูนย์อุดรธานี,อด 0033.1/380/2568 ลงวันที่ 26 สิงหาคม 2568,,,,2026-05-14 17:43:14,System,,,,,,COMPANY,,FALSE,TOTAL,UDH-01720
1732,PRINTER THERMAL,ZEBRA,ZD421,D6J222702214,ตึกสูตินรีเวช,3,สูติกรรมหลังคลอด,,สูตินรีเวชกรรม,Active,โรงพยาบาลศูนย์อุดรธานี,อด 0033.1/380/2568 ลงวันที่ 26 สิงหาคม 2568,,,,2026-05-14 17:43:14,System,,,,,,COMPANY,,FALSE,TOTAL,UDH-01721
1733,PRINTER THERMAL,ZEBRA,ZD421,D6J222613544,ตึกสูตินรีเวช,3,สูติกรรมหลังคลอด,,สูตินรีเวชกรรม,Active,โรงพยาบาลศูนย์อุดรธานี,อด 0033.1/380/2568 ลงวันที่ 26 สิงหาคม 2568,,,,2026-05-14 17:43:14,System,,,,,,COMPANY,,FALSE,TOTAL,UDH-01722
1734,PRINTER THERMAL,ZEBRA,ZD421,D6J222700849,ตึกสูตินรีเวช,3,สูติกรรมหลังคลอด,,สูตินรีเวชกรรม,Active,โรงพยาบาลศูนย์อุดรธานี,อด 0033.1/380/2568 ลงวันที่ 26 สิงหาคม 2568,,,,2026-05-14 17:43:14,System,,,,,,COMPANY,,FALSE,TOTAL,UDH-01723
1735,SCANNERS,CANON,DR-C230,JA491777,ตึกสูตินรีเวช,3,สูติกรรมหลังคลอด,,สูตินรีเวชกรรม,Active,โรงพยาบาลศูนย์อุดรธานี,อด 0033.1/380/2568 ลงวันที่ 26 สิงหาคม 2568,,,,2026-05-14 17:43:14,System,,,,,,COMPANY,,FALSE,TOTAL,UDH-01724
1736,BARCODE SCANNERS,ZEBRA,DS2208,S22179010552381,ตึกสูตินรีเวช,4,สูติกรรมหลังคลอด,,สูตินรีเวชกรรม,Active,โรงพยาบาลศูนย์อุดรธานี,อด 0033.1/380/2568 ลงวันที่ 26 สิงหาคม 2568,,,,2026-05-14 17:43:14,System,,,,,,COMPANY,,FALSE,TOTAL,UDH-01725
1737,BARCODE SCANNERS,ZEBRA,DS2208,S22179010552344,ตึกสูตินรีเวช,4,สูติกรรมหลังคลอด,,สูตินรีเวชกรรม,Active,โรงพยาบาลศูนย์อุดรธานี,อด 0033.1/380/2568 ลงวันที่ 26 สิงหาคม 2568,,,,2026-05-14 17:43:14,System,,,,,,COMPANY,,FALSE,TOTAL,UDH-01726
1738,BARCODE SCANNERS,ZEBRA,DS2208,S22179010552382,ตึกสูตินรีเวช,4,สูติกรรมหลังคลอด,,สูตินรีเวชกรรม,Active,โรงพยาบาลศูนย์อุดรธานี,อด 0033.1/380/2568 ลงวันที่ 26 สิงหาคม 2568,,,,2026-05-14 17:43:14,System,,,,,,COMPANY,,FALSE,TOTAL,UDH-01727
1739,PRINTER INKJET AIO,EPSON,L5290,X8H2029210,เซนทรัลอุดรธานี,3,ศูนย์บริการเซนทรัลอุดรธานี,,เวชปฏิบัติครอบครัว/ปฐมภูมิ,Active,โรงพยาบาลศูนย์อุดรธานี,อด 0033.1/380/2568 ลงวันที่ 26 สิงหาคม 2568,,,,2026-07-03 09:42:10,nikorn2527@gmail.com,,,,,,COMPANY,,TRUE,TOTAL,UDH-01728
1740,PRINTER INKJET AIO,EPSON,L5290,X8H2029624,ตึกศัลยกรรม,6,ศัลยกรรมชาย,,ศัลยกรรม,In Repair,โรงพยาบาลศูนย์อุดรธานี,อด 0033.1/380/2568 ลงวันที่ 26 สิงหาคม 2568,,,,2026-05-14 17:43:14,System,,,,,,COMPANY,,TRUE,TOTAL,UDH-01729
1741,PRINTER INKJET AIO,EPSON,L5290,X8H2029081,ตึกสูตินรีเวช,4,หอผู้ป่วยเบาใจ,,สูตินรีเวชกรรม,Active,โรงพยาบาลศูนย์อุดรธานี,อด 0033.1/380/2568 ลงวันที่ 26 สิงหาคม 2568,,,,2026-05-14 17:43:14,System,,,,,,COMPANY,,TRUE,TOTAL,UDH-01730
1742,PRINTER THERMAL,ZEBRA,ZD421,D6J222613119,ตึกสูตินรีเวช,4,สูติกรรมหลังคลอด,,สูตินรีเวชกรรม,Active,โรงพยาบาลศูนย์อุดรธานี,อด 0033.1/380/2568 ลงวันที่ 26 สิงหาคม 2568,,,,2026-05-14 17:43:14,System,,,,,,COMPANY,,FALSE,TOTAL,UDH-01731
1743,PRINTER THERMAL,ZEBRA,ZD421,D6J222614793,ตึกสูตินรีเวช,4,สูติกรรมหลังคลอด,,สูตินรีเวชกรรม,Retired,โรงพยาบาลศูนย์อุดรธานี,อด 0033.1/380/2568 ลงวันที่ 26 สิงหาคม 2568,,,,2026-05-14 17:43:14,System,,,,,,COMPANY,,FALSE,TOTAL,UDH-01732
1744,PRINTER THERMAL,ZEBRA,ZD421,D6J222613644,ตึกสูตินรีเวช,4,หอผู้ป่วยเบาใจ,,สูตินรีเวชกรรม,Retired,โรงพยาบาลศูนย์อุดรธานี,อด 0033.1/380/2568 ลงวันที่ 26 สิงหาคม 2568,,,,2026-05-14 17:43:14,System,,,,,,COMPANY,,FALSE,TOTAL,UDH-01733
1745,SCANNERS,CANON,DR-C230,JA491920,ตึกสูตินรีเวช,4,สูติกรรมหลังคลอด,,สูตินรีเวชกรรม,Retired,โรงพยาบาลศูนย์อุดรธานี,อด 0033.1/380/2568 ลงวันที่ 26 สิงหาคม 2568,,,,2026-06-12 13:39:09,nikorn2527@gmail.com,,,,,,COMPANY,,FALSE,TOTAL,UDH-01734
1746,SCANNERS,CANON,DR-C230,JA491962,ตึกสูตินรีเวช,4,สูติกรรมหลังคลอด,,สูตินรีเวชกรรม,Retired,โรงพยาบาลศูนย์อุดรธานี,อด 0033.1/380/2568 ลงวันที่ 26 สิงหาคม 2568,,,,2026-06-12 13:39:09,nikorn2527@gmail.com,,,,,,COMPANY,,FALSE,TOTAL,UDH-01735
1747,BARCODE SCANNERS,ZEBRA,DS2208,S22178010553653,ตึกสูตินรีเวช,5,พิเศษสูติ-นรีเวช,,สูตินรีเวชกรรม,Active,โรงพยาบาลศูนย์อุดรธานี,อด 0033.1/380/2568 ลงวันที่ 26 สิงหาคม 2568,,,,2026-05-14 17:43:14,System,,,,,,COMPANY,,FALSE,TOTAL,UDH-01736
1748,BARCODE SCANNERS,ZEBRA,DS2208,S22178010553673,ตึกสูตินรีเวช,5,พิเศษสูติ-นรีเวช,,สูตินรีเวชกรรม,Active,โรงพยาบาลศูนย์อุดรธานี,อด 0033.1/380/2568 ลงวันที่ 26 สิงหาคม 2568,,,,2026-05-14 17:43:14,System,,,,,,COMPANY,,FALSE,TOTAL,UDH-01737
1749,PRINTER INKJET AIO,EPSON,L5290,X8H2029441,ตึกสูตินรีเวช,5,พิเศษสูติ-นรีเวช,,สูตินรีเวชกรรม,Active,โรงพยาบาลศูนย์อุดรธานี,อด 0033.1/380/2568 ลงวันที่ 26 สิงหาคม 2568,,,,2026-05-14 17:43:14,System,,,,,,COMPANY,,TRUE,TOTAL,UDH-01738
1750,PRINTER INKJET AIO,EPSON,L5290,X8H2029224,ตึกสูตินรีเวช,5,พิเศษสูติ-นรีเวช,,สูตินรีเวชกรรม,Active,โรงพยาบาลศูนย์อุดรธานี,อด 0033.1/380/2568 ลงวันที่ 26 สิงหาคม 2568,,,,2026-05-14 17:43:14,System,,,,,,COMPANY,,TRUE,TOTAL,UDH-01739
1751,PRINTER INKJET AIO,EPSON,L5290,X8H2029636,ตึกสูตินรีเวช,5,พิเศษสูติ-นรีเวช,,สูตินรีเวชกรรม,Active,โรงพยาบาลศูนย์อุดรธานี,อด 0033.1/380/2568 ลงวันที่ 26 สิงหาคม 2568,,,,2026-05-14 17:43:14,System,,,,,,COMPANY,,TRUE,TOTAL,UDH-01740
1752,PRINTER THERMAL,ZEBRA,ZD421,D6J222700811,ตึกสูตินรีเวช,5,พิเศษสูติ-นรีเวช,,สูตินรีเวชกรรม,Active,โรงพยาบาลศูนย์อุดรธานี,อด 0033.1/380/2568 ลงวันที่ 26 สิงหาคม 2568,,,,2026-05-14 17:43:14,System,,,,,,COMPANY,,FALSE,TOTAL,UDH-01741
1753,PRINTER THERMAL,ZEBRA,ZD421,D6J222613596,ตึกสูตินรีเวช,5,พิเศษสูติ-นรีเวช,,สูตินรีเวชกรรม,Active,โรงพยาบาลศูนย์อุดรธานี,อด 0033.1/380/2568 ลงวันที่ 26 สิงหาคม 2568,,,,2026-05-14 17:43:14,System,,,,,,COMPANY,,FALSE,TOTAL,UDH-01742
1754,SCANNERS,CANON,DR-C230,JA491765,ตึกสูตินรีเวช,5,พิเศษสูติ-นรีเวช,,สูตินรีเวชกรรม,Active,โรงพยาบาลศูนย์อุดรธานี,อด 0033.1/380/2568 ลงวันที่ 26 สิงหาคม 2568,,,,2026-05-14 17:43:14,System,,,,,,COMPANY,,FALSE,TOTAL,UDH-01743
1755,PRINTER INKJET AIO,EPSON,L5290,X8H2029242,ตึกหลวงตาบัว,1,ธุุรการ,ตึกหลวงตาบัว,บริหาร/ยุทธศาสตร์,Active,โรงพยาบาลศูนย์อุดรธานี,อด 0033.1/380/2568 ลงวันที่ 26 สิงหาคม 2568,,,,2026-05-14 17:43:14,System,,,,,,COMPANY,,TRUE,TOTAL,UDH-01744
1756,PRINTER INKJET AIO,EPSON,L5290,X8H2028214,ตึกหลวงตาบัว,1,ธุุรการ,ตึกหลวงตาบัว,บริหาร/ยุทธศาสตร์,Active,โรงพยาบาลศูนย์อุดรธานี,อด 0033.1/380/2568 ลงวันที่ 26 สิงหาคม 2568,,,,2026-05-14 17:43:14,System,,,,,,COMPANY,,TRUE,TOTAL,UDH-01745
1757,PRINTER INKJET AIO,EPSON,L5290,X8H2029186,ตึกหลวงตาบัว,1,ธุุรการ,ตึกหลวงตาบัว,บริหาร/ยุทธศาสตร์,Active,โรงพยาบาลศูนย์อุดรธานี,อด 0033.1/380/2568 ลงวันที่ 26 สิงหาคม 2568,,,,2026-05-14 17:43:14,System,,,,,,COMPANY,,TRUE,TOTAL,UDH-01746
1758,BARCODE SCANNERS,ZEBRA,DS2208,S22179010552221,ตึกหลวงตาบัว,2,หอผู้ป่วยอายุรกรรมชาย,,อายุรกรรม,Active,โรงพยาบาลศูนย์อุดรธานี,อด 0033.1/380/2568 ลงวันที่ 26 สิงหาคม 2568,,,,2026-05-14 17:43:14,System,,,,,,COMPANY,,FALSE,TOTAL,UDH-01747
1759,BARCODE SCANNERS,ZEBRA,DS2208,S22179010552235,ตึกหลวงตาบัว,2,หอผู้ป่วยอายุรกรรมชาย,,อายุรกรรม,Active,โรงพยาบาลศูนย์อุดรธานี,อด 0033.1/380/2568 ลงวันที่ 26 สิงหาคม 2568,,,,2026-05-14 17:43:14,System,,,,,,COMPANY,,FALSE,TOTAL,UDH-01748
1760,BARCODE SCANNERS,ZEBRA,DS2208,S22179010552243,ตึกหลวงตาบัว,2,หอผู้ป่วยอายุรกรรมชาย,,อายุรกรรม,Active,โรงพยาบาลศูนย์อุดรธานี,อด 0033.1/380/2568 ลงวันที่ 26 สิงหาคม 2568,,,,2026-05-14 17:43:14,System,,,,,,COMPANY,,FALSE,TOTAL,UDH-01749
1761,PRINTER INKJET AIO,EPSON,L5290,X8H2027149,ตึกหลวงตาบัว,2,หอผู้ป่วยอายุรกรรมชาย,,อายุรกรรม,Retired,โรงพยาบาลศูนย์อุดรธานี,อด 0033.1/380/2568 ลงวันที่ 26 สิงหาคม 2568,,,,2026-06-11 16:36:10,nikorn2527@gmail.com,,,,2026-06-11,,COMPANY,,TRUE,TOTAL,UDH-01750
1762,PRINTER INKJET AIO,EPSON,L5290,X8H2029571,ตึกหลวงตาบัว,2,หอผู้ป่วยอายุรกรรมชาย,,อายุรกรรม,Active,โรงพยาบาลศูนย์อุดรธานี,อด 0033.1/380/2568 ลงวันที่ 26 สิงหาคม 2568,,,,2026-05-14 17:43:14,System,,,,,,COMPANY,,TRUE,TOTAL,UDH-01751
1763,PRINTER LASER,SAMSUNG,M4020ND,CNB3L3WSSS,ตึกหลวงตาบัว,2,หอผู้ป่วยอายุรกรรมชาย,,อายุรกรรม,Retired,โรงพยาบาลศูนย์อุดรธานี,อด 0033.1/380/2568 ลงวันที่ 26 สิงหาคม 2568,,,,2026-05-14 17:43:14,System,,,,,,COMPANY,,TRUE,TOTAL,UDH-01752
1764,PRINTER LASER,HP,M404DN,PHFXG09305,ตึกผู้ป่วยนอก (OPD),3,อายุรกรรมโรคปอดและระบบทางเดินหายใจ,จุดบริการ 3,,Active,โรงพยาบาลศูนย์อุดรธานี,อด 0033.1/380/2568 ลงวันที่ 26 สิงหาคม 2568,,,,2026-08-04 11:22:05,pubordin2000@gmail.com,,,2026-08-04,,,COMPANY,,TRUE,TOTAL,UDH-01753
1765,PRINTER THERMAL,ZEBRA,ZD421,D6J222613552,ตึกหลวงตาบัว,2,หอผู้ป่วยอายุรกรรมชาย,,อายุรกรรม,Active,โรงพยาบาลศูนย์อุดรธานี,อด 0033.1/380/2568 ลงวันที่ 26 สิงหาคม 2568,,,,2026-05-14 17:43:14,System,,,,,,COMPANY,,FALSE,TOTAL,UDH-01754
1766,PRINTER THERMAL,ZEBRA,ZD421,D6J222700876,ตึกหลวงตาบัว,2,หอผู้ป่วยอายุรกรรมชาย,,อายุรกรรม,Active,โรงพยาบาลศูนย์อุดรธานี,อด 0033.1/380/2568 ลงวันที่ 26 สิงหาคม 2568,,,,2026-05-14 17:43:14,System,,,,,,COMPANY,,FALSE,TOTAL,UDH-01755
1767,PRINTER THERMAL,ZEBRA,ZD421,D6J222613685,ตึกผู้ป่วยนอก (OPD),1,ศูนย์เปล,,บริหาร/ยุทธศาสตร์,Active,โรงพยาบาลศูนย์อุดรธานี,อด 0033.1/380/2568 ลงวันที่ 26 สิงหาคม 2568,,,,2026-05-14 17:43:14,System,,,,,,COMPANY,,FALSE,TOTAL,UDH-01756
1768,PRINTER THERMAL,ZEBRA,ZD421,D6J222613134,ตึกหลวงตาบัว,2,หอผู้ป่วยอายุรกรรมชาย,,อายุรกรรม,Active,โรงพยาบาลศูนย์อุดรธานี,อด 0033.1/380/2568 ลงวันที่ 26 สิงหาคม 2568,,,,2026-05-14 17:43:14,System,,,,,,COMPANY,,FALSE,TOTAL,UDH-01757
1769,SCANNERS,CANON,DR-C230,JA491968,ตึกหลวงตาบัว,2,หอผู้ป่วยอายุรกรรมชาย,,อายุรกรรม,Active,โรงพยาบาลศูนย์อุดรธานี,อด 0033.1/380/2568 ลงวันที่ 26 สิงหาคม 2568,,,,2026-05-14 17:43:14,System,,,,,,COMPANY,,FALSE,TOTAL,UDH-01758
1770,SCANNERS,CANON,DR-C230,JA491994,ตึกหลวงตาบัว,2,หอผู้ป่วยอายุรกรรมชาย,,อายุรกรรม,Active,โรงพยาบาลศูนย์อุดรธานี,อด 0033.1/380/2568 ลงวันที่ 26 สิงหาคม 2568,,,,2026-05-14 17:43:14,System,,,,,,COMPANY,,FALSE,TOTAL,UDH-01759
1771,SCANNERS,CANON,DR-C230,JA491986,ตึกหลวงตาบัว,2,หอผู้ป่วยอายุรกรรมชาย,,อายุรกรรม,Active,โรงพยาบาลศูนย์อุดรธานี,อด 0033.1/380/2568 ลงวันที่ 26 สิงหาคม 2568,,,,2026-05-14 17:43:14,System,,,,,,COMPANY,,FALSE,TOTAL,UDH-01760
1772,SCANNERS,CANON,DR-C230,JU409938,ตึกหลวงตาบัว,2,หอผู้ป่วยอายุรกรรมชาย,,อายุรกรรม,Active,โรงพยาบาลศูนย์อุดรธานี,อด 0033.1/380/2568 ลงวันที่ 26 สิงหาคม 2568,,,,2026-05-14 17:43:14,System,,,,,,COMPANY,,FALSE,TOTAL,UDH-01761
1773,BARCODE SCANNERS,ZEBRA,DS2208,S22178010553638,ตึกหลวงตาบัว,3,หอผู้ป่วยอายุรกรรมหญิง,,อายุรกรรม,Active,โรงพยาบาลศูนย์อุดรธานี,อด 0033.1/380/2568 ลงวันที่ 26 สิงหาคม 2568,,,,2026-05-14 17:43:14,System,,,,,,COMPANY,,FALSE,TOTAL,UDH-01762
1774,BARCODE SCANNERS,ZEBRA,DS2208,S22178010553669,ตึกหลวงตาบัว,3,หอผู้ป่วยอายุรกรรมหญิง,,อายุรกรรม,Active,โรงพยาบาลศูนย์อุดรธานี,อด 0033.1/380/2568 ลงวันที่ 26 สิงหาคม 2568,,,,2026-05-14 17:43:14,System,,,,,,COMPANY,,FALSE,TOTAL,UDH-01763
1775,BARCODE SCANNERS,ZEBRA,DS2208,S22178010553479,ตึกหลวงตาบัว,3,หอผู้ป่วยอายุรกรรมหญิง,,อายุรกรรม,Active,โรงพยาบาลศูนย์อุดรธานี,อด 0033.1/380/2568 ลงวันที่ 26 สิงหาคม 2568,,,,2026-05-14 17:43:14,System,,,,,,COMPANY,,FALSE,TOTAL,UDH-01764
1776,BARCODE SCANNERS,ZEBRA,DS2208,S22179010552126,ตึกหลวงตาบัว,3,หอผู้ป่วยอายุรกรรมหญิง,,อายุรกรรม,Active,โรงพยาบาลศูนย์อุดรธานี,อด 0033.1/380/2568 ลงวันที่ 26 สิงหาคม 2568,,,,2026-05-14 17:43:14,System,,,,,,COMPANY,,FALSE,TOTAL,UDH-01765
1777,PRINTER INKJET AIO,EPSON,L5290,X8H2029217,ตึกหลวงตาบัว,3,หอผู้ป่วยอายุรกกรรมพิเศษ หญิง,,อายุรกรรม,Active,โรงพยาบาลศูนย์อุดรธานี,อด 0033.1/380/2568 ลงวันที่ 26 สิงหาคม 2568,,,,2026-05-14 17:43:14,System,,,,,,COMPANY,,TRUE,TOTAL,UDH-01766
1778,PRINTER INKJET AIO,EPSON,L5290,X8H2028090,ตึกหลวงตาบัว,3,หอผู้ป่วยอายุรกรรมหญิง,,อายุรกรรม,Retired,โรงพยาบาลศูนย์อุดรธานี,อด 0033.1/380/2568 ลงวันที่ 26 สิงหาคม 2568,,,,2026-05-14 17:43:14,System,,,,,,COMPANY,,TRUE,TOTAL,UDH-01767
1779,PRINTER INKJET AIO,EPSON,L5290,X8H2029136,ตึกหลวงตาบัว,3,หอผู้ป่วยอายุรกรรมหญิง,,อายุรกรรม,Active,โรงพยาบาลศูนย์อุดรธานี,อด 0033.1/380/2568 ลงวันที่ 26 สิงหาคม 2568,,,,2026-05-14 17:43:14,System,,,,,,COMPANY,,TRUE,TOTAL,UDH-01768
1780,PRINTER INKJET AIO,EPSON,L5290,X8H2029414,ตึกหลวงตาบัว,3,หอผู้ป่วยอายุรกรรมหญิง,,อายุรกรรม,Active,โรงพยาบาลศูนย์อุดรธานี,อด 0033.1/380/2568 ลงวันที่ 26 สิงหาคม 2568,,,,2026-05-14 17:43:14,System,,,,,,COMPANY,,TRUE,TOTAL,UDH-01769
1781,PRINTER INKJET AIO,EPSON,L5290,X8H2029080,ตึกหลวงตาบัว,3,หอผู้ป่วยอายุรกรรมหญิง,,อายุรกรรม,Active,โรงพยาบาลศูนย์อุดรธานี,อด 0033.1/380/2568 ลงวันที่ 26 สิงหาคม 2568,,,,2026-05-14 17:43:14,System,,,,,,COMPANY,,TRUE,TOTAL,UDH-01770
1782,PRINTER INKJET AIO,EPSON,L5290,X8H2029204,ตึกผู้ป่วยนอก (OPD),1,แผนกประชาสัมพันธ์,ติดต่อ-สอบถาม (หน้าบันไดเลื่อน),บริหาร/ยุทธศาสตร์,Active,โรงพยาบาลศูนย์อุดรธานี,อด 0033.1/380/2568 ลงวันที่ 26 สิงหาคม 2568,,,,2026-08-04 08:22:52,nikorn2527@gmail.com,,,2026-07-29,,,COMPANY,,TRUE,TOTAL,UDH-01771
1783,PRINTER LASER,HP,M404DN,PHFXG18942,ตึกหลวงตาบัว,3,หอผู้ป่วยอายุรกกรรมพิเศษ หญิง,,อายุรกรรม,Active,โรงพยาบาลศูนย์อุดรธานี,อด 0033.1/380/2568 ลงวันที่ 26 สิงหาคม 2568,,,,2026-05-14 17:43:14,System,,,,,,COMPANY,,TRUE,TOTAL,UDH-01772
1784,PRINTER THERMAL,ZEBRA,ZD421,D6J222613729,ตึกหลวงตาบัว,3,หอผู้ป่วยอายุรกรรมหญิง,,อายุรกรรม,Retired,โรงพยาบาลศูนย์อุดรธานี,อด 0033.1/380/2568 ลงวันที่ 26 สิงหาคม 2568,,,,2026-05-14 17:43:14,System,,,,,,COMPANY,,FALSE,TOTAL,UDH-01773
1785,PRINTER THERMAL,ZEBRA,ZD421,D6J222613126,ตึกหลวงตาบัว,3,หอผู้ป่วยอายุรกรรมหญิง,,อายุรกรรม,Active,โรงพยาบาลศูนย์อุดรธานี,อด 0033.1/380/2568 ลงวันที่ 26 สิงหาคม 2568,,,,2026-05-14 17:43:14,System,,,,,,COMPANY,,FALSE,TOTAL,UDH-01774
1786,PRINTER THERMAL,ZEBRA,ZD421,D6J222700824,ตึกหลวงตาบัว,3,หอผู้ป่วยอายุรกรรมหญิง,,อายุรกรรม,Active,โรงพยาบาลศูนย์อุดรธานี,อด 0033.1/380/2568 ลงวันที่ 26 สิงหาคม 2568,,,,2026-05-14 17:43:14,System,,,,,,COMPANY,,FALSE,TOTAL,UDH-01775
1787,SCANNERS,CANON,DR-C230,JA491953,ตึกหลวงตาบัว,3,หอผู้ป่วยอายุรกรรมหญิง,,อายุรกรรม,Active,โรงพยาบาลศูนย์อุดรธานี,อด 0033.1/380/2568 ลงวันที่ 26 สิงหาคม 2568,,,,2026-05-14 17:43:14,System,,,,,,COMPANY,,FALSE,TOTAL,UDH-01776
1788,SCANNERS,CANON,DR-C230,JA491975,ตึกหลวงตาบัว,3,หอผู้ป่วยอายุรกรรมหญิง,,อายุรกรรม,Active,โรงพยาบาลศูนย์อุดรธานี,อด 0033.1/380/2568 ลงวันที่ 26 สิงหาคม 2568,,,,2026-05-14 17:43:14,System,,,,,,COMPANY,,FALSE,TOTAL,UDH-01777
1789,BARCODE SCANNERS,ZEBRA,DS2208,S22179010552228,ตึกหลวงตาบัว,4,หอผู้ป่วยอายุรกรรมชาย,,อายุรกรรม,Active,โรงพยาบาลศูนย์อุดรธานี,อด 0033.1/380/2568 ลงวันที่ 26 สิงหาคม 2568,,,,2026-05-14 17:43:14,System,,,,,,COMPANY,,FALSE,TOTAL,UDH-01778
1790,BARCODE SCANNERS,ZEBRA,DS2208,S22179010552186,ตึกหลวงตาบัว,4,หอผู้ป่วยอายุรกรรมชาย,,อายุรกรรม,Active,โรงพยาบาลศูนย์อุดรธานี,อด 0033.1/380/2568 ลงวันที่ 26 สิงหาคม 2568,,,,2026-05-14 17:43:14,System,,,,,,COMPANY,,FALSE,TOTAL,UDH-01779
1791,BARCODE SCANNERS,ZEBRA,DS2208,S22179010552189,ตึกหลวงตาบัว,4,หอผู้ป่วยอายุรกรรมชาย,,อายุรกรรม,Active,โรงพยาบาลศูนย์อุดรธานี,อด 0033.1/380/2568 ลงวันที่ 26 สิงหาคม 2568,,,,2026-05-14 17:43:14,System,,,,,,COMPANY,,FALSE,TOTAL,UDH-01780
1792,PRINTER INKJET AIO,EPSON,L5290,X8H2029123,ตึกผู้ป่วยนอก (OPD),4,ทันตกรรม,,อายุรกรรม,Active,โรงพยาบาลศูนย์อุดรธานี,อด 0033.1/380/2568 ลงวันที่ 26 สิงหาคม 2568,,,,2026-05-14 17:43:14,System,,,,,,COMPANY,,TRUE,TOTAL,UDH-01781
1793,PRINTER INKJET AIO,EPSON,L5290,X8H2029616,ตึกหลวงตาบัว,4,หอผู้ป่วยอายุรกรรมชาย,,อายุรกรรม,Active,โรงพยาบาลศูนย์อุดรธานี,อด 0033.1/380/2568 ลงวันที่ 26 สิงหาคม 2568,,,,2026-05-14 17:43:14,System,,,,,,COMPANY,,TRUE,TOTAL,UDH-01782
1794,PRINTER LASER,SAMSUNG,M4020ND,CNB3L1PSDM,ตึกหลวงตาบัว,4,หอผู้ป่วยอายุรกรรมชาย,,อายุรกรรม,Retired,โรงพยาบาลศูนย์อุดรธานี,อด 0033.1/380/2568 ลงวันที่ 26 สิงหาคม 2568,,,,2026-05-14 17:43:14,System,,,,,,COMPANY,,TRUE,TOTAL,UDH-01783
1795,PRINTER THERMAL,ZEBRA,ZD421,D6J222613655,ตึกหลวงตาบัว,4,หอผู้ป่วยอายุรกรรมชาย,,อายุรกรรม,Active,โรงพยาบาลศูนย์อุดรธานี,อด 0033.1/380/2568 ลงวันที่ 26 สิงหาคม 2568,,,,2026-05-14 17:43:14,System,,,,,,COMPANY,,FALSE,TOTAL,UDH-01784
1796,PRINTER THERMAL,ZEBRA,ZD421,D6J222613688,ตึกหลวงตาบัว,4,หอผู้ป่วยอายุรกรรมชาย,,อายุรกรรม,Retired,โรงพยาบาลศูนย์อุดรธานี,อด 0033.1/380/2568 ลงวันที่ 26 สิงหาคม 2568,,,,2026-05-14 17:43:14,System,,,,,,COMPANY,,FALSE,TOTAL,UDH-01785
1797,PRINTER THERMAL,ZEBRA,ZD421,D6J222614756,ตึกหลวงตาบัว,4,หอผู้ป่วยอายุรกรรมชาย,,อายุรกรรม,Active,โรงพยาบาลศูนย์อุดรธานี,อด 0033.1/380/2568 ลงวันที่ 26 สิงหาคม 2568,,,,2026-05-14 17:43:14,System,,,,,,COMPANY,,FALSE,TOTAL,UDH-01786
1798,SCANNERS,CANON,DR-C230,JA491915,ตึกหลวงตาบัว,4,หอผู้ป่วยอายุรกรรมชาย,,อายุรกรรม,Active,โรงพยาบาลศูนย์อุดรธานี,อด 0033.1/380/2568 ลงวันที่ 26 สิงหาคม 2568,,,,2026-05-14 17:43:14,System,,,,,,COMPANY,,FALSE,TOTAL,UDH-01787
1799,SCANNERS,CANON,DR-C230,JA491951,ตึกหลวงตาบัว,4,หอผู้ป่วยอายุรกรรมชาย,,อายุรกรรม,Active,โรงพยาบาลศูนย์อุดรธานี,อด 0033.1/380/2568 ลงวันที่ 26 สิงหาคม 2568,,,,2026-05-14 17:43:14,System,,,,,,COMPANY,,FALSE,TOTAL,UDH-01788
1800,BARCODE SCANNERS,ZEBRA,DS2208,S22179010552231,ตึกหลวงตาบัว,5,หอผู้ป่วยอายุรกรรมหญิง,,อายุรกรรม,Active,โรงพยาบาลศูนย์อุดรธานี,อด 0033.1/380/2568 ลงวันที่ 26 สิงหาคม 2568,,,,2026-05-14 17:43:14,System,,,,,,COMPANY,,FALSE,TOTAL,UDH-01789
1801,BARCODE SCANNERS,ZEBRA,DS2208,S22179010552090,ตึกหลวงตาบัว,5,หอผู้ป่วยอายุรกรรมหญิง,,อายุรกรรม,Active,โรงพยาบาลศูนย์อุดรธานี,อด 0033.1/380/2568 ลงวันที่ 26 สิงหาคม 2568,,,,2026-05-14 17:43:14,System,,,,,,COMPANY,,FALSE,TOTAL,UDH-01790
1802,PRINTER INKJET AIO,EPSON,L5290,X8H2029617,ตึกหลวงตาบัว,5,หอผู้ป่วยอายุรกกรรมพิเศษ หญิง,,อายุรกรรม,Active,โรงพยาบาลศูนย์อุดรธานี,อด 0033.1/380/2568 ลงวันที่ 26 สิงหาคม 2568,,,,2026-06-03 21:10:39,nikorn2527@gmail.com,,,2026-06-04,,,COMPANY,,TRUE,TOTAL,UDH-01791
1803,PRINTER INKJET AIO,EPSON,L5290,X8H2029450,ตึกหลวงตาบัว,5,หอผู้ป่วยรวมน้ำใจ (COVID-19),รวมน้ำใจ,อายุรกรรม,Active,โรงพยาบาลศูนย์อุดรธานี,อด 0033.1/380/2568 ลงวันที่ 26 สิงหาคม 2568,,,,2026-05-14 17:43:14,System,,,,,,COMPANY,,TRUE,TOTAL,UDH-01792
1804,PRINTER INKJET AIO,EPSON,L5290,X8H2027161,ตึกผู้ป่วยนอก (OPD),5,กลุ่มงานพัสดุ,แผนกพัสดุ,บริหาร/ยุทธศาสตร์,Active,โรงพยาบาลศูนย์อุดรธานี,อด 0033.1/380/2568 ลงวันที่ 26 สิงหาคม 2568,,,,2026-07-30 17:15:22,bie3110greedisgood@gmail.com,,,2026-07-21,2026-06-12,,COMPANY,,TRUE,TOTAL,UDH-01793
1805,PRINTER INKJET AIO,EPSON,L5290,X8H2029611,ตึกหลวงตาบัว,5,หอผู้ป่วยอายุรกรรมหญิง,,อายุรกรรม,Active,โรงพยาบาลศูนย์อุดรธานี,อด 0033.1/380/2568 ลงวันที่ 26 สิงหาคม 2568,,,,2026-05-14 17:43:14,System,,,,,,COMPANY,,TRUE,TOTAL,UDH-01794
1806,PRINTER INKJET AIO,EPSON,L5290,X8H2029065,ตึกหลวงตาบัว,5,หอผู้ป่วยอายุรกรรมหญิง,,อายุรกรรม,Active,โรงพยาบาลศูนย์อุดรธานี,อด 0033.1/380/2568 ลงวันที่ 26 สิงหาคม 2568,,,,2026-05-14 17:43:14,System,,,,,,COMPANY,,TRUE,TOTAL,UDH-01795
1807,PRINTER LASER,SAMSUNG,M4020ND,CNB3LPSCL,ตึกหลวงตาบัว,5,หอผู้ป่วยอายุรกรรมหญิง,,อายุรกรรม,Retired,โรงพยาบาลศูนย์อุดรธานี,อด 0033.1/380/2568 ลงวันที่ 26 สิงหาคม 2568,,,,2026-05-14 17:43:14,System,,,,,,COMPANY,,TRUE,TOTAL,UDH-01796
1808,PRINTER THERMAL,ZEBRA,ZD421,D6J222613672,ตึกหลวงตาบัว,5,หอผู้ป่วยอายุรกรรมหญิง,,อายุรกรรม,Active,โรงพยาบาลศูนย์อุดรธานี,อด 0033.1/380/2568 ลงวันที่ 26 สิงหาคม 2568,,,,2026-05-14 17:43:14,System,,,,,,COMPANY,,FALSE,TOTAL,UDH-01797
1809,PRINTER THERMAL,ZEBRA,ZD421,D6J222613120,ตึกหลวงตาบัว,5,หอผู้ป่วยอายุรกรรมหญิง,,อายุรกรรม,Active,โรงพยาบาลศูนย์อุดรธานี,อด 0033.1/380/2568 ลงวันที่ 26 สิงหาคม 2568,,,,2026-05-14 17:43:14,System,,,,,,COMPANY,,FALSE,TOTAL,UDH-01798
1810,SCANNERS,CANON,DR-C230,JA491928,ตึกหลวงตาบัว,5,หอผู้ป่วยอายุรกรรมหญิง,,อายุรกรรม,Active,โรงพยาบาลศูนย์อุดรธานี,อด 0033.1/380/2568 ลงวันที่ 26 สิงหาคม 2568,,,,2026-05-14 17:43:14,System,,,,,,COMPANY,,FALSE,TOTAL,UDH-01799
1811,SCANNERS,CANON,DR-C230,JA491980,ตึกหลวงตาบัว,5,หอผู้ป่วยอายุรกรรมหญิง,,อายุรกรรม,Active,โรงพยาบาลศูนย์อุดรธานี,อด 0033.1/380/2568 ลงวันที่ 26 สิงหาคม 2568,,,,2026-05-14 17:43:14,System,,,,,,COMPANY,,FALSE,TOTAL,UDH-01800
1812,BARCODE SCANNERS,ZEBRA,DS2208,S22178010553666,ตึกหลวงตาบัว,6,หอผู้ป่วยกึ่งวิกฤตอายุรกรรม SICU,,อายุรกรรม,Active,โรงพยาบาลศูนย์อุดรธานี,อด 0033.1/380/2568 ลงวันที่ 26 สิงหาคม 2568,,,,2026-05-14 17:43:14,System,,,,,,COMPANY,,FALSE,TOTAL,UDH-01801
1813,BARCODE SCANNERS,ZEBRA,DS2208,S22178010553640,ตึกหลวงตาบัว,6,หอผู้ป่วยกึ่งวิกฤตอายุรกรรม SICU,,อายุรกรรม,Active,โรงพยาบาลศูนย์อุดรธานี,อด 0033.1/380/2568 ลงวันที่ 26 สิงหาคม 2568,,,,2026-05-14 17:43:14,System,,,,,,COMPANY,,FALSE,TOTAL,UDH-01802
1814,BARCODE SCANNERS,ZEBRA,DS2208,S22178010553661,ตึกหลวงตาบัว,6,หอผู้ป่วยกึ่งวิกฤตอายุรกรรม SICU,,อายุรกรรม,Active,โรงพยาบาลศูนย์อุดรธานี,อด 0033.1/380/2568 ลงวันที่ 26 สิงหาคม 2568,,,,2026-05-14 17:43:14,System,,,,,,COMPANY,,FALSE,TOTAL,UDH-01803
1815,PRINTER INKJET AIO,EPSON,L5290,X8H2029445,ตึกหลวงตาบัว,6,หอผู้ป่วยกึ่งวิกฤตอายุรกรรม SICU,,อายุรกรรม,Active,โรงพยาบาลศูนย์อุดรธานี,อด 0033.1/380/2568 ลงวันที่ 26 สิงหาคม 2568,,,,2026-05-14 17:43:14,System,,,,,,COMPANY,,TRUE,TOTAL,UDH-01804
1816,PRINTER LASER,HP,M402DN,PHCFD06263,ตึกหลวงตาบัว,6,หอผู้ป่วยกึ่งวิกฤตอายุรกรรม SICU,,อายุรกรรม,Active,โรงพยาบาลศูนย์อุดรธานี,อด 0033.1/380/2568 ลงวันที่ 26 สิงหาคม 2568,,,,2026-05-14 17:43:14,System,,,,,,COMPANY,,TRUE,TOTAL,UDH-01805
1817,PRINTER THERMAL,ZEBRA,ZD421,D6J222613668,ตึกหลวงตาบัว,6,หอผู้ป่วยกึ่งวิกฤตอายุรกรรม SICU,,อายุรกรรม,Active,โรงพยาบาลศูนย์อุดรธานี,อด 0033.1/380/2568 ลงวันที่ 26 สิงหาคม 2568,,,,2026-05-14 17:43:14,System,,,,,,COMPANY,,FALSE,TOTAL,UDH-01806
1818,PRINTER THERMAL,ZEBRA,ZD421,D6J222613679,ตึกหลวงตาบัว,6,หอผู้ป่วยกึ่งวิกฤตอายุรกรรม SICU,,อายุรกรรม,Active,โรงพยาบาลศูนย์อุดรธานี,อด 0033.1/380/2568 ลงวันที่ 26 สิงหาคม 2568,,,,2026-05-14 17:43:14,System,,,,,,COMPANY,,FALSE,TOTAL,UDH-01807
1819,SCANNERS,CANON,DR-C230,JA491773,ตึกหลวงตาบัว,6,หอผู้ป่วยกึ่งวิกฤตอายุรกรรม SICU,,อายุรกรรม,Active,โรงพยาบาลศูนย์อุดรธานี,อด 0033.1/380/2568 ลงวันที่ 26 สิงหาคม 2568,,,,2026-05-14 17:43:14,System,,,,,,COMPANY,,FALSE,TOTAL,UDH-01808
1820,SCANNERS,CANON,DR-C230,JA491906,ตึกหลวงตาบัว,6,หอผู้ป่วยกึ่งวิกฤตอายุรกรรม SICU,,อายุรกรรม,Active,โรงพยาบาลศูนย์อุดรธานี,อด 0033.1/380/2568 ลงวันที่ 26 สิงหาคม 2568,,,,2026-05-14 17:43:14,System,,,,,,COMPANY,,FALSE,TOTAL,UDH-01809
1821,SCANNERS,CANON,DR-C230,JA431216,ตึกหลวงตาบัว,6,หอผู้ป่วยกึ่งวิกฤตอายุรกรรม SICU,,อายุรกรรม,Active,โรงพยาบาลศูนย์อุดรธานี,อด 0033.1/380/2568 ลงวันที่ 26 สิงหาคม 2568,,,,2026-05-14 17:43:14,System,,,,,,COMPANY,,FALSE,TOTAL,UDH-01810
1822,BARCODE SCANNERS,ZEBRA,DS2208,S22149010552923,ตึกหลวงตาบัว,7,หอผู้ป่วยอายุรกรรมโรคมะเร็ง,,อายุรกรรม,Active,โรงพยาบาลศูนย์อุดรธานี,อด 0033.1/380/2568 ลงวันที่ 26 สิงหาคม 2568,,,,2026-05-14 17:43:14,System,,,,,,COMPANY,,FALSE,TOTAL,UDH-01811
1823,BARCODE SCANNERS,ZEBRA,DS2208,S22178010553656,ตึกหลวงตาบัว,7,หอผู้ป่วยอายุรกรรมโรคมะเร็ง,,อายุรกรรม,Active,โรงพยาบาลศูนย์อุดรธานี,อด 0033.1/380/2568 ลงวันที่ 26 สิงหาคม 2568,,,,2026-05-14 17:43:14,System,,,,,,COMPANY,,FALSE,TOTAL,UDH-01812
1824,BARCODE SCANNERS,ZEBRA,DS2208,S22178010553539,ตึกหลวงตาบัว,7,หอผู้ป่วยอายุรกรรมโรคมะเร็ง,,อายุรกรรม,Active,โรงพยาบาลศูนย์อุดรธานี,อด 0033.1/380/2568 ลงวันที่ 26 สิงหาคม 2568,,,,2026-05-14 17:43:14,System,,,,,,COMPANY,,FALSE,TOTAL,UDH-01813
1825,PRINTER INKJET AIO,EPSON,L5290,X8H2029184,ตึกหลวงตาบัว,7,หอผู้ป่วยอายุรกรรมโรคมะเร็ง,,อายุรกรรม,Active,โรงพยาบาลศูนย์อุดรธานี,อด 0033.1/380/2568 ลงวันที่ 26 สิงหาคม 2568,,,,2026-05-14 17:43:14,System,,,,,,COMPANY,,TRUE,TOTAL,UDH-01814
1826,PRINTER INKJET AIO,EPSON,L5290,X8H2029588,ตึกผู้ป่วยนอก (OPD),6,แผนกบัญชี,ห้องหัวหน้า,บริหาร/ยุทธศาสตร์,Active,โรงพยาบาลศูนย์อุดรธานี,อด 0033.1/380/2568 ลงวันที่ 26 สิงหาคม 2568,,,,2026-06-11 15:41:39,nikorn2527@gmail.com,,,2026-06-11,,,COMPANY,,TRUE,TOTAL,UDH-01815
1827,PRINTER THERMAL,ZEBRA,ZD421,D6J222613812,ตึกหลวงตาบัว,7,หอผู้ป่วยอายุรกรรมโรคมะเร็ง,,อายุรกรรม,Retired,โรงพยาบาลศูนย์อุดรธานี,อด 0033.1/380/2568 ลงวันที่ 26 สิงหาคม 2568,,,,2026-05-14 17:43:14,System,,,,,,COMPANY,,FALSE,TOTAL,UDH-01816
1828,PRINTER THERMAL,ZEBRA,ZD421,D6J222613671,ตึกหลวงตาบัว,7,หอผู้ป่วยอายุรกรรมโรคมะเร็ง,,อายุรกรรม,Active,โรงพยาบาลศูนย์อุดรธานี,อด 0033.1/380/2568 ลงวันที่ 26 สิงหาคม 2568,,,,2026-05-14 17:43:14,System,,,,,,COMPANY,,FALSE,TOTAL,UDH-01817
1829,SCANNERS,CANON,DR-C230,JA491970,ตึกหลวงตาบัว,7,หอผู้ป่วยอายุรกรรมโรคมะเร็ง,,อายุรกรรม,Active,โรงพยาบาลศูนย์อุดรธานี,อด 0033.1/380/2568 ลงวันที่ 26 สิงหาคม 2568,,,,2026-05-14 17:43:14,System,,,,,,COMPANY,,FALSE,TOTAL,UDH-01818
1830,BARCODE SCANNERS,ZEBRA,DS2208,S22179010552238,ตึกหลวงตาบัว,8,หอผู้ป่วยปลูกถ่ายอวัยวะและไขกระดูก,,อายุรกรรม,Active,โรงพยาบาลศูนย์อุดรธานี,อด 0033.1/380/2568 ลงวันที่ 26 สิงหาคม 2568,,,,2026-05-14 17:43:14,System,,,,,,COMPANY,,FALSE,TOTAL,UDH-01819
1831,BARCODE SCANNERS,ZEBRA,DS2208,S22179010552222,ตึกหลวงตาบัว,8,หอผู้ป่วยอายุกรรมโรคเลือด,,อายุรกรรม,Active,โรงพยาบาลศูนย์อุดรธานี,อด 0033.1/380/2568 ลงวันที่ 26 สิงหาคม 2568,,,,2026-05-14 17:43:14,System,,,,,,COMPANY,,FALSE,TOTAL,UDH-01820
1832,PRINTER INKJET AIO,EPSON,L5290,X8H2029254,ตึกหลวงตาบัว,8,หอผู้ป่วยปลูกถ่ายอวัยวะและไขกระดูก,,อายุรกรรม,Active,โรงพยาบาลศูนย์อุดรธานี,อด 0033.1/380/2568 ลงวันที่ 26 สิงหาคม 2568,,,,2026-05-14 17:43:14,System,,,,,,COMPANY,,TRUE,TOTAL,UDH-01821
1833,PRINTER INKJET AIO,EPSON,L5290,X8H2029066,ตึกหลวงตาบัว,2,หอผู้ป่วยอายุรกรรมชาย,,อายุรกรรม,Active,โรงพยาบาลศูนย์อุดรธานี,,,,,2026-07-01 15:57:32,nikorn2527@gmail.com,,,2026-06-01,2026-06-08,,COMPANY,,TRUE,TOTAL,UDH-01822
1834,PRINTER THERMAL,ZEBRA,ZD421,D6J222700894,ตึกหลวงตาบัว,8,หอผู้ป่วยปลูกถ่ายอวัยวะและไขกระดูก,,อายุรกรรม,Active,โรงพยาบาลศูนย์อุดรธานี,อด 0033.1/380/2568 ลงวันที่ 26 สิงหาคม 2568,,,,2026-05-14 17:43:14,System,,,,,,COMPANY,,FALSE,TOTAL,UDH-01823
1835,PRINTER THERMAL,ZEBRA,ZD421,D6J222613819,ตึกหลวงตาบัว,8,หอผู้ป่วยอายุกรรมโรคเลือด,,อายุรกรรม,Active,โรงพยาบาลศูนย์อุดรธานี,อด 0033.1/380/2568 ลงวันที่ 26 สิงหาคม 2568,,,,2026-05-14 17:43:14,System,,,,,,COMPANY,,FALSE,TOTAL,UDH-01824
1836,PRINTER THERMAL,ZEBRA,ZD421,D6J222614767,ตึกหลวงตาบัว,8,หอผู้ป่วยอายุกรรมโรคเลือด,,อายุรกรรม,Active,โรงพยาบาลศูนย์อุดรธานี,อด 0033.1/380/2568 ลงวันที่ 26 สิงหาคม 2568,,,,2026-05-14 17:43:14,System,,,,,,COMPANY,,FALSE,TOTAL,UDH-01825
1837,SCANNERS,CANON,DR-C230,JA470727,ตึกหลวงตาบัว,8,หอผู้ป่วยปลูกถ่ายอวัยวะและไขกระดูก,,อายุรกรรม,Active,โรงพยาบาลศูนย์อุดรธานี,อด 0033.1/380/2568 ลงวันที่ 26 สิงหาคม 2568,,,,2026-05-14 17:43:14,System,,,,,,COMPANY,,FALSE,TOTAL,UDH-01826
1838,SCANNERS,CANON,DR-C230,JA491901,ตึกเมตตาธรรม,2,ICU MED1,,อายุรกรรม / ผู้ป่วยวิกฤตอายุรกรรม,Active,โรงพยาบาลศูนย์อุดรธานี,อด 0033.1/380/2568 ลงวันที่ 26 สิงหาคม 2568,,,,2026-05-14 17:43:14,System,,,,,,COMPANY,,FALSE,TOTAL,UDH-01827
1839,BARCODE SCANNERS,ZEBRA,DS2208,S22149010550598,ตึกหลวงตาบัว,9,หอสงฆ์ /ICU สงฆ์,,อายุรกรรม,Active,โรงพยาบาลศูนย์อุดรธานี,อด 0033.1/380/2568 ลงวันที่ 26 สิงหาคม 2568,,,,2026-05-14 17:43:14,System,,,,,,COMPANY,,FALSE,TOTAL,UDH-01828
1840,BARCODE SCANNERS,ZEBRA,DS2208,S22149010550597,ตึกหลวงตาบัว,9,หอสงฆ์ /ICU สงฆ์,,อายุรกรรม,Active,โรงพยาบาลศูนย์อุดรธานี,อด 0033.1/380/2568 ลงวันที่ 26 สิงหาคม 2568,,,,2026-05-14 17:43:14,System,,,,,,COMPANY,,FALSE,TOTAL,UDH-01829
1841,BARCODE SCANNERS,ZEBRA,DS2208,S22149010552827,ตึกหลวงตาบัว,9,หอสงฆ์ /ICU สงฆ์,,อายุรกรรม,Active,โรงพยาบาลศูนย์อุดรธานี,อด 0033.1/380/2568 ลงวันที่ 26 สิงหาคม 2568,,,,2026-05-14 17:43:14,System,,,,,,COMPANY,,FALSE,TOTAL,UDH-01830
1842,PRINTER INKJET AIO,EPSON,L5290,X8H2029105,ตึกหลวงตาบัว,9,หอสงฆ์ /ICU สงฆ์,,อายุรกรรม,Active,โรงพยาบาลศูนย์อุดรธานี,อด 0033.1/380/2568 ลงวันที่ 26 สิงหาคม 2568,,,,2026-05-14 17:43:14,System,,,,,,COMPANY,,TRUE,TOTAL,UDH-01831
1843,PRINTER INKJET,EPSON,M3170,X5TT006829,ตึกหลวงตาบัว,9,หอสงฆ์ /ICU สงฆ์,,อายุรกรรม,Retired,โรงพยาบาลศูนย์อุดรธานี,อด 0033.1/380/2568 ลงวันที่ 26 สิงหาคม 2568,,,,2026-05-14 17:43:14,System,,,,,,COMPANY,,TRUE,TOTAL,UDH-01832
1844,PRINTER INKJET,EPSON,M3170,X5TT019584,ตึกหลวงตาบัว,9,หอสงฆ์ /ICU สงฆ์,,อายุรกรรม,Active,โรงพยาบาลศูนย์อุดรธานี,อด 0033.1/380/2568 ลงวันที่ 26 สิงหาคม 2568,,,,2026-05-14 17:43:14,System,,,,,,COMPANY,,TRUE,TOTAL,UDH-01833
1845,PRINTER INKJET AIO,EPSON,L5290,X8H2029043,ตึกหลวงตาบัว,9,หอสงฆ์ /ICU สงฆ์,,อายุรกรรม,Active,โรงพยาบาลศูนย์อุดรธานี,อด 0033.1/380/2568 ลงวันที่ 26 สิงหาคม 2568,,,,2026-05-14 17:43:14,System,,,,,,COMPANY,,TRUE,TOTAL,UDH-01834
1846,PRINTER THERMAL,ZEBRA,ZD421,D6J222702151,ตึกหลวงตาบัว,9,หอสงฆ์ /ICU สงฆ์,,อายุรกรรม,Active,โรงพยาบาลศูนย์อุดรธานี,อด 0033.1/380/2568 ลงวันที่ 26 สิงหาคม 2568,,,,2026-05-14 17:43:14,System,,,,,,COMPANY,,FALSE,TOTAL,UDH-01835
1847,PRINTER THERMAL,ZEBRA,ZD421,D6J222613657,ตึกหลวงตาบัว,9,หอสงฆ์ /ICU สงฆ์,,อายุรกรรม,Active,โรงพยาบาลศูนย์อุดรธานี,อด 0033.1/380/2568 ลงวันที่ 26 สิงหาคม 2568,,,,2026-05-14 17:43:14,System,,,,,,COMPANY,,FALSE,TOTAL,UDH-01836
1848,SCANNERS,CANON,DR-C230,JA491965,ตึกหลวงตาบัว,9,หอสงฆ์ /ICU สงฆ์,,อายุรกรรม,Active,โรงพยาบาลศูนย์อุดรธานี,อด 0033.1/380/2568 ลงวันที่ 26 สิงหาคม 2568,,,,2026-05-14 17:43:14,System,,,,,,COMPANY,,FALSE,TOTAL,UDH-01837
1849,SCANNERS,CANON,DR-C230,JA491772,ตึกหลวงตาบัว,9,หอสงฆ์ /ICU สงฆ์,,อายุรกรรม,Active,โรงพยาบาลศูนย์อุดรธานี,อด 0033.1/380/2568 ลงวันที่ 26 สิงหาคม 2568,,,,2026-05-14 17:43:14,System,,,,,,COMPANY,,FALSE,TOTAL,UDH-01838
1850,SCANNERS,CANON,DR-C230,JA491990,ตึกหลวงตาบัว,9,หอสงฆ์ /ICU สงฆ์,,อายุรกรรม,Active,โรงพยาบาลศูนย์อุดรธานี,อด 0033.1/380/2568 ลงวันที่ 26 สิงหาคม 2568,,,,2026-05-14 17:43:14,System,,,,,,COMPANY,,FALSE,TOTAL,UDH-01839
1851,BARCODE SCANNERS,ZEBRA,DS2208,S22149010552924,ตึกหลวงตาบัว,10,หอผู้ป่วยพิเศษสงฆ์,,อายุรกรรม,Active,โรงพยาบาลศูนย์อุดรธานี,อด 0033.1/380/2568 ลงวันที่ 26 สิงหาคม 2568,,,,2026-05-14 17:43:14,System,,,,,,COMPANY,,FALSE,TOTAL,UDH-01840
1852,PRINTER INKJET AIO,EPSON,L5290,X8H2029159,ตึกหลวงตาบัว,10,หอผู้ป่วยพิเศษสงฆ์,,อายุรกรรม,Active,โรงพยาบาลศูนย์อุดรธานี,อด 0033.1/380/2568 ลงวันที่ 26 สิงหาคม 2568,,,,2026-05-14 17:43:14,System,,,,,,COMPANY,,TRUE,TOTAL,UDH-01841
1853,BARCODE SCANNERS,ZEBRA,DS2208,S22178010553973,ตึกห้อง Lab เบอร์ 10,1,ภูมิคุ้มกันวิทยา,,พยาธิวิทยา/ห้องปฏิบัติการ,Active,โรงพยาบาลศูนย์อุดรธานี,อด 0033.1/380/2568 ลงวันที่ 26 สิงหาคม 2568,,,,2026-05-14 17:43:14,System,,,,,,COMPANY,,FALSE,TOTAL,UDH-01842
1854,BARCODE SCANNERS,ZEBRA,DS2208,S22149010552843,ตึกห้อง Lab เบอร์ 10,1,โลหิตวิทยา,,พยาธิวิทยา/ห้องปฏิบัติการ,Active,โรงพยาบาลศูนย์อุดรธานี,อด 0033.1/380/2568 ลงวันที่ 26 สิงหาคม 2568,,,,2026-05-14 17:43:14,System,,,,,,COMPANY,,FALSE,TOTAL,UDH-01843
1855,BARCODE SCANNERS,ZEBRA,DS2208,S22149010553984,ตึกห้อง Lab เบอร์ 10,1,โลหิตวิทยา,,พยาธิวิทยา/ห้องปฏิบัติการ,Active,โรงพยาบาลศูนย์อุดรธานี,อด 0033.1/380/2568 ลงวันที่ 26 สิงหาคม 2568,,,,2026-05-14 17:43:14,System,,,,,,COMPANY,,FALSE,TOTAL,UDH-01844
957,PRINTER THERMAL,ZEBRA,ZD421,D6J222613700,ตึกผู้ป่วยนอก (OPD),2,ห้องปรึกษาอาการแพ้ยา,,เภสัชกรรม,Active,โรงพยาบาลศูนย์อุดรธานี,อด 0033.1/380/2568 ลงวันที่ 26 สิงหาคม 2568,,,,2026-05-14 17:43:14,System,,,,,,COMPANY,,FALSE,TOTAL,UDH-00953
958,PRINTER THERMAL,ZEBRA,ZD421,D6J222614668,ตึกผู้ป่วยนอก (OPD),2,ห้องปรึกษาอาการแพ้ยา,,เภสัชกรรม,Active,โรงพยาบาลศูนย์อุดรธานี,อด 0033.1/380/2568 ลงวันที่ 26 สิงหาคม 2568,,,,2026-05-14 17:43:14,System,,,,,,COMPANY,,FALSE,TOTAL,UDH-00954
525,PRINTER INKJET AIO,EPSON,L5290,X8H2029074,ตึกเชี่ยวชาญ,4,ห้องผ่าตัดจักษุกรรม,,ห้องผ่าตัด (OR),Active,โรงพยาบาลศูนย์อุดรธานี,อด 0033.1/380/2568 ลงวันที่ 26 สิงหาคม 2568,,,,2026-05-14 17:43:14,System,,,,,,COMPANY,,TRUE,TOTAL,UDH-00521
2139,PRINTER THERMAL,TSC,TE200,TEA24330044,ตึกเชี่ยวชาญ,4,ห้องผ่าตัดจักษุกรรม,,ห้องผ่าตัด (OR),Active,โรงพยาบาลศูนย์อุดรธานี,อด 0033.1/380/2568 ลงวันที่ 26 สิงหาคม 2568,,,,2026-05-14 17:43:14,System,,,,,,COMPANY,,FALSE,TOTAL,UDH-02112
605,BARCODE SCANNERS,ZEBRA,DS2208,S22178010553700,ตึกผู้ป่วยนอก (OPD),1,ห้องผาตัดเล็ก,,ห้องผ่าตัด (OR),Active,โรงพยาบาลศูนย์อุดรธานี,อด 0033.1/380/2568 ลงวันที่ 26 สิงหาคม 2568,,,,2026-05-14 17:43:14,System,,,,,,COMPANY,,FALSE,TOTAL,UDH-00601
642,PRINTER INKJET,EPSON,M3170,X5TT006108,ตึกผู้ป่วยนอก (OPD),1,ห้องผาตัดเล็ก,,ห้องผ่าตัด (OR),Active,โรงพยาบาลศูนย์อุดรธานี,อด 0033.1/380/2568 ลงวันที่ 26 สิงหาคม 2568,,,,2026-05-14 17:43:14,System,,,,,,COMPANY,,TRUE,TOTAL,UDH-00638
643,PRINTER INKJET AIO,EPSON,L5290,X8H2029070,ตึกผู้ป่วยนอก (OPD),1,ห้องผาตัดเล็ก,,ห้องผ่าตัด (OR),Active,โรงพยาบาลศูนย์อุดรธานี,อด 0033.1/380/2568 ลงวันที่ 26 สิงหาคม 2568,,,,2026-05-14 17:43:14,System,,,,,,COMPANY,,TRUE,TOTAL,UDH-00639
688,PRINTER THERMAL,DELI,S351,64455300093,ตึกผู้ป่วยนอก (OPD),1,ห้องผาตัดเล็ก,,ห้องผ่าตัด (OR),Active,โรงพยาบาลศูนย์อุดรธานี,อด 0033.1/380/2568 ลงวันที่ 26 สิงหาคม 2568,,,,2026-05-14 17:43:14,System,,,,,,COMPANY,,FALSE,TOTAL,UDH-00684
717,SCANNERS,CANON,DR-C230,JA491758,ตึกผู้ป่วยนอก (OPD),1,ห้องผาตัดเล็ก,,ห้องผ่าตัด (OR),Active,โรงพยาบาลศูนย์อุดรธานี,อด 0033.1/380/2568 ลงวันที่ 26 สิงหาคม 2568,,,,2026-05-14 17:43:14,System,,,,,,COMPANY,,FALSE,TOTAL,UDH-00713
1925,PRINTER INKJET AIO,EPSON,L5290,X8H2029073,โรงพยาบาลศูนย์มะเร็ง,5,ห้องผ่าตัดศูนย์มะเร็ง,,มะเร็งวิทยา,Pending Repair,โรงพยาบาลศูนย์อุดรธานี,อด 0033.1/380/2568 ลงวันที่ 26 สิงหาคม 2568,,,,2026-05-30 02:54:50,nikorn2527@gmail.com,,,,,,COMPANY,,TRUE,TOTAL,UDH-01914
512,BARCODE SCANNERS,ZEBRA,DS2208,S22178010553477,ตึกเชี่ยวชาญ,5,ห้องผ่าตัด (OR),,ห้องผ่าตัด (OR),Active,โรงพยาบาลศูนย์อุดรธานี,อด 0033.1/380/2568 ลงวันที่ 26 สิงหาคม 2568,,,,2026-05-14 17:43:14,System,,,,,,COMPANY,,FALSE,TOTAL,UDH-00508
513,BARCODE SCANNERS,ZEBRA,DS2208,S22178010553488,ตึกเชี่ยวชาญ,5,ห้องผ่าตัด (OR),,ห้องผ่าตัด (OR),Active,โรงพยาบาลศูนย์อุดรธานี,อด 0033.1/380/2568 ลงวันที่ 26 สิงหาคม 2568,,,,2026-05-14 17:43:14,System,,,,,,COMPANY,,FALSE,TOTAL,UDH-00509
1868,BARCODE SCANNERS,ZEBRA,DS2208,S22149010555139,ตึกห้อง Lab เบอร์ 10,1,พัสดุ LAB เบอร์ 10,,พยาธิวิทยา/ห้องปฏิบัติการ,Active,โรงพยาบาลศูนย์อุดรธานี,อด 0033.1/380/2568 ลงวันที่ 26 สิงหาคม 2568,,,,2026-05-14 17:43:14,System,,,,,,COMPANY,,FALSE,TOTAL,UDH-01857
1869,BARCODE SCANNERS,ZEBRA,DS2208,S22149010555138,ตึกห้อง Lab เบอร์ 10,1,พัสดุ LAB เบอร์ 10,,พยาธิวิทยา/ห้องปฏิบัติการ,Active,โรงพยาบาลศูนย์อุดรธานี,อด 0033.1/380/2568 ลงวันที่ 26 สิงหาคม 2568,,,,2026-05-14 17:43:14,System,,,,,,COMPANY,,FALSE,TOTAL,UDH-01858
514,BARCODE SCANNERS,ZEBRA,DS2208,S22178010553537,ตึกเชี่ยวชาญ,5,ห้องผ่าตัด (OR),,ห้องผ่าตัด (OR),Active,โรงพยาบาลศูนย์อุดรธานี,อด 0033.1/380/2568 ลงวันที่ 26 สิงหาคม 2568,,,,2026-05-14 17:43:14,System,,,,,,COMPANY,,FALSE,TOTAL,UDH-00510
515,BARCODE SCANNERS,ZEBRA,DS2208,S22178010553998,ตึกเชี่ยวชาญ,5,ห้องผ่าตัด (OR),,ห้องผ่าตัด (OR),Active,โรงพยาบาลศูนย์อุดรธานี,อด 0033.1/380/2568 ลงวันที่ 26 สิงหาคม 2568,,,,2026-05-14 17:43:14,System,,,,,,COMPANY,,FALSE,TOTAL,UDH-00511
519,BARCODE SCANNERS,ZEBRA,DS2208,S22178010553535,ตึกเชี่ยวชาญ,5,ห้องผ่าตัด (OR),ดมยา (OR),ห้องผ่าตัด (OR),Active,โรงพยาบาลศูนย์อุดรธานี,อด 0033.1/380/2568 ลงวันที่ 26 สิงหาคม 2568,,,,2026-05-14 17:43:14,System,,,,,,COMPANY,,FALSE,TOTAL,UDH-00515
1873,PRINTER INKJET AIO,EPSON,L5290,X8H2028231,ตึกห้อง Lab เบอร์ 10,2,ธุรการ,LAB เบอร์ 10,พยาธิวิทยา/ห้องปฏิบัติการ,Active,โรงพยาบาลศูนย์อุดรธานี,อด 0033.1/380/2568 ลงวันที่ 26 สิงหาคม 2568,,,,2026-05-14 17:43:14,System,,,,,,COMPANY,,TRUE,TOTAL,UDH-01862
520,BARCODE SCANNERS,ZEBRA,DS2208,S22178010553538,ตึกเชี่ยวชาญ,5,ห้องผ่าตัด (OR),ดมยา (OR),ห้องผ่าตัด (OR),Active,โรงพยาบาลศูนย์อุดรธานี,อด 0033.1/380/2568 ลงวันที่ 26 สิงหาคม 2568,,,,2026-05-14 17:43:14,System,,,,,,COMPANY,,FALSE,TOTAL,UDH-00516
1875,PRINTER INKJET AIO,EPSON,L5290,X8H2029126,ตึกห้อง Lab เบอร์ 10,1,พัสดุ LAB เบอร์ 10,,พยาธิวิทยา/ห้องปฏิบัติการ,Active,โรงพยาบาลศูนย์อุดรธานี,อด 0033.1/380/2568 ลงวันที่ 26 สิงหาคม 2568,,,,2026-05-14 17:43:14,System,,,,,,COMPANY,,TRUE,TOTAL,UDH-01864
1876,PRINTER THERMAL,ZEBRA,ZD421,D6J222613529,ตึกห้อง Lab เบอร์ 10,1,ภูมิคุ้มกันวิทยา,,พยาธิวิทยา/ห้องปฏิบัติการ,Active,โรงพยาบาลศูนย์อุดรธานี,อด 0033.1/380/2568 ลงวันที่ 26 สิงหาคม 2568,,,,2026-05-14 17:43:14,System,,,,,,COMPANY,,FALSE,TOTAL,UDH-01865
1877,PRINTER THERMAL,ZEBRA,ZD421,D6J222702186,ตึกห้อง Lab เบอร์ 10,1,ภูมิคุ้มกันวิทยา,,พยาธิวิทยา/ห้องปฏิบัติการ,Active,โรงพยาบาลศูนย์อุดรธานี,อด 0033.1/380/2568 ลงวันที่ 26 สิงหาคม 2568,,,,2026-05-14 17:43:14,System,,,,,,COMPANY,,FALSE,TOTAL,UDH-01866
1878,PRINTER THERMAL,ZEBRA,ZD421,D6J222700868,ตึกศัลยกรรม,2,ศัลยกรรมดูแลบาดแผล Wound Care,,ศัลยกรรม,Active,โรงพยาบาลศูนย์อุดรธานี,อด 0033.1/380/2568 ลงวันที่ 26 สิงหาคม 2568,,,,2026-05-14 17:43:14,System,,,,,,COMPANY,,FALSE,TOTAL,UDH-01867
1879,PRINTER THERMAL,ZEBRA,ZD421,D6J222613810,ตึกห้อง Lab เบอร์ 10,1,โลหิตวิทยา,,พยาธิวิทยา/ห้องปฏิบัติการ,Active,โรงพยาบาลศูนย์อุดรธานี,อด 0033.1/380/2568 ลงวันที่ 26 สิงหาคม 2568,,,,2026-05-14 17:43:14,System,,,,,,COMPANY,,FALSE,TOTAL,UDH-01868
521,BARCODE SCANNERS,ZEBRA,DS2208,S22178010553475,ตึกเชี่ยวชาญ,5,ห้องผ่าตัด (OR),ดมยา (OR),ห้องผ่าตัด (OR),Active,โรงพยาบาลศูนย์อุดรธานี,อด 0033.1/380/2568 ลงวันที่ 26 สิงหาคม 2568,,,,2026-05-14 17:43:14,System,,,,,,COMPANY,,FALSE,TOTAL,UDH-00517
522,BARCODE SCANNERS,ZEBRA,DS2208,S22178010553536,ตึกเชี่ยวชาญ,5,ห้องผ่าตัด (OR),ดมยา (OR),ห้องผ่าตัด (OR),Active,โรงพยาบาลศูนย์อุดรธานี,อด 0033.1/380/2568 ลงวันที่ 26 สิงหาคม 2568,,,,2026-05-14 17:43:14,System,,,,,,COMPANY,,FALSE,TOTAL,UDH-00518
526,PRINTER INKJET AIO,EPSON,L5290,X8H2029059,ตึกเชี่ยวชาญ,5,ห้องผ่าตัด (OR),พักฟื้น (วิสัญญี),ห้องผ่าตัด (OR),Active,โรงพยาบาลศูนย์อุดรธานี,อด 0033.1/380/2568 ลงวันที่ 26 สิงหาคม 2568,,,,2026-05-14 17:43:14,System,,,,,,COMPANY,,TRUE,TOTAL,UDH-00522
527,PRINTER INKJET AIO,EPSON,L5290,X8H2029129,ตึกเชี่ยวชาญ,5,ห้องผ่าตัด (OR),พักฟื้น (วิสัญญี),ห้องผ่าตัด (OR),Active,โรงพยาบาลศูนย์อุดรธานี,อด 0033.1/380/2568 ลงวันที่ 26 สิงหาคม 2568,,,,2026-05-14 17:43:14,System,,,,,,COMPANY,,TRUE,TOTAL,UDH-00523
528,PRINTER INKJET AIO,EPSON,L5290,X8H2029120,ตึกเชี่ยวชาญ,5,ห้องผ่าตัด (OR),วิสัญญี ติดต่อ-สอบถาม,ห้องผ่าตัด (OR),Active,โรงพยาบาลศูนย์อุดรธานี,อด 0033.1/380/2568 ลงวันที่ 26 สิงหาคม 2568,,,,2026-05-14 17:43:14,System,,,,,,COMPANY,,TRUE,TOTAL,UDH-00524
529,PRINTER INKJET AIO,EPSON,L5290,X8H2029390,ตึกเชี่ยวชาญ,5,ห้องผ่าตัด (OR),วิสัญญีจุดบริการ 2,ห้องผ่าตัด (OR),Active,โรงพยาบาลศูนย์อุดรธานี,อด 0033.1/380/2568 ลงวันที่ 26 สิงหาคม 2568,,,,2026-05-14 17:43:14,System,,,,,,COMPANY,,TRUE,TOTAL,UDH-00525
530,PRINTER INKJET AIO,EPSON,L5290,X8H2029103,ตึกเชี่ยวชาญ,5,ห้องผ่าตัด (OR),ห้องหัวหน้าวิสัญญี,ห้องผ่าตัด (OR),Active,โรงพยาบาลศูนย์อุดรธานี,อด 0033.1/380/2568 ลงวันที่ 26 สิงหาคม 2568,,,,2026-05-14 17:43:14,System,,,,,,COMPANY,,TRUE,TOTAL,UDH-00526
531,PRINTER LASER,HP,M402DN,PHCFD06260,ตึกเชี่ยวชาญ,5,ห้องผ่าตัด (OR),ดมยา (OR),ห้องผ่าตัด (OR),Active,โรงพยาบาลศูนย์อุดรธานี,อด 0033.1/380/2568 ลงวันที่ 26 สิงหาคม 2568,,,,2026-05-14 17:43:14,System,,,,,,COMPANY,,TRUE,TOTAL,UDH-00527
532,PRINTER THERMAL,ZEBRA,ZD421,D6J222614775,ตึกเชี่ยวชาญ,5,ห้องผ่าตัด (OR),ดมยา (OR),ห้องผ่าตัด (OR),Active,โรงพยาบาลศูนย์อุดรธานี,อด 0033.1/380/2568 ลงวันที่ 26 สิงหาคม 2568,,,,2026-05-14 17:43:14,System,,,,,,COMPANY,,FALSE,TOTAL,UDH-00528
533,PRINTER THERMAL,ZEBRA,ZD421,D6J222613579,ตึกเชี่ยวชาญ,5,ห้องผ่าตัด (OR),ดมยา (OR),ห้องผ่าตัด (OR),Active,โรงพยาบาลศูนย์อุดรธานี,อด 0033.1/380/2568 ลงวันที่ 26 สิงหาคม 2568,,,,2026-05-14 17:43:14,System,,,,,,COMPANY,,FALSE,TOTAL,UDH-00529
534,PRINTER THERMAL,ZEBRA,ZD421,D6J222613592,ตึกเชี่ยวชาญ,5,ห้องผ่าตัด (OR),ดมยา (OR),ห้องผ่าตัด (OR),Active,โรงพยาบาลศูนย์อุดรธานี,อด 0033.1/380/2568 ลงวันที่ 26 สิงหาคม 2568,,,,2026-05-14 17:43:14,System,,,,,,COMPANY,,FALSE,TOTAL,UDH-00530
535,PRINTER THERMAL,ZEBRA,ZD421,D6J222700883,ตึกเชี่ยวชาญ,5,ห้องผ่าตัด (OR),พักฟื้น (วิสัญญี),ห้องผ่าตัด (OR),Active,โรงพยาบาลศูนย์อุดรธานี,อด 0033.1/380/2568 ลงวันที่ 26 สิงหาคม 2568,,,,2026-05-14 17:43:14,System,,,,,,COMPANY,,FALSE,TOTAL,UDH-00531
536,PRINTER THERMAL,ZEBRA,ZD421,D6J222614689,ตึกเชี่ยวชาญ,5,ห้องผ่าตัด (OR),,ห้องผ่าตัด (OR),Active,โรงพยาบาลศูนย์อุดรธานี,อด 0033.1/380/2568 ลงวันที่ 26 สิงหาคม 2568,,,,2026-05-14 17:43:14,System,,,,,,COMPANY,,FALSE,TOTAL,UDH-00532
537,PRINTER THERMAL,ZEBRA,ZD421,D6J222614712,ตึกเชี่ยวชาญ,5,ห้องผ่าตัด (OR),วิสัญญีจุดบริการ 2,ห้องผ่าตัด (OR),Active,โรงพยาบาลศูนย์อุดรธานี,อด 0033.1/380/2568 ลงวันที่ 26 สิงหาคม 2568,,,,2026-05-14 17:43:14,System,,,,,,COMPANY,,FALSE,TOTAL,UDH-00533
548,PRINTER INKJET AIO,EPSON,L5290,X8H2029593,ตึกเชี่ยวชาญ,6,ห้องผ่าตัด (OR),ห้องประชุุม (OR),ห้องผ่าตัด (OR),Active,โรงพยาบาลศูนย์อุดรธานี,อด 0033.1/380/2568 ลงวันที่ 26 สิงหาคม 2568,,,,2026-05-14 17:43:14,System,,,,,,COMPANY,,TRUE,TOTAL,UDH-00544
549,PRINTER INKJET AIO,EPSON,L5290,X8H2029585,ตึกเชี่ยวชาญ,6,ห้องผ่าตัด (OR),ห้องหัวหน้า (OR),ห้องผ่าตัด (OR),Active,โรงพยาบาลศูนย์อุดรธานี,อด 0033.1/380/2568 ลงวันที่ 26 สิงหาคม 2568,,,,2026-05-14 17:43:14,System,,,,,,COMPANY,,TRUE,TOTAL,UDH-00545
552,PRINTER THERMAL,ZEBRA,ZD421,D6J222613635,ตึกเชี่ยวชาญ,5,ห้องผ่าตัด (OR),วิสัญญี,ห้องผ่าตัด (OR),Active,โรงพยาบาลศูนย์อุดรธานี,อด 0033.1/380/2568 ลงวันที่ 26 สิงหาคม 2568,,,,2026-05-14 17:43:14,System,,,,,,COMPANY,,FALSE,TOTAL,UDH-00548
1475,PRINTER INKJET AIO,EPSON,L5290,X8H2029164,ตึกเชี่ยวชาญ,5,ห้องผ่าตัด (OR),ห้องผ่าตัด 504,ห้องผ่าตัด (OR),Active,โรงพยาบาลศูนย์อุดรธานี,อด 0033.1/380/2568 ลงวันที่ 26 สิงหาคม 2568,,,,2026-05-17 22:33:12,nikorn2527@gmail.com,,,,,,COMPANY,,TRUE,TOTAL,UDH-01471
2140,PRINTER THERMAL,TSC,TE200,TEA24330001,ตึกเชี่ยวชาญ,5,ห้องผ่าตัด (OR),ผ่าตัดทั่วไป,ห้องผ่าตัด (OR),Active,โรงพยาบาลศูนย์อุดรธานี,อด 0033.1/380/2568 ลงวันที่ 26 สิงหาคม 2568,,,,2026-05-14 17:43:14,System,,,,,,COMPANY,,FALSE,TOTAL,UDH-02113
2141,PRINTER THERMAL,TSC,TE200,TEA24330018,ตึกเชี่ยวชาญ,6,ห้องผ่าตัด (OR),,ห้องผ่าตัด (OR),Active,โรงพยาบาลศูนย์อุดรธานี,อด 0033.1/380/2568 ลงวันที่ 26 สิงหาคม 2568,,,,2026-05-14 17:43:14,System,,,,,,COMPANY,,FALSE,TOTAL,UDH-02114
501,BARCODE SCANNERS,ZEBRA,DS2208,S22178010553495,ตึกเชี่ยวชาญ,4,ห้องผ่าตัด (UDSC),,ห้องผ่าตัด (OR),Active,โรงพยาบาลศูนย์อุดรธานี,อด 0033.1/380/2568 ลงวันที่ 26 สิงหาคม 2568,,,,2026-05-14 17:43:14,System,,,,,,COMPANY,,FALSE,TOTAL,UDH-00497
502,BARCODE SCANNERS,ZEBRA,DS2208,S22178010553493,ตึกเชี่ยวชาญ,4,ห้องผ่าตัด (UDSC),,ห้องผ่าตัด (OR),Active,โรงพยาบาลศูนย์อุดรธานี,อด 0033.1/380/2568 ลงวันที่ 26 สิงหาคม 2568,,,,2026-05-14 17:43:14,System,,,,,,COMPANY,,FALSE,TOTAL,UDH-00498
504,PRINTER INKJET AIO,EPSON,L5290,X8H2029116,ตึกเชี่ยวชาญ,4,ห้องผ่าตัด (UDSC),,ห้องผ่าตัด (OR),Active,โรงพยาบาลศูนย์อุดรธานี,อด 0033.1/380/2568 ลงวันที่ 26 สิงหาคม 2568,,,,2026-05-14 17:43:14,System,,,,,,COMPANY,,TRUE,TOTAL,UDH-00500
505,PRINTER INKJET AIO,EPSON,L5290,X8H2029092,ตึกเชี่ยวชาญ,4,ห้องผ่าตัด (UDSC),,ห้องผ่าตัด (OR),Active,โรงพยาบาลศูนย์อุดรธานี,อด 0033.1/380/2568 ลงวันที่ 26 สิงหาคม 2568,,,,2026-05-14 17:43:14,System,,,,,,COMPANY,,TRUE,TOTAL,UDH-00501
506,PRINTER INKJET AIO,EPSON,L5290,X8H2029113,ตึกเชี่ยวชาญ,4,ห้องผ่าตัด (UDSC),,ห้องผ่าตัด (OR),Active,โรงพยาบาลศูนย์อุดรธานี,อด 0033.1/380/2568 ลงวันที่ 26 สิงหาคม 2568,,,,2026-05-14 17:43:14,System,,,,,,COMPANY,,TRUE,TOTAL,UDH-00502
508,PRINTER THERMAL,ZEBRA,ZD421,D6J222613128,ตึกเชี่ยวชาญ,4,ห้องผ่าตัด (UDSC),,ห้องผ่าตัด (OR),Active,โรงพยาบาลศูนย์อุดรธานี,อด 0033.1/380/2568 ลงวันที่ 26 สิงหาคม 2568,,,,2026-05-14 17:43:14,System,,,,,,COMPANY,,FALSE,TOTAL,UDH-00504
509,PRINTER THERMAL,ZEBRA,ZD421,D6J222614792,ตึกเชี่ยวชาญ,4,ห้องผ่าตัด (UDSC),,ห้องผ่าตัด (OR),Active,โรงพยาบาลศูนย์อุดรธานี,อด 0033.1/380/2568 ลงวันที่ 26 สิงหาคม 2568,,,,2026-05-14 17:43:14,System,,,,,,COMPANY,,FALSE,TOTAL,UDH-00505
511,SCANNERS,CANON,DR-C230,JA491770,ตึกเชี่ยวชาญ,4,ห้องผ่าตัด (UDSC),,ห้องผ่าตัด (OR),Active,โรงพยาบาลศูนย์อุดรธานี,อด 0033.1/380/2568 ลงวันที่ 26 สิงหาคม 2568,,,,2026-05-14 17:43:14,System,,,,,,COMPANY,,FALSE,TOTAL,UDH-00507
1661,BARCODE SCANNERS,ZEBRA,DS2208,S22176010553265,ตึกสงฆ์เก่า,1,ห้องผู้ป่วย Stoke Unit,,ประสาทวิทยา,Active,โรงพยาบาลศูนย์อุดรธานี,อด 0033.1/380/2568 ลงวันที่ 26 สิงหาคม 2568,,,,2026-05-14 17:43:14,System,,,,,,COMPANY,,FALSE,TOTAL,UDH-01650
1662,BARCODE SCANNERS,ZEBRA,DS2208,S22176010553721,ตึกสงฆ์เก่า,1,ห้องผู้ป่วย Stoke Unit,,ประสาทวิทยา,Active,โรงพยาบาลศูนย์อุดรธานี,อด 0033.1/380/2568 ลงวันที่ 26 สิงหาคม 2568,,,,2026-05-14 17:43:14,System,,,,,,COMPANY,,FALSE,TOTAL,UDH-01651
1667,PRINTER INKJET AIO,EPSON,L5290,X8H2029558,ตึกสงฆ์เก่า,1,ห้องผู้ป่วย Stoke Unit,,ประสาทวิทยา,Active,โรงพยาบาลศูนย์อุดรธานี,อด 0033.1/380/2568 ลงวันที่ 26 สิงหาคม 2568,,,,2026-05-14 17:43:14,System,,,,,,COMPANY,,TRUE,TOTAL,UDH-01656
1668,PRINTER INKJET AIO,EPSON,L5290,X8H2029230,ตึกสงฆ์เก่า,1,ห้องผู้ป่วย Stoke Unit,,ประสาทวิทยา,Active,โรงพยาบาลศูนย์อุดรธานี,อด 0033.1/380/2568 ลงวันที่ 26 สิงหาคม 2568,,,,2026-05-14 17:43:14,System,,,,,,COMPANY,,TRUE,TOTAL,UDH-01657
1671,PRINTER LASER,HP,M402DN,PHCFF06024,ตึกสงฆ์เก่า,1,ห้องผู้ป่วย Stoke Unit,,ประสาทวิทยา,Retired,โรงพยาบาลศูนย์อุดรธานี,อด 0033.1/380/2568 ลงวันที่ 26 สิงหาคม 2568,,,,2026-05-14 17:43:14,System,,,,,,COMPANY,,TRUE,TOTAL,UDH-01660
1675,PRINTER THERMAL,ZEBRA,ZD421,D6J222614778,ตึกสงฆ์เก่า,1,ห้องผู้ป่วย Stoke Unit,,ประสาทวิทยา,Active,โรงพยาบาลศูนย์อุดรธานี,อด 0033.1/380/2568 ลงวันที่ 26 สิงหาคม 2568,,,,2026-05-14 17:43:14,System,,,,,,COMPANY,,FALSE,TOTAL,UDH-01664
1676,SCANNERS,CANON,DR-C230,JA491952,ตึกสงฆ์เก่า,1,ห้องผู้ป่วย Stoke Unit,,ประสาทวิทยา,Active,โรงพยาบาลศูนย์อุดรธานี,อด 0033.1/380/2568 ลงวันที่ 26 สิงหาคม 2568,,,,2026-05-14 17:43:14,System,,,,,,COMPANY,,FALSE,TOTAL,UDH-01665
2099,PRINTER LASER,BROTHER,HL-L5210DN,E81695J5N769570,ตึกสงฆ์เก่า,1,ห้องผู้ป่วย Stoke Unit,,ประสาทวิทยา,Active,โรงพยาบาลศูนย์อุดรธานี,อด 0033.1/380/2568 ลงวันที่ 26 สิงหาคม 2568,,,,2026-05-14 17:43:14,System,,,,,,COMPANY,,TRUE,TOTAL,UDH-02073
2115,PRINTER LASER,BROTHER,HL-L5210DN,E81695J5N772056,ตึกศูนย์แพทย์,1,ห้องผู้อำนวยการศูนย์แพทย์,,บริหาร/ยุทธศาสตร์,Active,ศูนย์แพทย์โรงพยาบาลศูนย์อุดรธานี,,,,,2026-05-14 17:43:14,System,,,,,,COMPANY,,TRUE,TOTAL,MECUD-00017
1917,PRINTER INKJET AIO,EPSON,L5290,X8H2029181,รพ.สต.สาขานาข่า,1,ทันตกรรม,,ทันตกรรม,Active,โรงพยาบาลศูนย์อุดรธานี,อด 0033.1/380/2568 ลงวันที่ 26 สิงหาคม 2568,,,,2026-05-14 17:43:14,System,,,,,,COMPANY,,TRUE,TOTAL,UDH-01906
1918,PRINTER INKJET AIO,EPSON,L5290,X8H2029180,รพ.สต.สาขานาข่า,1,ทันตกรรม,,ทันตกรรม,Active,โรงพยาบาลศูนย์อุดรธานี,อด 0033.1/380/2568 ลงวันที่ 26 สิงหาคม 2568,,,,2026-05-14 17:43:14,System,,,,,,COMPANY,,TRUE,TOTAL,UDH-01907
1919,BARCODE SCANNERS,ZEBRA,DS2208,S22178010553506,อาคารแพทย์แผนไทย,1,หอผู้ป่วยรวงผึ้ง,,จิตเวช,Active,โรงพยาบาลศูนย์อุดรธานี,อด 0033.1/380/2568 ลงวันที่ 26 สิงหาคม 2568,,,,2026-05-14 17:43:14,System,,,,,,COMPANY,,FALSE,TOTAL,UDH-01908
1920,PRINTER INKJET AIO,EPSON,L5290,X8H2029036,อาคารแพทย์แผนไทย,1,หอผู้ป่วยรวงผึ้ง,,จิตเวช,Active,โรงพยาบาลศูนย์อุดรธานี,อด 0033.1/380/2568 ลงวันที่ 26 สิงหาคม 2568,,,,2026-05-14 17:43:14,System,,,,,,COMPANY,,TRUE,TOTAL,UDH-01909
1921,PRINTER INKJET AIO,EPSON,L5290,X8H2029125,อาคารแพทย์แผนไทย,1,หอผู้ป่วยรวงผึ้ง,,จิตเวช,Active,โรงพยาบาลศูนย์อุดรธานี,อด 0033.1/380/2568 ลงวันที่ 26 สิงหาคม 2568,,,,2026-05-14 17:43:14,System,,,,,,COMPANY,,TRUE,TOTAL,UDH-01910
1922,PRINTER THERMAL,DELI,S351,64455300167,อาคารแพทย์แผนไทย,1,หอผู้ป่วยรวงผึ้ง,,จิตเวช,Active,โรงพยาบาลศูนย์อุดรธานี,อด 0033.1/380/2568 ลงวันที่ 26 สิงหาคม 2568,,,,2026-05-14 17:43:14,System,,,,,,COMPANY,,FALSE,TOTAL,UDH-01911
1923,PRINTER INKJET AIO,EPSON,L5290,X8H2029633,ตึกเชี่ยวชาญ,3,CVT Ward,,ศัลยกรรมหัวใจและทรวงอก,Active,โรงพยาบาลศูนย์อุดรธานี,อด 0033.1/380/2568 ลงวันที่ 26 สิงหาคม 2568,,,,2026-05-14 17:43:14,System,,,,,,COMPANY,,TRUE,TOTAL,UDH-01912
503,BARCODE SCANNERS,ZEBRA,DS2208,S22149010553955,ตึกเชี่ยวชาญ,4,ห้องพักฟื้น (วิสัญญี),,ห้องผ่าตัด (OR),Active,โรงพยาบาลศูนย์อุดรธานี,อด 0033.1/380/2568 ลงวันที่ 26 สิงหาคม 2568,,,,2026-05-14 17:43:14,System,,,,,,COMPANY,,FALSE,TOTAL,UDH-00499
510,PRINTER THERMAL,ZEBRA,ZD421,D6J222614654,ตึกเชี่ยวชาญ,4,ห้องพักฟื้น (วิสัญญี),,ห้องผ่าตัด (OR),Disposed,โรงพยาบาลศูนย์อุดรธานี,อด 0033.1/380/2568 ลงวันที่ 26 สิงหาคม 2568,,,,2026-08-05 09:26:18,nikorn2527@gmail.com,,,,2026-08-05,,COMPANY,,FALSE,TOTAL,UDH-00506
1652,PRINTER INKJET AIO,EPSON,L5290,X8H2027150,ตึกศูนย์แพทย์,1,ห้องรองศูนย์แพทย์,,,Active,ศูนย์แพทย์โรงพยาบาลศูนย์อุดรธานี,,,,,2026-07-03 16:10:56,nikorn2527@gmail.com,,,,,,COMPANY,,TRUE,BW_COLOR,MECUD-00003
1927,PRINTER LASER,OKI,ES5112,BW21011764C0,ตึกหลวงตาบัว,4,หอผู้ป่วยอายุรกรรมชาย,,อายุรกรรม,Retired,โรงพยาบาลศูนย์อุดรธานี,อด 0033.1/380/2568 ลงวันที่ 26 สิงหาคม 2568,,,,2026-05-14 17:43:14,System,,,,,,COMPANY,,TRUE,TOTAL,UDH-01916
681,PRINTER THERMAL,ZEBRA,ZD421,D6J222700800,ตึกผู้ป่วยนอก (OPD),1,OPD ศัลยกรรม,จุดซักประวัติ,ศัลยกรรม,Active,โรงพยาบาลศูนย์อุดรธานี,อด 0033.1/380/2568 ลงวันที่ 26 สิงหาคม 2568,,,,2026-05-14 17:43:14,System,,,,,,COMPANY,,FALSE,TOTAL,UDH-00677
682,PRINTER THERMAL,ZEBRA,ZD421,D6J222700790,ตึกผู้ป่วยนอก (OPD),1,OPD ศัลยกรรม,จุดซักประวัติ,ศัลยกรรม,Active,โรงพยาบาลศูนย์อุดรธานี,อด 0033.1/380/2568 ลงวันที่ 26 สิงหาคม 2568,,,,2026-05-14 17:43:14,System,,,,,,COMPANY,,FALSE,TOTAL,UDH-00678
2035,COPIER LASER,Fuji Xerox,7835i,3922133866,ตึกศูนย์แพทย์,1,ห้องรองศูนย์แพทย์,,,Active,ศูนย์แพทย์โรงพยาบาลศูนย์อุดรธานี,,,,,2026-07-03 16:48:00,nikorn2527@gmail.com,,,,,,LEASED,,TRUE,BW_COLOR,MECUD-00015
1931,PRINTER INKJET AIO,EPSON,L5290,X8H2026643,ตึกผู้ป่วยนอก (OPD),5,ธุรการ,OPD หู คอ จมูก,โสต ศอ นาสิก (ENT),Active,โรงพยาบาลศูนย์อุดรธานี,อด 0033.1/380/2568 ลงวันที่ 26 สิงหาคม 2568,,,,2026-05-14 17:43:14,System,,,,,,COMPANY,,TRUE,TOTAL,UDH-01920
1932,PRINTER INKJET AIO,EPSON,L5290,X8H2029187,หลังโรงพยาบาลอุดรธานี,1,กายภาพกิจกรรมบำบัด,,เวชกรรมฟื้นฟู,Active,โรงพยาบาลศูนย์อุดรธานี,อด 0033.1/380/2568 ลงวันที่ 26 สิงหาคม 2568,,,,2026-05-14 17:43:14,System,,,,,,COMPANY,,TRUE,TOTAL,UDH-01921
1933,PRINTER INKJET AIO,EPSON,L5290,X8H2029428,หลังโรงพยาบาลอุดรธานี,1,กายภาพกิจกรรมบำบัด,,เวชกรรมฟื้นฟู,Active,โรงพยาบาลศูนย์อุดรธานี,อด 0033.1/380/2568 ลงวันที่ 26 สิงหาคม 2568,,,,2026-05-14 17:43:14,System,,,,,,COMPANY,,TRUE,TOTAL,UDH-01922
1934,PRINTER INKJET AIO,EPSON,L5290,X8H2029199,หลังโรงพยาบาลอุดรธานี,1,แผนกเวชกรรมฟื้นฟู,,เวชกรรมฟื้นฟู,Active,โรงพยาบาลศูนย์อุดรธานี,อด 0033.1/380/2568 ลงวันที่ 26 สิงหาคม 2568,,,,2026-05-14 17:43:14,System,,,,,,COMPANY,,TRUE,TOTAL,UDH-01923
1935,PRINTER INKJET AIO,EPSON,L5290,X8H2029094,หลังโรงพยาบาลอุดรธานี,1,แผนกเวชกรรมฟื้นฟู,,เวชกรรมฟื้นฟู,Active,โรงพยาบาลศูนย์อุดรธานี,อด 0033.1/380/2568 ลงวันที่ 26 สิงหาคม 2568,,,,2026-05-14 17:43:14,System,,,,,,COMPANY,,TRUE,TOTAL,UDH-01924
1936,PRINTER INKJET AIO,EPSON,L5290,X8H2026646,หลังโรงพยาบาลอุดรธานี,1,แผนกเวชกรรมฟื้นฟู,,เวชกรรมฟื้นฟู,Active,โรงพยาบาลศูนย์อุดรธานี,อด 0033.1/380/2568 ลงวันที่ 26 สิงหาคม 2568,,,,2026-05-14 17:43:14,System,,,,,,COMPANY,,TRUE,TOTAL,UDH-01925
1937,PRINTER LASER,HP,M404DN,PHFXG18941,ตึกผู้ป่วยนอก (OPD),5,ประกันสุขภาพ (Wellness),,ส่งเสริมสุขภาพและตรวจสุขภาพ,Active,โรงพยาบาลศูนย์อุดรธานี,อด 0033.1/380/2568 ลงวันที่ 26 สิงหาคม 2568,,,,2026-05-14 17:43:14,System,,,,,,COMPANY,,TRUE,TOTAL,UDH-01926
1938,PRINTER LASER,SAMSUNG,M4020ND,CNB3L3WSXW,หลังโรงพยาบาลอุดรธานี,1,แผนกเวชกรรมฟื้นฟู,,เวชกรรมฟื้นฟู,Retired,โรงพยาบาลศูนย์อุดรธานี,อด 0033.1/380/2568 ลงวันที่ 26 สิงหาคม 2568,,,,2026-05-14 17:43:14,System,,,,,,COMPANY,,TRUE,TOTAL,UDH-01927
1939,PRINTER LASER,HP,M402DN,PHCFD06249,หลังโรงพยาบาลอุดรธานี,1,แผนกเวชกรรมฟื้นฟู,,เวชกรรมฟื้นฟู,Active,โรงพยาบาลศูนย์อุดรธานี,อด 0033.1/380/2568 ลงวันที่ 26 สิงหาคม 2568,,,,2026-05-14 17:43:14,System,,,,,,COMPANY,,TRUE,TOTAL,UDH-01928
2353,COPIER LASER,Fuji Xerox,7835i,AE3922133866,ตึกศูนย์แพทย์,1,ห้องรองศูนย์แพทย์,,,Returned,ศูนย์แพทย์โรงพยาบาลศูนย์อุดรธานี,,,,,2026-07-03 16:46:34,nikorn2527@gmail.com,,,2026-07-03,2026-07-03,,LEASED,,TRUE,BW_COLOR,MECUD-00021
2354,COPIER LASER,Fuji Xerox,7835i,AE3912752193,ตึกศูนย์แพทย์,1,ห้องรองศูนย์แพทย์,,,Active,ศูนย์แพทย์โรงพยาบาลศูนย์อุดรธานี,,,,,2026-07-03 16:53:12,nikorn2527@gmail.com,,,2026-07-03,,,LEASED,,TRUE,BW_COLOR,MECUD-00022
1942,PRINTER INKJET AIO,EPSON,L5290,X8H2027143,ห้องซักฟอก,1,ซักฟอก,,บริหาร/ยุทธศาสตร์,Active,โรงพยาบาลศูนย์อุดรธานี,อด 0033.1/380/2568 ลงวันที่ 26 สิงหาคม 2568,,,,2026-05-14 17:43:14,System,,,,,,COMPANY,,TRUE,TOTAL,UDH-01931
1943,PRINTER INKJET AIO,EPSON,L5290,X8H2029638,อาคารคลังยา,1,คลังยา,,เภสัชกรรม,Active,โรงพยาบาลศูนย์อุดรธานี,อด 0033.1/380/2568 ลงวันที่ 26 สิงหาคม 2568,,,,2026-05-14 17:43:14,System,,,,,,COMPANY,,TRUE,TOTAL,UDH-01932
1944,PRINTER INKJET AIO,EPSON,L5290,X8H2029614,อาคารคลังยา,1,คลังยา,,เภสัชกรรม,Active,โรงพยาบาลศูนย์อุดรธานี,อด 0033.1/380/2568 ลงวันที่ 26 สิงหาคม 2568,,,,2026-05-14 17:43:14,System,,,,,,COMPANY,,TRUE,TOTAL,UDH-01933
1945,PRINTER INKJET AIO,EPSON,L5290,X8H2029175,อาคารคลังยา,1,คลังยา,,เภสัชกรรม,Active,โรงพยาบาลศูนย์อุดรธานี,อด 0033.1/380/2568 ลงวันที่ 26 สิงหาคม 2568,,,,2026-05-14 17:43:14,System,,,,,,COMPANY,,TRUE,TOTAL,UDH-01934
1946,PRINTER INKJET AIO,EPSON,L5290,X8H2029200,ตึกผู้ป่วยนอก (OPD),1,แผนก Refer ศูนย์รับส่ง-ต่อ,,อุบัติเหตุและฉุกเฉิน,Active,โรงพยาบาลศูนย์อุดรธานี,อด 0033.1/380/2568 ลงวันที่ 26 สิงหาคม 2568,,,,2026-05-14 17:43:14,System,,,,,,COMPANY,,TRUE,TOTAL,UDH-01935
1947,PRINTER LASER,HP,M404DN,PHFXG18937,อาคารคลังยา,1,คลังยา,,เภสัชกรรม,Active,โรงพยาบาลศูนย์อุดรธานี,อด 0033.1/380/2568 ลงวันที่ 26 สิงหาคม 2568,,,,2026-05-14 17:43:14,System,,,,,,COMPANY,,TRUE,TOTAL,UDH-01936
652,PRINTER INKJET AIO,EPSON,L5290,X8H2029191,ตึกผู้ป่วยนอก (OPD),1,ห้องรับรองพระสงฆ์,,,Active,โรงพยาบาลศูนย์อุดรธานี,อด 0033.1/380/2568 ลงวันที่ 26 สิงหาคม 2568,,,,2026-05-14 17:43:14,System,,,,,,COMPANY,,TRUE,TOTAL,UDH-00648
1949,PRINTER LASER,HP,M402DN,PHCFD06245,ตึกผู้ป่วยนอกเดิม,2,เวชระเบียนใน,,เวชระเบียน,Retired,โรงพยาบาลศูนย์อุดรธานี,อด 0033.1/380/2568 ลงวันที่ 26 สิงหาคม 2568,,,,2026-05-14 17:43:14,System,,,,,,COMPANY,,TRUE,TOTAL,UDH-01938
1950,PRINTER INKJET AIO,EPSON,L5290,X8H2029565,อาคารน้ำเกลือ1,1,โรงน้ำเกลือ,,เภสัชกรรม,Active,โรงพยาบาลศูนย์อุดรธานี,อด 0033.1/380/2568 ลงวันที่ 26 สิงหาคม 2568,,,,2026-05-14 17:43:14,System,,,,,,COMPANY,,TRUE,TOTAL,UDH-01939
1951,PRINTER INKJET AIO,EPSON,L5290,X8H2028221,อาคารน้ำเกลือ2,1,โรงน้ำเกลือ,,เภสัชกรรม,Active,โรงพยาบาลศูนย์อุดรธานี,อด 0033.1/380/2568 ลงวันที่ 26 สิงหาคม 2568,,,,2026-05-14 17:43:14,System,,,,,,COMPANY,,TRUE,TOTAL,UDH-01940
1952,PRINTER LASER,HP,M402DN,PHCFC14345,อาคารน้ำเกลือ1,1,โรงน้ำเกลือ,,เภสัชกรรม,Retired,โรงพยาบาลศูนย์อุดรธานี,อด 0033.1/380/2568 ลงวันที่ 26 สิงหาคม 2568,,,,2026-05-14 17:43:14,System,,,,,,COMPANY,,TRUE,TOTAL,UDH-01941
1953,BARCODE SCANNERS,ZEBRA,DS2208,S22179010552246,ตึกสงฆ์เก่า,1,แพทย์แผนไทย,,แพทย์แผนไทยและการแพทย์ทางเลือก,Active,โรงพยาบาลศูนย์อุดรธานี,อด 0033.1/380/2568 ลงวันที่ 26 สิงหาคม 2568,,,,2026-05-14 17:43:14,System,,,,,,COMPANY,,FALSE,TOTAL,UDH-01942
1954,PRINTER THERMAL,ZEBRA,ZD421,D6J222700925,ตึกสงฆ์เก่า,1,แพทย์แผนไทย,,แพทย์แผนไทยและการแพทย์ทางเลือก,Active,โรงพยาบาลศูนย์อุดรธานี,อด 0033.1/380/2568 ลงวันที่ 26 สิงหาคม 2568,,,,2026-05-14 17:43:14,System,,,,,,COMPANY,,FALSE,TOTAL,UDH-01943
1955,PRINTER THERMAL,ZEBRA,ZD421,D6J222613532,ตึกสงฆ์เก่า,1,แพทย์แผนไทย,,แพทย์แผนไทยและการแพทย์ทางเลือก,Active,โรงพยาบาลศูนย์อุดรธานี,อด 0033.1/380/2568 ลงวันที่ 26 สิงหาคม 2568,,,,2026-05-14 17:43:14,System,,,,,,COMPANY,,FALSE,TOTAL,UDH-01944
1956,BARCODE SCANNERS,ZEBRA,DS2208,S22176010553667,อาคารเภสัชกรรม,1,CAPD ไตเทียม,,อายุรกรรมโรคไต,Active,โรงพยาบาลศูนย์อุดรธานี,อด 0033.1/380/2568 ลงวันที่ 26 สิงหาคม 2568,,,,2026-05-14 17:43:14,System,,,,,,COMPANY,,FALSE,TOTAL,UDH-01945
1957,BARCODE SCANNERS,ZEBRA,DS2208,S22178010553923,อาคารเภสัชกรรม,1,CAPD ไตเทียม,,อายุรกรรมโรคไต,Active,โรงพยาบาลศูนย์อุดรธานี,อด 0033.1/380/2568 ลงวันที่ 26 สิงหาคม 2568,,,,2026-05-14 17:43:14,System,,,,,,COMPANY,,FALSE,TOTAL,UDH-01946
1958,BARCODE SCANNERS,ZEBRA,DS2208,S22178010553942,อาคารเภสัชกรรม,1,CAPD ไตเทียม,,อายุรกรรมโรคไต,Active,โรงพยาบาลศูนย์อุดรธานี,อด 0033.1/380/2568 ลงวันที่ 26 สิงหาคม 2568,,,,2026-05-14 17:43:14,System,,,,,,COMPANY,,FALSE,TOTAL,UDH-01947
1959,BARCODE SCANNERS,ZEBRA,DS2208,S22178010553946,อาคารเภสัชกรรม,1,CAPD ไตเทียม,,อายุรกรรมโรคไต,Active,โรงพยาบาลศูนย์อุดรธานี,อด 0033.1/380/2568 ลงวันที่ 26 สิงหาคม 2568,,,,2026-05-14 17:43:14,System,,,,,,COMPANY,,FALSE,TOTAL,UDH-01948
1960,PRINTER INKJET AIO,EPSON,L5290,X8H2027170,อาคารเภสัชกรรม,1,CAPD ไตเทียม,,อายุรกรรมโรคไต,Active,โรงพยาบาลศูนย์อุดรธานี,อด 0033.1/380/2568 ลงวันที่ 26 สิงหาคม 2568,,,,2026-05-14 17:43:14,System,,,,,,COMPANY,,TRUE,TOTAL,UDH-01949
1961,PRINTER INKJET AIO,EPSON,L5290,X8H2027156,อาคารเภสัชกรรม,1,CAPD ไตเทียม,,อายุรกรรมโรคไต,Active,โรงพยาบาลศูนย์อุดรธานี,อด 0033.1/380/2568 ลงวันที่ 26 สิงหาคม 2568,,,,2026-05-14 17:43:14,System,,,,,,COMPANY,,TRUE,TOTAL,UDH-01950
1962,PRINTER INKJET AIO,EPSON,L5290,X8H2027144,อาคารเภสัชกรรม,1,CAPD ไตเทียม,,อายุรกรรมโรคไต,Active,โรงพยาบาลศูนย์อุดรธานี,อด 0033.1/380/2568 ลงวันที่ 26 สิงหาคม 2568,,,,2026-05-14 17:43:14,System,,,,,,COMPANY,,TRUE,TOTAL,UDH-01951
1963,PRINTER INKJET,EPSON,M1120,X5J9013517,อาคารเภสัชกรรม,1,CAPD ไตเทียม,ห้องหัวหน้า,อายุรกรรมโรคไต,Active,โรงพยาบาลศูนย์อุดรธานี,อด 0033.1/380/2568 ลงวันที่ 26 สิงหาคม 2568,,,,2026-05-14 17:43:14,System,,,,,,COMPANY,,TRUE,TOTAL,UDH-01952
1964,PRINTER INKJET AIO,EPSON,L5290,X8H2029623,อาคารเภสัชกรรม,1,CAPD ไตเทียม,,อายุรกรรมโรคไต,Active,โรงพยาบาลศูนย์อุดรธานี,อด 0033.1/380/2568 ลงวันที่ 26 สิงหาคม 2568,,,,2026-05-14 17:43:14,System,,,,,,COMPANY,,TRUE,TOTAL,UDH-01953
1965,PRINTER LASER,SAMSUNG,M4020ND,CNB3L3WSTH,อาคารเภสัชกรรม,1,CAPD ไตเทียม,,อายุรกรรมโรคไต,Active,โรงพยาบาลศูนย์อุดรธานี,อด 0033.1/380/2568 ลงวันที่ 26 สิงหาคม 2568,,,,2026-05-14 17:43:14,System,,,,,,COMPANY,,TRUE,TOTAL,UDH-01954
1966,PRINTER THERMAL,ZEBRA,ZD421,D6J222613564,อาคารเภสัชกรรม,1,CAPD ไตเทียม,,อายุรกรรมโรคไต,Active,โรงพยาบาลศูนย์อุดรธานี,อด 0033.1/380/2568 ลงวันที่ 26 สิงหาคม 2568,,,,2026-05-14 17:43:14,System,,,,,,COMPANY,,FALSE,TOTAL,UDH-01955
1967,PRINTER THERMAL,ZEBRA,ZD421,D6J222613687,อาคารเภสัชกรรม,1,CAPD ไตเทียม,,อายุรกรรมโรคไต,Active,โรงพยาบาลศูนย์อุดรธานี,อด 0033.1/380/2568 ลงวันที่ 26 สิงหาคม 2568,,,,2026-05-14 17:43:14,System,,,,,,COMPANY,,FALSE,TOTAL,UDH-01956
1968,PRINTER THERMAL,ZEBRA,ZD421,D6J222613540,อาคารเภสัชกรรม,1,CAPD ไตเทียม,,อายุรกรรมโรคไต,Active,โรงพยาบาลศูนย์อุดรธานี,อด 0033.1/380/2568 ลงวันที่ 26 สิงหาคม 2568,,,,2026-05-14 17:43:14,System,,,,,,COMPANY,,FALSE,TOTAL,UDH-01957
1969,PRINTER THERMAL,ZEBRA,ZD421,D6J222700841,อาคารเภสัชกรรม,1,CAPD ไตเทียม,,อายุรกรรมโรคไต,Active,โรงพยาบาลศูนย์อุดรธานี,อด 0033.1/380/2568 ลงวันที่ 26 สิงหาคม 2568,,,,2026-05-14 17:43:14,System,,,,,,COMPANY,,FALSE,TOTAL,UDH-01958
1970,PRINTER THERMAL,ZEBRA,ZD421,D6J222700906,อาคารเภสัชกรรม,1,CAPD ไตเทียม,,อายุรกรรมโรคไต,Active,โรงพยาบาลศูนย์อุดรธานี,อด 0033.1/380/2568 ลงวันที่ 26 สิงหาคม 2568,,,,2026-05-14 17:43:14,System,,,,,,COMPANY,,FALSE,TOTAL,UDH-01959
1971,PRINTER THERMAL,ZEBRA,ZD421,D6J222702144,อาคารเภสัชกรรม,2,งานเภสัชกรรมปฐมภูมิ,,เภสัชกรรม,Active,โรงพยาบาลศูนย์อุดรธานี,อด 0033.1/380/2568 ลงวันที่ 26 สิงหาคม 2568,,,,2026-05-14 17:43:14,System,,,,,,COMPANY,,FALSE,TOTAL,UDH-01960
1972,PRINTER THERMAL,ZEBRA,ZD421,D6J222613796,อาคารเภสัชกรรม,2,งานเภสัชกรรมปฐมภูมิ,,เภสัชกรรม,Active,โรงพยาบาลศูนย์อุดรธานี,อด 0033.1/380/2568 ลงวันที่ 26 สิงหาคม 2568,,,,2026-05-14 17:43:14,System,,,,,,COMPANY,,FALSE,TOTAL,UDH-01961
1973,PRINTER THERMAL,ZEBRA,ZD421,D6J222613541,อาคารเภสัชกรรม,1,CAPD ไตเทียม,,อายุรกรรมโรคไต,Active,โรงพยาบาลศูนย์อุดรธานี,อด 0033.1/380/2568 ลงวันที่ 26 สิงหาคม 2568,,,,2026-05-14 17:43:14,System,,,,,,COMPANY,,FALSE,TOTAL,UDH-01962
1974,PRINTER THERMAL,ZEBRA,ZD421,D6J222613577,อาคารเภสัชกรรม,1,CAPD ไตเทียม,,อายุรกรรมโรคไต,Active,โรงพยาบาลศูนย์อุดรธานี,อด 0033.1/380/2568 ลงวันที่ 26 สิงหาคม 2568,,,,2026-05-14 17:43:14,System,,,,,,COMPANY,,FALSE,TOTAL,UDH-01963
1975,PRINTER THERMAL,ZEBRA,ZD421,D6J222613735,อาคารเภสัชกรรม,2,งานเภสัชกรรมปฐมภูมิ,,เภสัชกรรม,Active,โรงพยาบาลศูนย์อุดรธานี,อด 0033.1/380/2568 ลงวันที่ 26 สิงหาคม 2568,,,,2026-05-14 17:43:14,System,,,,,,COMPANY,,FALSE,TOTAL,UDH-01964
1976,SCANNERS,CANON,DR-C230,JA491981,อาคารเภสัชกรรม,1,CAPD ไตเทียม,,อายุรกรรมโรคไต,Active,โรงพยาบาลศูนย์อุดรธานี,อด 0033.1/380/2568 ลงวันที่ 26 สิงหาคม 2568,,,,2026-05-14 17:43:14,System,,,,,,COMPANY,,FALSE,TOTAL,UDH-01965
1977,SCANNERS,CANON,DR-C230,JA491764,อาคารเภสัชกรรม,1,CAPD ไตเทียม,,อายุรกรรมโรคไต,Active,โรงพยาบาลศูนย์อุดรธานี,อด 0033.1/380/2568 ลงวันที่ 26 สิงหาคม 2568,,,,2026-05-14 17:43:14,System,,,,,,COMPANY,,FALSE,TOTAL,UDH-01966
1978,PRINTER INKJET AIO,EPSON,L5190,X5NY105769,อาคารเภสัชกรรม,2,งานเภสัชกรรมปฐมภูมิ,,เภสัชกรรม,Active,โรงพยาบาลศูนย์อุดรธานี,อด 0033.1/380/2568 ลงวันที่ 26 สิงหาคม 2568,,,,2026-05-14 17:43:14,System,,,,,,COMPANY,,TRUE,TOTAL,UDH-01967
1979,PRINTER INKJET AIO,EPSON,L5290,X8H2029567,อาคารเภสัชกรรม,2,งานเภสัชกรรมปฐมภูมิ,,เภสัชกรรม,Active,โรงพยาบาลศูนย์อุดรธานี,อด 0033.1/380/2568 ลงวันที่ 26 สิงหาคม 2568,,,,2026-05-14 17:43:14,System,,,,,,COMPANY,,TRUE,TOTAL,UDH-01968
1980,PRINTER INKJET AIO,EPSON,L5290,X8H2025921,อาคารเภสัชกรรม,2,งานเภสัชกรรมปฐมภูมิ,,เภสัชกรรม,Active,โรงพยาบาลศูนย์อุดรธานี,อด 0033.1/380/2568 ลงวันที่ 26 สิงหาคม 2568,,,,2026-05-14 17:43:14,System,,,,,,COMPANY,,TRUE,TOTAL,UDH-01969
1981,BARCODE SCANNERS,ZEBRA,DS2208,S22149010552691,หลังโรงพยาบาลอุดรธานี,1,กายภาพกิจกรรมบำบัด,,เวชกรรมฟื้นฟู,Active,โรงพยาบาลศูนย์อุดรธานี,อด 0033.1/380/2568 ลงวันที่ 26 สิงหาคม 2568,,,,2026-05-14 17:43:14,System,,,,,,COMPANY,,FALSE,TOTAL,UDH-01970
1982,BARCODE SCANNERS,ZEBRA,DS2208,S22149010552839,หลังโรงพยาบาลอุดรธานี,1,กายภาพกิจกรรมบำบัด,,เวชกรรมฟื้นฟู,Active,โรงพยาบาลศูนย์อุดรธานี,อด 0033.1/380/2568 ลงวันที่ 26 สิงหาคม 2568,,,,2026-05-14 17:43:14,System,,,,,,COMPANY,,FALSE,TOTAL,UDH-01971
1983,BARCODE SCANNERS,ZEBRA,DS2208,S22149010552842,หลังโรงพยาบาลอุดรธานี,1,กายภาพกิจกรรมบำบัด,,เวชกรรมฟื้นฟู,Active,โรงพยาบาลศูนย์อุดรธานี,อด 0033.1/380/2568 ลงวันที่ 26 สิงหาคม 2568,,,,2026-05-14 17:43:14,System,,,,,,COMPANY,,FALSE,TOTAL,UDH-01972
1984,BARCODE SCANNERS,ZEBRA,DS2208,S22149010552835,อาคารแพทย์แผนไทย,1,หอผู้ป่วยรวงผึ้ง,,จิตเวช,Active,โรงพยาบาลศูนย์อุดรธานี,อด 0033.1/380/2568 ลงวันที่ 26 สิงหาคม 2568,,,,2026-05-14 17:43:14,System,,,,,,COMPANY,,FALSE,TOTAL,UDH-01973
704,PRINTER THERMAL,ZEBRA,ZD421,D6J222701605,ตึกผู้ป่วยนอก (OPD),1,ห้องรับรองพระสงฆ์,,,Active,โรงพยาบาลศูนย์อุดรธานี,อด 0033.1/380/2568 ลงวันที่ 26 สิงหาคม 2568,,,,2026-05-14 17:43:14,System,,,,,,COMPANY,,FALSE,TOTAL,UDH-00700
1986,PRINTER THERMAL,TSC,TE200,TEA24330019,ตึกสูตินรีเวช,4,สูติกรรมหลังคลอด,,สูตินรีเวชกรรม,Active,โรงพยาบาลศูนย์อุดรธานี,อด 0033.1/380/2568 ลงวันที่ 26 สิงหาคม 2568,,,,2026-05-14 17:43:14,System,,,,,,COMPANY,,FALSE,TOTAL,UDH-01975
810,PRINTER INKJET AIO,EPSON,L5290,X8H2028203,ตึกผู้ป่วยนอก (OPD),2,ห้องรับรอง vip,,บริหาร/ยุทธศาสตร์,Active,โรงพยาบาลศูนย์อุดรธานี,อด 0033.1/380/2568 ลงวันที่ 26 สิงหาคม 2568,,,,2026-05-14 17:43:14,System,,,,,,COMPANY,,TRUE,TOTAL,UDH-00806
852,PRINTER INKJET AIO,EPSON,L5290,X8H2026636,ตึกผู้ป่วยนอก (OPD),2,ห้องรับรอง VIP,,บริหาร/ยุทธศาสตร์,Active,โรงพยาบาลศูนย์อุดรธานี,อด 0033.1/380/2568 ลงวันที่ 26 สิงหาคม 2568,,,,2026-05-14 17:43:14,System,,,,,,COMPANY,,TRUE,TOTAL,UDH-00848
1989,PRINTER THERMAL,TSC,TE200,TEA24330008,ตึกหลวงตาบัว,7,หอผู้ป่วยอายุรกรรมโรคมะเร็ง,,อายุรกรรม,Active,โรงพยาบาลศูนย์อุดรธานี,อด 0033.1/380/2568 ลงวันที่ 26 สิงหาคม 2568,,,,2026-05-14 17:43:14,System,,,,,,COMPANY,,FALSE,TOTAL,UDH-01978
881,PRINTER LASER,SAMSUNG,M4020ND,CNB3L3WSSM,ตึกผู้ป่วยนอก (OPD),2,ห้องรับรอง VIP,,บริหาร/ยุทธศาสตร์,Active,โรงพยาบาลศูนย์อุดรธานี,อด 0033.1/380/2568 ลงวันที่ 26 สิงหาคม 2568,,,,2026-05-14 17:43:14,System,,,,,,COMPANY,,TRUE,TOTAL,UDH-00877
959,PRINTER THERMAL,ZEBRA,ZD421,D6J222613522,ตึกผู้ป่วยนอก (OPD),2,ห้องรับรอง VIP,,บริหาร/ยุทธศาสตร์,Active,โรงพยาบาลศูนย์อุดรธานี,อด 0033.1/380/2568 ลงวันที่ 26 สิงหาคม 2568,,,,2026-05-14 17:43:14,System,,,,,,COMPANY,,FALSE,TOTAL,UDH-00955
647,PRINTER INKJET AIO,EPSON,L5290,X8H2029419,ตึกผู้ป่วยนอก (OPD),1,OPD ศัลยกรรม,ห้องตรวจ  10,ศัลยกรรม,Active,โรงพยาบาลศูนย์อุดรธานี,อด 0033.1/380/2568 ลงวันที่ 26 สิงหาคม 2568,,,,2026-05-14 17:43:14,System,,,,,,COMPANY,,TRUE,TOTAL,UDH-00643
960,PRINTER THERMAL,ZEBRA,ZD421,D6J222613703,ตึกผู้ป่วยนอก (OPD),2,ห้องรับรอง VIP,,บริหาร/ยุทธศาสตร์,Active,โรงพยาบาลศูนย์อุดรธานี,อด 0033.1/380/2568 ลงวันที่ 26 สิงหาคม 2568,,,,2026-05-14 17:43:14,System,,,,,,COMPANY,,FALSE,TOTAL,UDH-00956
1994,PRINTER THERMAL,TSC,TE200,TEA24330021,ตึก 69 ปี,4,หอผู้ป่วยออร์โธปิดิกส์หญิง,,ออร์โธปิดิกส์,Active,โรงพยาบาลศูนย์อุดรธานี,อด 0033.1/380/2568 ลงวันที่ 26 สิงหาคม 2568,,,,2026-05-14 17:43:14,System,,,,,,COMPANY,,FALSE,TOTAL,UDH-01983
1995,PRINTER THERMAL,TSC,TE200,TEA24330043,ตึก 69 ปี,8,หอผู้ป่วยกุมารเวช 3,,กุมารเวชกรรม,Active,โรงพยาบาลศูนย์อุดรธานี,อด 0033.1/380/2568 ลงวันที่ 26 สิงหาคม 2568,,,,2026-05-14 17:43:14,System,,,,,,COMPANY,,FALSE,TOTAL,UDH-01984
1996,PRINTER THERMAL,TSC,TE200,TEA24330035,ตึกห้อง Lab เบอร์ 10,1,ภูมิคุ้มกันวิทยา,,พยาธิวิทยา/ห้องปฏิบัติการ,Active,โรงพยาบาลศูนย์อุดรธานี,อด 0033.1/380/2568 ลงวันที่ 26 สิงหาคม 2568,,,,2026-05-14 17:43:14,System,,,,,,COMPANY,,FALSE,TOTAL,UDH-01985
961,PRINTER THERMAL,ZEBRA,ZD421,D6J222700918,ตึกผู้ป่วยนอก (OPD),2,ห้องรับรอง VIP,,บริหาร/ยุทธศาสตร์,Active,โรงพยาบาลศูนย์อุดรธานี,อด 0033.1/380/2568 ลงวันที่ 26 สิงหาคม 2568,,,,2026-05-14 17:43:14,System,,,,,,COMPANY,,FALSE,TOTAL,UDH-00957
1998,PRINTER THERMAL,TSC,TE200,TEA24330050,ตึกหลวงตาบัว,3,หอผู้ป่วยอายุรกกรรมพิเศษ หญิง,,อายุรกรรม,Active,โรงพยาบาลศูนย์อุดรธานี,อด 0033.1/380/2568 ลงวันที่ 26 สิงหาคม 2568,,,,2026-05-14 17:43:14,System,,,,,,COMPANY,,FALSE,TOTAL,UDH-01987
962,PRINTER THERMAL,ZEBRA,ZD421,D6J222614701,ตึกผู้ป่วยนอก (OPD),2,ห้องรับรอง VIP,,บริหาร/ยุทธศาสตร์,Active,โรงพยาบาลศูนย์อุดรธานี,อด 0033.1/380/2568 ลงวันที่ 26 สิงหาคม 2568,,,,2026-05-14 17:43:14,System,,,,,,COMPANY,,FALSE,TOTAL,UDH-00958
2000,PRINTER THERMAL,TSC,TE200,TEA24290034,PCU 3,1,ศูนย์ส่งเสริมสุขภาพชุม 3,วัดป่าโนนิเวศ,เวชปฏิบัติครอบครัว/ปฐมภูมิ,Active,โรงพยาบาลศูนย์อุดรธานี,อด 0033.1/380/2568 ลงวันที่ 26 สิงหาคม 2568,,,,2026-05-14 17:43:14,System,,,,,,COMPANY,,FALSE,TOTAL,UDH-01989
963,PRINTER THERMAL,ZEBRA,ZD421,D6J222613121,ตึกผู้ป่วยนอก (OPD),2,ห้องรับรอง VIP,,บริหาร/ยุทธศาสตร์,Active,โรงพยาบาลศูนย์อุดรธานี,อด 0033.1/380/2568 ลงวันที่ 26 สิงหาคม 2568,,,,2026-05-14 17:43:14,System,,,,,,COMPANY,,FALSE,TOTAL,UDH-00959
2002,PRINTER THERMAL,HONEYWELL,PC42E-T,25058W0714,ตึกเชี่ยวชาญ,1,แผนก X-ray,ห้องเบอร์ 8,รังสีวิทยา,Active,โรงพยาบาลศูนย์อุดรธานี,อด 0033.1/380/2568 ลงวันที่ 26 สิงหาคม 2568,,,,2026-05-14 17:43:14,System,,,,,,COMPANY,,FALSE,TOTAL,UDH-01991
1870,BARCODE SCANNERS,ZEBRA,DS2208,S22149010552838,ตึกห้อง Lab เบอร์ 10,1,ห้องแลป UA,,พยาธิวิทยา/ห้องปฏิบัติการ,Active,โรงพยาบาลศูนย์อุดรธานี,อด 0033.1/380/2568 ลงวันที่ 26 สิงหาคม 2568,,,,2026-05-14 17:43:14,System,,,,,,COMPANY,,FALSE,TOTAL,UDH-01859
1871,BARCODE SCANNERS,ZEBRA,DS2208,S22149010553979,ตึกห้อง Lab เบอร์ 10,1,ห้องแลป UA,,พยาธิวิทยา/ห้องปฏิบัติการ,Active,โรงพยาบาลศูนย์อุดรธานี,อด 0033.1/380/2568 ลงวันที่ 26 สิงหาคม 2568,,,,2026-05-14 17:43:14,System,,,,,,COMPANY,,FALSE,TOTAL,UDH-01860
2005,PRINTER THERMAL,HONEYWELL,PC42E-T,25058W05D4,ตึกศัลยกรรม,2,ศัลยกรรมดูแลบาดแผล Wound Care,,ศัลยกรรม,Active,โรงพยาบาลศูนย์อุดรธานี,อด 0033.1/380/2568 ลงวันที่ 26 สิงหาคม 2568,,,,2026-05-14 17:43:14,System,,,,,,COMPANY,,FALSE,TOTAL,UDH-01994
2006,PRINTER THERMAL,HONEYWELL,PC42E-T,25058W0984,PPIT,F1,PPIT,,,Active,PPIT,,,,,2026-05-14 17:43:14,System,,,,,,COMPANY,,FALSE,TOTAL,PPIT-00006
2007,PRINTER THERMAL,HONEYWELL,PC42E-T,25060W05A6,ตึกสูตินรีเวช,2,ครรภ์เสี่ยงสูง,,สูตินรีเวชกรรม,Active,โรงพยาบาลศูนย์อุดรธานี,อด 0033.1/380/2568 ลงวันที่ 26 สิงหาคม 2568,,,,2026-05-14 17:43:14,System,,,,,,COMPANY,,FALSE,TOTAL,UDH-01995
683,PRINTER THERMAL,ZEBRA,ZD421,D6J222700815,ตึกผู้ป่วยนอก (OPD),1,OPD ศัลยกรรม,จุดซักประวัติ,ศัลยกรรม,Active,โรงพยาบาลศูนย์อุดรธานี,อด 0033.1/380/2568 ลงวันที่ 26 สิงหาคม 2568,,,,2026-05-14 17:43:14,System,,,,,,COMPANY,,FALSE,TOTAL,UDH-00679
1540,PRINTER LASER,SAMSUNG,M2825ND,ZD4EB8GGB0060Z,ตึกเมตตาธรรม,2,ห้องเวรตรวจการพยาบาล,,อายุรกรรม / ผู้ป่วยวิกฤตอายุรกรรม,Retired,โรงพยาบาลศูนย์อุดรธานี,อด 0033.1/380/2568 ลงวันที่ 26 สิงหาคม 2568,,,,2026-05-14 17:43:14,System,,,,,,COMPANY,,TRUE,TOTAL,UDH-01536
2010,PRINTER THERMAL,HONEYWELL,PC42E-T,25058W0747,PPIT,F1,DEMO โรงพยาบาลกล้วยน้ำไท,,,Temporary,PPIT,,,,,2026-05-14 17:43:14,System,,,,,,COMPANY,,FALSE,TOTAL,PPIT-00007
2209,PRINTER LASER,BROTHER,HL-L5210DN,E81695J5N769254,ตึกเมตตาธรรม,2,ห้องเวรตรวจการพยาบาล,,อายุรกรรม / ผู้ป่วยวิกฤตอายุรกรรม,Active,โรงพยาบาลศูนย์อุดรธานี,อด 0033.1/380/2568 ลงวันที่ 26 สิงหาคม 2568,,,,2026-05-14 17:43:14,System,,,,,,COMPANY,,TRUE,TOTAL,UDH-02180
1653,PRINTER INKJET,EPSON,M3170,X5TT022922,ตึกศูนย์แพทย์,1,ห้องสมุด,,,Active,ศูนย์แพทย์โรงพยาบาลศูนย์อุดรธานี,,,,,2026-05-14 17:43:14,System,,,,,,COMPANY,,TRUE,TOTAL,MECUD-00004
1654,COPIER INKJET,EPSON,WF-C869R,X2SV002464,ตึกศูนย์แพทย์,1,ห้องสมุด,,,Active,ศูนย์แพทย์โรงพยาบาลศูนย์อุดรธานี,,,,,2026-07-03 16:12:32,nikorn2527@gmail.com,,,,,,COMPANY,,TRUE,BW_COLOR,MECUD-00005
2036,COPIER LASER,Fuji Xerox,7835i,MX0129928,ตึกศูนย์แพทย์,1,ห้องสมุด,,,Active,ศูนย์แพทย์โรงพยาบาลศูนย์อุดรธานี,,,,,2026-07-03 16:13:04,nikorn2527@gmail.com,,,,,,LEASED,,TRUE,BW_COLOR,MECUD-00016
2015,PRINTER THERMAL,HONEYWELL,PC42E-T,25058W04F3,ตึก 69 ปี,2,หอผู้ป่วยออร์โธปิดิกส์ชาย,,โสต ศอ นาสิกแพทย์ และจักษุแพทย์,Active,โรงพยาบาลศูนย์อุดรธานี,อด 0033.1/380/2568 ลงวันที่ 26 สิงหาคม 2568,,,,2026-05-14 17:43:14,System,,,,,,COMPANY,,FALSE,TOTAL,UDH-02002
2016,PRINTER THERMAL,HONEYWELL,PC42E-T,25058W0864,ตึกผู้ป่วยนอก (OPD),2,OPD ศัลยกรรมกระดูก,จุดบริการ 25,ออร์โธปิดิกส์,Active,โรงพยาบาลศูนย์อุดรธานี,อด 0033.1/380/2568 ลงวันที่ 26 สิงหาคม 2568,,,,2026-08-06 13:09:48,nikorn2527@gmail.com,,,2026-08-06,,,COMPANY,,FALSE,TOTAL,UDH-02232
2017,PRINTER THERMAL,HONEYWELL,PC42E-T,25058W04C7,ตึก 69 ปี,3,Joint Unit,ห้อง 2,ออร์โธปิดิกส์,Active,โรงพยาบาลศูนย์อุดรธานี,อด 0033.1/380/2568 ลงวันที่ 26 สิงหาคม 2568,,,,2026-05-14 17:43:14,System,,,,,,COMPANY,,FALSE,TOTAL,UDH-02003
2018,PRINTER THERMAL,HONEYWELL,PC42E-T,25058W07A6,ตึกหลวงตาบัว,6,หอผู้ป่วยกึ่งวิกฤตอายุรกรรม SICU,,อายุรกรรม,Active,โรงพยาบาลศูนย์อุดรธานี,อด 0033.1/380/2568 ลงวันที่ 26 สิงหาคม 2568,,,,2026-05-14 17:43:14,System,,,,,,COMPANY,,FALSE,TOTAL,UDH-02004
2176,PRINTER INKJET A3,BROTHER,HL-T4000DW,E78945J5H865523,ตึกศูนย์แพทย์,1,ห้องสมุด,,,Active,ศูนย์แพทย์โรงพยาบาลศูนย์อุดรธานี,,,,,2026-07-03 16:13:28,nikorn2527@gmail.com,,,,,,COMPANY,,TRUE,BW_COLOR,MECUD-00019
1479,PRINTER INKJET AIO,EPSON,L5290,X8H2027171,ตึกผู้ป่วยนอกเดิม,2,ห้องสุขศึกษา,,เวชศาสตร์ป้องกันและชุมชน,Active,โรงพยาบาลศูนย์อุดรธานี,อด 0033.1/380/2568 ลงวันที่ 26 สิงหาคม 2568,,,,2026-05-14 17:43:14,System,,,,,,COMPANY,,TRUE,TOTAL,UDH-01475
2021,PRINTER LASER,OKI,ES5112,BW21000096C0,ตึกผู้ป่วยนอก (OPD),5,กลุ่มงานทรัพยากรบุคคล,,บริหาร/ยุทธศาสตร์,Retired,โรงพยาบาลศูนย์อุดรธานี,อด 0033.1/380/2568 ลงวันที่ 26 สิงหาคม 2568,,,,2026-06-12 13:39:09,nikorn2527@gmail.com,,,,,,COMPANY,,TRUE,TOTAL,UDH-02007
695,PRINTER THERMAL,ZEBRA,ZD421,D6J222614750,ตึกผู้ป่วยนอก (OPD),1,OPD ศัลยกรรม,ห้องตรวจ  10,ศัลยกรรม,Active,โรงพยาบาลศูนย์อุดรธานี,อด 0033.1/380/2568 ลงวันที่ 26 สิงหาคม 2568,,,,2026-05-14 17:43:14,System,,,,,,COMPANY,,FALSE,TOTAL,UDH-00691
2023,PRINTER LASER,OKI,ES5112,BW21011728C0,ตึกหลวงตาบัว,9,หอสงฆ์ /ICU สงฆ์,,อายุรกรรม,Active,โรงพยาบาลศูนย์อุดรธานี,อด 0033.1/380/2568 ลงวันที่ 26 สิงหาคม 2568,,,,2026-05-14 17:43:14,System,,,,,,COMPANY,,TRUE,TOTAL,UDH-02009
2024,PRINTER LASER,OKI,ES5112,BW1C009827C0,ตึกผู้ป่วยนอก (OPD),3,OPD สูตินรีเวช,ห้องตรวจ,สูตินรีเวชกรรม,Active,โรงพยาบาลศูนย์อุดรธานี,อด 0033.1/380/2568 ลงวันที่ 26 สิงหาคม 2568,,,,2026-05-14 17:43:14,System,,,,,,COMPANY,,TRUE,TOTAL,UDH-02010
2025,PRINTER LASER,OKI,ES5112,BW21013621C0,ตึกผู้ป่วยนอกเดิม,2,เวชระเบียนนอก,,เวชระเบียน,Active,โรงพยาบาลศูนย์อุดรธานี,อด 0033.1/380/2568 ลงวันที่ 26 สิงหาคม 2568,,,,2026-05-14 17:43:14,System,,,,,,COMPANY,,TRUE,TOTAL,UDH-02011
954,PRINTER THERMAL,ZEBRA,ZD421,D6J222700809,ตึกผู้ป่วยนอก (OPD),2,ธุรการ,SMC,บริหาร/ยุทธศาสตร์,Active,โรงพยาบาลศูนย์อุดรธานี,อด 0033.1/380/2568 ลงวันที่ 26 สิงหาคม 2568,,,,2026-05-14 17:43:14,System,,,,,,COMPANY,,FALSE,TOTAL,UDH-00950
2027,COPIER INKJET,EPSON,WF-C579R,X57A004767,ตึกศูนย์แพทย์,1,ธุรการศูนย์แพทย์,,,Active,ศูนย์แพทย์โรงพยาบาลศูนย์อุดรธานี,,,,,2026-07-03 16:43:14,nikorn2527@gmail.com,,,,,,COMPANY,,TRUE,BW_COLOR,MECUD-00007
2028,PRINTER INKJET,EPSON,M3170,X5TT026150,ตึกศูนย์แพทย์,1,ธุรการศูนย์แพทย์,,,Retired,ศูนย์แพทย์โรงพยาบาลศูนย์อุดรธานี,,,,,2026-05-14 17:43:14,System,,,,,,COMPANY,,TRUE,TOTAL,MECUD-00008
2029,PRINTER INKJET,EPSON,M3170,X5TT026610,ตึกศูนย์แพทย์,1,ธุรการศูนย์แพทย์,,,Active,ศูนย์แพทย์โรงพยาบาลศูนย์อุดรธานี,,,,,2026-07-03 16:32:06,nikorn2527@gmail.com,,,2026-07-03,,,COMPANY,,TRUE,TOTAL,MECUD-00009
2030,PRINTER INKJET,EPSON,M3170,X5TT024179,ตึกศูนย์แพทย์,G,กลุ่มงานพัฒนาทรัพยากรบุคคล,,,Active,ศูนย์แพทย์โรงพยาบาลศูนย์อุดรธานี,,,,,2026-07-03 16:31:11,nikorn2527@gmail.com,,,2026-07-03,,,COMPANY,,TRUE,TOTAL,MECUD-00010
2031,PRINTER INKJET,EPSON,M3170,X5TT026813,ตึกศูนย์แพทย์,1,ธุรการศูนย์แพทย์,,,Active,ศูนย์แพทย์โรงพยาบาลศูนย์อุดรธานี,,,,,2026-07-03 16:39:05,nikorn2527@gmail.com,,,2026-07-03,,,COMPANY,,TRUE,TOTAL,MECUD-00011
2032,PRINTER INKJET,EPSON,M3170,X5TT024767,ตึกศูนย์แพทย์,1,ธุรการศูนย์แพทย์,,,Retired,ศูนย์แพทย์โรงพยาบาลศูนย์อุดรธานี,,,,,2026-05-14 17:43:14,System,,,,,,COMPANY,,TRUE,TOTAL,MECUD-00012
2033,PRINTER INKJET A3,EPSON,L1300,UB8Y097734,ตึกศูนย์แพทย์,2,ศูนย์คอมพิวเตอร์,,ศูนย์คอมพิวเตอร์,Retired,ศูนย์แพทย์โรงพยาบาลศูนย์อุดรธานี,,,,,2026-05-14 17:43:14,System,,,,,,COMPANY,,TRUE,TOTAL,MECUD-00013
2034,COPIER LASER,Fuji Xerox,X5335,AE9205405,ตึกศูนย์แพทย์,1,ธุรการศูนย์แพทย์,,,Active,ศูนย์แพทย์โรงพยาบาลศูนย์อุดรธานี,,,,,2026-07-03 16:50:50,nikorn2527@gmail.com,,,,,,LEASED,,TRUE,TOTAL,MECUD-00014
1480,PRINTER INKJET AIO,EPSON,L5290,X8H2027140,ตึกผู้ป่วยนอกเดิม,2,ห้องสุขศึกษา,,เวชศาสตร์ป้องกันและชุมชน,Active,โรงพยาบาลศูนย์อุดรธานี,อด 0033.1/380/2568 ลงวันที่ 26 สิงหาคม 2568,,,,2026-05-14 17:43:14,System,,,,,,COMPANY,,TRUE,TOTAL,UDH-01476
1496,PRINTER LASER,HP,M404DN,PHFXG18880,ตึกผู้ป่วยนอกเดิม,2,ห้องสุขศึกษา,,เวชศาสตร์ป้องกันและชุมชน,Active,โรงพยาบาลศูนย์อุดรธานี,อด 0033.1/380/2568 ลงวันที่ 26 สิงหาคม 2568,,,,2026-05-14 17:43:14,System,,,,,,COMPANY,,TRUE,TOTAL,UDH-01492
2037,PRINTER INKJET AIO,EPSON,L5290,X8H2029190,อาคารแพทย์แผนไทย,1,หอผู้ป่วยรวงผึ้ง,,จิตเวช,Active,โรงพยาบาลศูนย์อุดรธานี,อด 0033.1/380/2568 ลงวันที่ 26 สิงหาคม 2568,,,,2026-05-14 17:43:14,System,,,,,,COMPANY,,TRUE,TOTAL,UDH-02013
1266,PRINTER INKJET AIO,EPSON,L5290,X8H2029083,ตึกผู้ป่วยนอก (OPD),2,ห้องให้คำปรึกษา,,บริหาร/ยุทธศาสตร์,Active,โรงพยาบาลศูนย์อุดรธานี,อด 0033.1/380/2568 ลงวันที่ 26 สิงหาคม 2568,,,,2026-05-14 17:43:14,System,,,,,,COMPANY,,TRUE,TOTAL,UDH-01262
2039,PRINTER LASER,OKI,ES5112,BW21042781C0,อาคารจ่ายกลาง,1,จ่ายกลาง,,บริหาร/ยุทธศาสตร์,Active,โรงพยาบาลศูนย์อุดรธานี,อด 0033.1/380/2568 ลงวันที่ 26 สิงหาคม 2568,,,,2026-05-14 17:43:14,System,,,,,,COMPANY,,TRUE,TOTAL,UDH-02015
2040,PRINTER LASER,OKI,ES5112,BW21011747C0,ตึกผู้ป่วยนอก (OPD),6,กลุ่มการพยาบาล,,เวชศาสตร์ป้องกันและชุมชน,Active,โรงพยาบาลศูนย์อุดรธานี,อด 0033.1/380/2568 ลงวันที่ 26 สิงหาคม 2568,,,,2026-05-14 17:43:14,System,,,,,,COMPANY,,TRUE,TOTAL,UDH-02016
2041,PRINTER LASER,OKI,ES5112,BW21013704C0,ตึกผู้ป่วยนอก (OPD),1,แผนก Refer ศูนย์รับส่ง-ต่อ,,,Disposed,โรงพยาบาลศูนย์อุดรธานี,อด 0033.1/380/2568 ลงวันที่ 26 สิงหาคม 2568,,,,2026-08-06 14:09:07,nikorn2527@gmail.com,,,2026-07-31,2026-08-06,,COMPANY,,TRUE,TOTAL,UDH-02017
2042,PRINTER LASER,OKI,ES5112,BW21013624C0,ตึกผู้ป่วยนอกเดิม,1,คลินิกศัลยกรรมประสาท,,ศัลยกรรมประสาท,Active,โรงพยาบาลศูนย์อุดรธานี,อด 0033.1/380/2568 ลงวันที่ 26 สิงหาคม 2568,,,,2026-05-14 17:43:14,System,,,,,,COMPANY,,TRUE,TOTAL,UDH-02018
2043,PRINTER INKJET AIO,EPSON,L5290,X8H2028225,ตึกผู้ป่วยนอก (OPD),5,กลุ่มงานพัสดุ,,บริหาร/ยุทธศาสตร์,Active,โรงพยาบาลศูนย์อุดรธานี,อด 0033.1/380/2568 ลงวันที่ 26 สิงหาคม 2568,,,,2026-05-14 17:43:14,System,,,,,,COMPANY,,TRUE,TOTAL,UDH-02019
1911,PRINTER THERMAL,ZEBRA,ZD421,D6J222614021,ตึกผู้ป่วยนอก (OPD),1,OPD ศัลยกรรม,ห้องตรวจ  11,ศัลยกรรม,Active,โรงพยาบาลศูนย์อุดรธานี,อด 0033.1/380/2568 ลงวันที่ 26 สิงหาคม 2568,,,,2026-05-14 17:43:14,System,,,,,,COMPANY,,FALSE,TOTAL,UDH-01900
2045,PRINTER LASER,OKI,ES5112,BW21000089C0,ตึกผู้ป่วยนอก (OPD),4,OPD จักษุ,จุดบริการ 15,จักษุวิทยา,Active,โรงพยาบาลศูนย์อุดรธานี,อด 0033.1/380/2568 ลงวันที่ 26 สิงหาคม 2568,,,,2026-07-03 08:49:06,nikorn2527@gmail.com,,,,,,COMPANY,,TRUE,TOTAL,UDH-02021
1485,PRINTER INKJET AIO,EPSON,L5290,X8H2029134,ตึกผู้ป่วยนอกเดิม,2,ห้ององค์กรแพทย์,,องค์กรแพทย์,Active,โรงพยาบาลศูนย์อุดรธานี,อด 0033.1/380/2568 ลงวันที่ 26 สิงหาคม 2568,,,,2026-05-14 17:43:14,System,,,,,,COMPANY,,TRUE,TOTAL,UDH-01481
1497,PRINTER LASER,HP,M404DN,PHFXG18944,ตึกผู้ป่วยนอกเดิม,2,ห้ององค์กรแพทย์,,องค์กรแพทย์,Active,โรงพยาบาลศูนย์อุดรธานี,อด 0033.1/380/2568 ลงวันที่ 26 สิงหาคม 2568,,,,2026-05-14 17:43:14,System,,,,,,COMPANY,,TRUE,TOTAL,UDH-01493
2048,PRINTER THERMAL,ZEBRA,ZD421,D6J222613738,ตึกศัลยกรรม,2,ศัลยกรรมดูแลบาดแผล Wound Care,,ศัลยกรรม,Active,โรงพยาบาลศูนย์อุดรธานี,อด 0033.1/380/2568 ลงวันที่ 26 สิงหาคม 2568,,,,2026-05-14 17:43:14,System,,,,,,COMPANY,,FALSE,TOTAL,UDH-02024
2049,PRINTER LASER,OKI,ES5112,BW21000105C0,ตึกผู้ป่วยนอกเดิม,1,สำนักงานตรวจสอบสิทธิ์ (สสร.),,กลุ่มงานประกันสุขภาพ,Active,โรงพยาบาลศูนย์อุดรธานี,อด 0033.1/380/2568 ลงวันที่ 26 สิงหาคม 2568,,,,2026-05-14 17:43:14,System,,,,,,COMPANY,,TRUE,TOTAL,UDH-02025
2050,PRINTER LASER,OKI,ES5112,BW22024566C0,ตึกผู้ป่วยนอก (OPD),1,ห้องบัตร,จุดบริการ 2,เวชระเบียน,Active,โรงพยาบาลศูนย์อุดรธานี,อด 0033.1/380/2568 ลงวันที่ 26 สิงหาคม 2568,,,,2026-05-14 17:43:14,System,,,,,,COMPANY,,TRUE,TOTAL,UDH-02026
1309,PRINTER THERMAL,ZEBRA,ZD421,D6J222614703,ตึกห้อง Lab เบอร์ 10,1,ห้อง LAB เบอร์ 10,,พยาธิวิทยา/ห้องปฏิบัติการ,Retired,โรงพยาบาลศูนย์อุดรธานี,อด 0033.1/380/2568 ลงวันที่ 26 สิงหาคม 2568,,,,2026-05-14 17:43:14,System,,,,,,COMPANY,,FALSE,TOTAL,UDH-01305
2052,PRINTER LASER,OKI,ES5112,BW21011701C0,ตึกผู้ป่วยนอกเดิม,2,เวชระเบียนใน,,เวชระเบียน,Active,โรงพยาบาลศูนย์อุดรธานี,อด 0033.1/380/2568 ลงวันที่ 26 สิงหาคม 2568,,,,2026-05-14 17:43:14,System,,,,,,COMPANY,,TRUE,TOTAL,UDH-02028
1856,BARCODE SCANNERS,ZEBRA,DS2208,S22149010552841,ตึกห้อง Lab เบอร์ 10,1,ห้อง LAB เบอร์ 10,,พยาธิวิทยา/ห้องปฏิบัติการ,Active,โรงพยาบาลศูนย์อุดรธานี,อด 0033.1/380/2568 ลงวันที่ 26 สิงหาคม 2568,,,,2026-05-14 17:43:14,System,,,,,,COMPANY,,FALSE,TOTAL,UDH-01845
1857,BARCODE SCANNERS,ZEBRA,DS2208,S22149010552844,ตึกห้อง Lab เบอร์ 10,1,ห้อง LAB เบอร์ 10,,พยาธิวิทยา/ห้องปฏิบัติการ,Active,โรงพยาบาลศูนย์อุดรธานี,อด 0033.1/380/2568 ลงวันที่ 26 สิงหาคม 2568,,,,2026-05-14 17:43:14,System,,,,,,COMPANY,,FALSE,TOTAL,UDH-01846
1858,BARCODE SCANNERS,ZEBRA,DS2208,S22149010553959,ตึกห้อง Lab เบอร์ 10,1,ห้อง LAB เบอร์ 10,,พยาธิวิทยา/ห้องปฏิบัติการ,Active,โรงพยาบาลศูนย์อุดรธานี,อด 0033.1/380/2568 ลงวันที่ 26 สิงหาคม 2568,,,,2026-05-14 17:43:14,System,,,,,,COMPANY,,FALSE,TOTAL,UDH-01847
1859,BARCODE SCANNERS,ZEBRA,DS2208,S22149010555148,ตึกห้อง Lab เบอร์ 10,1,ห้อง LAB เบอร์ 10,,พยาธิวิทยา/ห้องปฏิบัติการ,Active,โรงพยาบาลศูนย์อุดรธานี,อด 0033.1/380/2568 ลงวันที่ 26 สิงหาคม 2568,,,,2026-05-14 17:43:14,System,,,,,,COMPANY,,FALSE,TOTAL,UDH-01848
1860,BARCODE SCANNERS,ZEBRA,DS2208,S22149010555316,ตึกห้อง Lab เบอร์ 10,1,ห้อง LAB เบอร์ 10,,พยาธิวิทยา/ห้องปฏิบัติการ,Active,โรงพยาบาลศูนย์อุดรธานี,อด 0033.1/380/2568 ลงวันที่ 26 สิงหาคม 2568,,,,2026-05-14 17:43:14,System,,,,,,COMPANY,,FALSE,TOTAL,UDH-01849
1861,BARCODE SCANNERS,ZEBRA,DS2208,S22150010551667,ตึกห้อง Lab เบอร์ 10,1,ห้อง LAB เบอร์ 10,,พยาธิวิทยา/ห้องปฏิบัติการ,Active,โรงพยาบาลศูนย์อุดรธานี,อด 0033.1/380/2568 ลงวันที่ 26 สิงหาคม 2568,,,,2026-05-14 17:43:14,System,,,,,,COMPANY,,FALSE,TOTAL,UDH-01850
1862,BARCODE SCANNERS,ZEBRA,DS2208,S22150010551674,ตึกห้อง Lab เบอร์ 10,1,ห้อง LAB เบอร์ 10,,พยาธิวิทยา/ห้องปฏิบัติการ,Active,โรงพยาบาลศูนย์อุดรธานี,อด 0033.1/380/2568 ลงวันที่ 26 สิงหาคม 2568,,,,2026-05-14 17:43:14,System,,,,,,COMPANY,,FALSE,TOTAL,UDH-01851
1863,BARCODE SCANNERS,ZEBRA,DS2208,S22149010555320,ตึกห้อง Lab เบอร์ 10,1,ห้อง LAB เบอร์ 10,,พยาธิวิทยา/ห้องปฏิบัติการ,Active,โรงพยาบาลศูนย์อุดรธานี,อด 0033.1/380/2568 ลงวันที่ 26 สิงหาคม 2568,,,,2026-05-14 17:43:14,System,,,,,,COMPANY,,FALSE,TOTAL,UDH-01852
1864,BARCODE SCANNERS,ZEBRA,DS2208,S22149010555324,ตึกห้อง Lab เบอร์ 10,1,ห้อง LAB เบอร์ 10,,พยาธิวิทยา/ห้องปฏิบัติการ,Active,โรงพยาบาลศูนย์อุดรธานี,อด 0033.1/380/2568 ลงวันที่ 26 สิงหาคม 2568,,,,2026-05-14 17:43:14,System,,,,,,COMPANY,,FALSE,TOTAL,UDH-01853
2062,PRINTER LASER,OKI,ES5112,BW21013699C0,ตึกผู้ป่วยนอก (OPD),6,กลุ่มงานการเงิน,,การเงิน,Active,โรงพยาบาลศูนย์อุดรธานี,อด 0033.1/380/2568 ลงวันที่ 26 สิงหาคม 2568,,,,2026-05-14 17:43:14,System,,,,,,COMPANY,,TRUE,TOTAL,UDH-02038
2063,COPIER LASER,Fuji Xerox,7835i,WC3913093215,ตึกผู้ป่วยนอก (OPD),5,กลุ่มงานทรัพยากรบุคคล,,บริหาร/ยุทธศาสตร์,Active,โรงพยาบาลศูนย์อุดรธานี,อด 0033.1/380/2568 ลงวันที่ 26 สิงหาคม 2568,,,,2026-06-09 09:05:05,admin,,,,,,LEASED,,TRUE,TOTAL,UDH-02039
2064,PRINTER LASER,OKI,ES5112,BW21011670C0,ตึกผู้ป่วยนอก (OPD),5,กลุ่มงานพัสดุ,แผนกพัสดุ,บริหาร/ยุทธศาสตร์,Active,โรงพยาบาลศูนย์อุดรธานี,อด 0033.1/380/2568 ลงวันที่ 26 สิงหาคม 2568,,,,2026-07-30 17:11:29,bie3110greedisgood@gmail.com,,,2026-07-30,,,COMPANY,,TRUE,TOTAL,UDH-02040
2065,PRINTER LASER,OKI,ES5112,BW21011721C0,ตึกคลังพัสดุ (ใหม่),1,งานโครงสร้างพื้นฐาน,ห้องศูนย์วิศวกรรม,บริหาร/ยุทธศาสตร์,Active,โรงพยาบาลศูนย์อุดรธานี,อด 0033.1/380/2568 ลงวันที่ 26 สิงหาคม 2568,,,,2026-05-14 17:43:14,System,,,,,,COMPANY,,TRUE,TOTAL,UDH-02041
2066,PRINTER LASER,OKI,ES5112,BW22024424C0,ตึกคลังพัสดุ (ใหม่),1,งานโครงสร้างพื้นฐาน,ห้องศูนย์วิศวกรรม,บริหาร/ยุทธศาสตร์,Active,โรงพยาบาลศูนย์อุดรธานี,อด 0033.1/380/2568 ลงวันที่ 26 สิงหาคม 2568,,,,2026-05-14 17:43:14,System,,,,,,COMPANY,,TRUE,TOTAL,UDH-02042
1865,BARCODE SCANNERS,ZEBRA,DS2208,S22150010551670,ตึกห้อง Lab เบอร์ 10,1,ห้อง LAB เบอร์ 10,,พยาธิวิทยา/ห้องปฏิบัติการ,Active,โรงพยาบาลศูนย์อุดรธานี,อด 0033.1/380/2568 ลงวันที่ 26 สิงหาคม 2568,,,,2026-05-14 17:43:14,System,,,,,,COMPANY,,FALSE,TOTAL,UDH-01854
2068,PRINTER LASER,OKI,ES5112,BW21011757C0,ตึกผู้ป่วยนอก (OPD),3,EKG,ห้องตรวจ,ประสาทวิทยา,Active,โรงพยาบาลศูนย์อุดรธานี,อด 0033.1/380/2568 ลงวันที่ 26 สิงหาคม 2568,,,,2026-05-14 17:43:14,System,,,,,,COMPANY,,TRUE,TOTAL,UDH-02044
2069,PRINTER LASER AIO,HP,MFPM227FDN,VNH4303460,ตึกผู้ป่วยนอก (OPD),3,วางแผนครอบครัว,ห้องวางแผนครอบครัว,พยาธิวิทยา/ห้องปฏิบัติการ,Active,โรงพยาบาลศูนย์อุดรธานี,อด 0033.1/380/2568 ลงวันที่ 26 สิงหาคม 2568,,,,2026-05-14 17:43:14,System,,,,,,COMPANY,,TRUE,TOTAL,UDH-02045
2070,PRINTER LASER,OKI,ES5112,BW21011797C0,ตึกคลังพัสดุ (ใหม่),2,พยาธิกายวิภาค,,พยาธิวิทยา/ห้องปฏิบัติการ,Active,โรงพยาบาลศูนย์อุดรธานี,อด 0033.1/380/2568 ลงวันที่ 26 สิงหาคม 2568,,,,2026-05-14 17:43:14,System,,,,,,COMPANY,,TRUE,TOTAL,UDH-02046
2071,PRINTER LASER,OKI,ES5112,BW1C029604C0,ตึกผู้ป่วยนอก (OPD),4,OPD จักษุ,ห้องตรวจ,จักษุวิทยา,Active,โรงพยาบาลศูนย์อุดรธานี,อด 0033.1/380/2568 ลงวันที่ 26 สิงหาคม 2568,,,,2026-05-14 17:43:14,System,,,,,,COMPANY,,TRUE,TOTAL,UDH-02047
2072,PRINTER LASER,OKI,ES5112,BW21000101C0,ตึกผู้ป่วยนอก (OPD),1,ER,หัวหน้าER,อุบัติเหตุและฉุกเฉิน,Active,โรงพยาบาลศูนย์อุดรธานี,อด 0033.1/380/2568 ลงวันที่ 26 สิงหาคม 2568,,,,2026-05-14 17:43:14,System,,,,,,COMPANY,,TRUE,TOTAL,UDH-02048
2073,PRINTER LASER,OKI,ES5112,BW21013620C0,ตึกห้อง Lab เบอร์ 10,1,พัสดุ LAB เบอร์ 10,,พยาธิวิทยา/ห้องปฏิบัติการ,Active,โรงพยาบาลศูนย์อุดรธานี,อด 0033.1/380/2568 ลงวันที่ 26 สิงหาคม 2568,,,,2026-05-14 17:43:14,System,,,,,,COMPANY,,TRUE,TOTAL,UDH-02049
2074,PRINTER LASER,OKI,ES5112,BW1C046859C0,ตึกผู้ป่วยนอก (OPD),6,กลุ่มงานการเงิน,,การเงิน,Active,โรงพยาบาลศูนย์อุดรธานี,อด 0033.1/380/2568 ลงวันที่ 26 สิงหาคม 2568,,,,2026-05-14 17:43:14,System,,,,,,COMPANY,,TRUE,TOTAL,UDH-02050
1872,PRINTER INKJET AIO,EPSON,L5290,X8H2029089,ตึกห้อง Lab เบอร์ 10,1,ห้อง LAB เบอร์ 10,,พยาธิวิทยา/ห้องปฏิบัติการ,Active,โรงพยาบาลศูนย์อุดรธานี,อด 0033.1/380/2568 ลงวันที่ 26 สิงหาคม 2568,,,,2026-05-14 17:43:14,System,,,,,,COMPANY,,TRUE,TOTAL,UDH-01861
1874,PRINTER INKJET AIO,EPSON,L5290,X8H2029197,ตึกห้อง Lab เบอร์ 10,1,ห้อง LAB เบอร์ 10,,พยาธิวิทยา/ห้องปฏิบัติการ,Active,โรงพยาบาลศูนย์อุดรธานี,อด 0033.1/380/2568 ลงวันที่ 26 สิงหาคม 2568,,,,2026-05-14 17:43:14,System,,,,,,COMPANY,,TRUE,TOTAL,UDH-01863
1880,PRINTER THERMAL,HONEYWELL,PC42E-T,24339W0969,ตึกห้อง Lab เบอร์ 10,1,ห้อง LAB เบอร์ 10,,พยาธิวิทยา/ห้องปฏิบัติการ,Active,โรงพยาบาลศูนย์อุดรธานี,อด 0033.1/380/2568 ลงวันที่ 26 สิงหาคม 2568,,,,2026-05-14 17:43:14,System,,,,,,COMPANY,,FALSE,TOTAL,UDH-01869
1881,PRINTER THERMAL,TSC,TE200,TEA24163944,ตึกห้อง Lab เบอร์ 10,1,ห้อง LAB เบอร์ 10,,พยาธิวิทยา/ห้องปฏิบัติการ,Active,โรงพยาบาลศูนย์อุดรธานี,อด 0033.1/380/2568 ลงวันที่ 26 สิงหาคม 2568,,,,2026-05-14 17:43:14,System,,,,,,COMPANY,,FALSE,TOTAL,UDH-01870
1882,PRINTER THERMAL,ZEBRA,ZD421,D6J222700884,ตึกห้อง Lab เบอร์ 10,1,ห้อง LAB เบอร์ 10,,พยาธิวิทยา/ห้องปฏิบัติการ,Active,โรงพยาบาลศูนย์อุดรธานี,อด 0033.1/380/2568 ลงวันที่ 26 สิงหาคม 2568,,,,2026-05-14 17:43:14,System,,,,,,COMPANY,,FALSE,TOTAL,UDH-01871
1883,PRINTER THERMAL,ZEBRA,ZD421,D6J222700903,ตึกห้อง Lab เบอร์ 10,1,ห้อง LAB เบอร์ 10,,พยาธิวิทยา/ห้องปฏิบัติการ,Active,โรงพยาบาลศูนย์อุดรธานี,อด 0033.1/380/2568 ลงวันที่ 26 สิงหาคม 2568,,,,2026-05-14 17:43:14,System,,,,,,COMPANY,,FALSE,TOTAL,UDH-01872
1884,PRINTER THERMAL,ZEBRA,ZD421,D6J222613583,ตึกห้อง Lab เบอร์ 10,1,ห้อง LAB เบอร์ 10,,พยาธิวิทยา/ห้องปฏิบัติการ,Active,โรงพยาบาลศูนย์อุดรธานี,อด 0033.1/380/2568 ลงวันที่ 26 สิงหาคม 2568,,,,2026-05-14 17:43:14,System,,,,,,COMPANY,,FALSE,TOTAL,UDH-01873
2082,PRINTER LASER,OKI,ES5112,BW22024549C0,ตึกเชี่ยวชาญ,4,การเงิน,,การเงิน,Active,โรงพยาบาลศูนย์อุดรธานี,อด 0033.1/380/2568 ลงวันที่ 26 สิงหาคม 2568,,,,2026-05-14 17:43:14,System,,,,,,COMPANY,,TRUE,TOTAL,UDH-02058
1885,PRINTER THERMAL,ZEBRA,ZD421,D6J222613640,ตึกห้อง Lab เบอร์ 10,1,ห้อง LAB เบอร์ 10,,พยาธิวิทยา/ห้องปฏิบัติการ,Active,โรงพยาบาลศูนย์อุดรธานี,อด 0033.1/380/2568 ลงวันที่ 26 สิงหาคม 2568,,,,2026-05-14 17:43:14,System,,,,,,COMPANY,,FALSE,TOTAL,UDH-01874
2084,LABEL PRINTER,BROTHER,PT-P950NW,E76570H0Z959349,PPIT,F1,Out Source,,,Active,PPIT,,,,,2026-05-14 17:43:14,System,,,,,,COMPANY,,FALSE,TOTAL,PPIT-00009
2085,PRINTER THERMAL,TSC,TE200,TEA24330007,PPIT,F1,DEMO โรงพยาบาลกล้วยน้ำไท,,,Temporary,PPIT,,,,,2026-05-14 17:43:14,System,,,,,,COMPANY,,FALSE,TOTAL,PPIT-00010
2086,PRINTER INKJET AIO,EPSON,L5290,X8H2029167,ตึกศัลยกรรม,6,ศัลยกรรมชาย,,ศัลยกรรม,Active,โรงพยาบาลศูนย์อุดรธานี,อด 0033.1/380/2568 ลงวันที่ 26 สิงหาคม 2568,,,,2026-07-02 10:46:56,nikorn2527@gmail.com,,,,,,COMPANY,,TRUE,TOTAL,UDH-02060
2087,PRINTER LASER,OKI,ES5112,BW21011713C0,ตึกศัลยกรรม,6,ศัลยกรรมชาย,,ศัลยกรรม,Retired,โรงพยาบาลศูนย์อุดรธานี,อด 0033.1/380/2568 ลงวันที่ 26 สิงหาคม 2568,,,,2026-06-12 13:39:09,nikorn2527@gmail.com,,,,,,COMPANY,,TRUE,TOTAL,UDH-02061
1886,PRINTER THERMAL,ZEBRA,ZD421,D6J222613693,ตึกห้อง Lab เบอร์ 10,1,ห้อง LAB เบอร์ 10,,พยาธิวิทยา/ห้องปฏิบัติการ,Active,โรงพยาบาลศูนย์อุดรธานี,อด 0033.1/380/2568 ลงวันที่ 26 สิงหาคม 2568,,,,2026-05-14 17:43:14,System,,,,,,COMPANY,,FALSE,TOTAL,UDH-01875
1887,PRINTER THERMAL,ZEBRA,ZD421,D6J222613708,ตึกห้อง Lab เบอร์ 10,1,ห้อง LAB เบอร์ 10,,พยาธิวิทยา/ห้องปฏิบัติการ,Active,โรงพยาบาลศูนย์อุดรธานี,อด 0033.1/380/2568 ลงวันที่ 26 สิงหาคม 2568,,,,2026-05-14 17:43:14,System,,,,,,COMPANY,,FALSE,TOTAL,UDH-01876
1888,PRINTER THERMAL,ZEBRA,ZD421,D6J222614627,ตึกห้อง Lab เบอร์ 10,1,ห้อง LAB เบอร์ 10,,พยาธิวิทยา/ห้องปฏิบัติการ,Retired,โรงพยาบาลศูนย์อุดรธานี,อด 0033.1/380/2568 ลงวันที่ 26 สิงหาคม 2568,,,,2026-05-14 17:43:14,System,,,,,,COMPANY,,FALSE,TOTAL,UDH-01877
1889,PRINTER THERMAL,ZEBRA,ZD421,D6J222614734,ตึกห้อง Lab เบอร์ 10,1,ห้อง LAB เบอร์ 10,,พยาธิวิทยา/ห้องปฏิบัติการ,Active,โรงพยาบาลศูนย์อุดรธานี,อด 0033.1/380/2568 ลงวันที่ 26 สิงหาคม 2568,,,,2026-05-14 17:43:14,System,,,,,,COMPANY,,FALSE,TOTAL,UDH-01878
2092,PRINTER LASER,OKI,ES5112,BW1C009823C0,ตึกผู้ป่วยนอก (OPD),1,ER,จุดคัดกรอง,อุบัติเหตุและฉุกเฉิน,Retired,โรงพยาบาลศูนย์อุดรธานี,อด 0033.1/380/2568 ลงวันที่ 26 สิงหาคม 2568,,,,2026-05-28 17:47:24,nikorn2527@gmail.com,,,,,,COMPANY,,TRUE,TOTAL,UDH-02066
1890,PRINTER THERMAL,ZEBRA,ZD421,D6J222700869,ตึกห้อง Lab เบอร์ 10,1,ห้อง LAB เบอร์ 10,,พยาธิวิทยา/ห้องปฏิบัติการ,Active,โรงพยาบาลศูนย์อุดรธานี,อด 0033.1/380/2568 ลงวันที่ 26 สิงหาคม 2568,,,,2026-05-14 17:43:14,System,,,,,,COMPANY,,FALSE,TOTAL,UDH-01879
1891,PRINTER THERMAL,ZEBRA,ZD421,D6J222613726,ตึกห้อง Lab เบอร์ 10,1,ห้อง LAB เบอร์ 10,,พยาธิวิทยา/ห้องปฏิบัติการ,Active,โรงพยาบาลศูนย์อุดรธานี,อด 0033.1/380/2568 ลงวันที่ 26 สิงหาคม 2568,,,,2026-05-14 17:43:14,System,,,,,,COMPANY,,FALSE,TOTAL,UDH-01880
2095,PRINTER INKJET A4,EPSON,L3210,X8HR298616,ตึกผู้ป่วยนอก (OPD),2,X-Ray Interrention,ห้องตรวจมวลกระดูก,รังสีวิทยา,Active,โรงพยาบาลศูนย์อุดรธานี,อด 0033.1/380/2568 ลงวันที่ 26 สิงหาคม 2568,,,,2026-05-14 17:43:14,System,เครื่องหน่วยงาน,,,,,DEPT,,TRUE,TOTAL,UDH-02069
2096,PRINTER THERMAL,TSC,TE200,TEA24290002,ตึกคลังพัสดุ (ใหม่),1,ธนาคารเลือด,,พยาธิวิทยา/ห้องปฏิบัติการ,Active,โรงพยาบาลศูนย์อุดรธานี,อด 0033.1/380/2568 ลงวันที่ 26 สิงหาคม 2568,,,,2026-05-14 17:43:14,System,,,,,,COMPANY,,FALSE,TOTAL,UDH-02070
2097,PRINTER LASER,BROTHER,HL-L5210DN,E81695J5N769383,ตึกผู้ป่วยนอก (OPD),3,วางแผนครอบครัว,จุดบริการ 8,สูตินรีเวชกรรม,Active,โรงพยาบาลศูนย์อุดรธานี,อด 0033.1/380/2568 ลงวันที่ 26 สิงหาคม 2568,,,,2026-05-14 17:43:14,System,,,,,,COMPANY,,TRUE,TOTAL,UDH-02071
2098,PRINTER LASER,BROTHER,HL-L5210DN,E81695J5N769273,ตึกผู้ป่วยนอกเดิม,1,คลินิกฝั่งเข็ม,,แพทย์แผนไทยและการแพทย์ทางเลือก,Active,โรงพยาบาลศูนย์อุดรธานี,อด 0033.1/380/2568 ลงวันที่ 26 สิงหาคม 2568,,,,2026-05-14 17:43:14,System,,,,,,COMPANY,,TRUE,TOTAL,UDH-02072
1892,PRINTER THERMAL,ZEBRA,ZD421,D6J222702203,ตึกห้อง Lab เบอร์ 10,1,ห้อง LAB เบอร์ 10,,พยาธิวิทยา/ห้องปฏิบัติการ,Active,โรงพยาบาลศูนย์อุดรธานี,อด 0033.1/380/2568 ลงวันที่ 26 สิงหาคม 2568,,,,2026-05-14 17:43:14,System,,,,,,COMPANY,,FALSE,TOTAL,UDH-01881
2100,PRINTER LASER,BROTHER,HL-L5210DN,E81695J5N769564,ตึกหลวงตาบัว,2,หอผู้ป่วยอายุรกรรมชาย,,อายุรกรรม,Active,โรงพยาบาลศูนย์อุดรธานี,อด 0033.1/380/2568 ลงวันที่ 26 สิงหาคม 2568,,,,2026-05-14 17:43:14,System,,,,,,COMPANY,,TRUE,TOTAL,UDH-02074
2101,PRINTER LASER,BROTHER,HL-L5210DN,E81695J5N771995,ตึกผู้ป่วยนอก (OPD),1,ER,ห้องบัตร,อุบัติเหตุและฉุกเฉิน,Active,โรงพยาบาลศูนย์อุดรธานี,อด 0033.1/380/2568 ลงวันที่ 26 สิงหาคม 2568,,,,2026-05-14 17:43:14,System,,,,,,COMPANY,,TRUE,TOTAL,UDH-02075
1893,PRINTER THERMAL,ZEBRA,ZD421,D6J222613694,ตึกห้อง Lab เบอร์ 10,1,ห้อง LAB เบอร์ 10,,พยาธิวิทยา/ห้องปฏิบัติการ,Active,โรงพยาบาลศูนย์อุดรธานี,อด 0033.1/380/2568 ลงวันที่ 26 สิงหาคม 2568,,,,2026-05-14 17:43:14,System,,,,,,COMPANY,,FALSE,TOTAL,UDH-01882
1894,PRINTER THERMAL,ZEBRA,ZD421,D6J222613777,ตึกห้อง Lab เบอร์ 10,1,ห้อง LAB เบอร์ 10,,พยาธิวิทยา/ห้องปฏิบัติการ,Retired,โรงพยาบาลศูนย์อุดรธานี,อด 0033.1/380/2568 ลงวันที่ 26 สิงหาคม 2568,,,,2026-05-14 17:43:14,System,,,,,,COMPANY,,FALSE,TOTAL,UDH-01883
2104,PRINTER LASER,BROTHER,HL-L5210DN,E81695J5N769389,ตึกผู้ป่วยนอก (OPD),4,คลินิกโรคเลือด-และข้อ,,อายุรกรรม,Active,โรงพยาบาลศูนย์อุดรธานี,อด 0033.1/380/2568 ลงวันที่ 26 สิงหาคม 2568,,,,2026-05-14 17:43:14,System,,,,,,COMPANY,,TRUE,TOTAL,UDH-02078
2105,PRINTER LASER,BROTHER,HL-L5210DN,E81695J5N771997,ตึกผู้ป่วยนอก (OPD),3,OPD กุมารเวชกรรม,จุดบริการ 4,กุมารเวชกรรม,Active,โรงพยาบาลศูนย์อุดรธานี,อด 0033.1/380/2568 ลงวันที่ 26 สิงหาคม 2568,,,,2026-05-14 17:43:14,System,,,,,,COMPANY,,TRUE,TOTAL,UDH-02079
2106,PRINTER LASER,BROTHER,HL-L5210DN,E81695J5N771990,ตึกสูตินรีเวช,4,สูติกรรมหลังคลอด,,สูตินรีเวชกรรม,Active,โรงพยาบาลศูนย์อุดรธานี,อด 0033.1/380/2568 ลงวันที่ 26 สิงหาคม 2568,,,,2026-05-14 17:43:14,System,,,,,,COMPANY,,TRUE,TOTAL,UDH-02080
2044,PRINTER LASER,OKI,ES5112,BW21011719C0,ตึกผู้ป่วยนอก (OPD),1,OPD ศัลยกรรม,ห้องตรวจ 11,ศัลยกรรม,Retired,โรงพยาบาลศูนย์อุดรธานี,อด 0033.1/380/2568 ลงวันที่ 26 สิงหาคม 2568,,,,2026-05-14 17:43:14,System,,,,,,COMPANY,,TRUE,TOTAL,UDH-02020
2108,PRINTER LASER,BROTHER,HL-L5210DN,E81695J5N769588,ตึกเมตตาธรรม,2,ICU MED1,,อายุรกรรม / ผู้ป่วยวิกฤตอายุรกรรม,Active,โรงพยาบาลศูนย์อุดรธานี,อด 0033.1/380/2568 ลงวันที่ 26 สิงหาคม 2568,,,,2026-05-14 17:43:14,System,,,,,,COMPANY,,TRUE,TOTAL,UDH-02082
2109,PRINTER INKJET AIO,EPSON,L5290,X8H2028466,ตึกศัลยกรรม,4,ศัลยกรรมระบบปัสาวะ,,ศัลยกรรม,Active,โรงพยาบาลศูนย์อุดรธานี,อด 0033.1/380/2568 ลงวันที่ 26 สิงหาคม 2568,,,,2026-05-14 17:43:14,System,,,,,,COMPANY,,TRUE,TOTAL,UDH-02083
1895,PRINTER THERMAL,ZEBRA,ZD421,D6J222613813,ตึกห้อง Lab เบอร์ 10,1,ห้อง LAB เบอร์ 10,,พยาธิวิทยา/ห้องปฏิบัติการ,Active,โรงพยาบาลศูนย์อุดรธานี,อด 0033.1/380/2568 ลงวันที่ 26 สิงหาคม 2568,,,,2026-05-14 17:43:14,System,,,,,,COMPANY,,FALSE,TOTAL,UDH-01884
2111,PRINTER LASER,BROTHER,HL-L5210DN,E81695J5N769258,ตึกผู้ป่วยนอก (OPD),1,ER,ห้องบัตร,อุบัติเหตุและฉุกเฉิน,Active,โรงพยาบาลศูนย์อุดรธานี,อด 0033.1/380/2568 ลงวันที่ 26 สิงหาคม 2568,,,,2026-05-14 17:43:14,System,,,,,,COMPANY,,TRUE,TOTAL,UDH-02085
2112,PRINTER LASER,BROTHER,HL-L5210DN,E81695J5N771949,ตึกผู้ป่วยนอกเดิม,1,สำนักงานตรวจสอบสิทธิ์ (สสร.),,กลุ่มงานประกันสุขภาพ,Active,โรงพยาบาลศูนย์อุดรธานี,อด 0033.1/380/2568 ลงวันที่ 26 สิงหาคม 2568,,,,2026-05-14 17:43:14,System,,,,,,COMPANY,,TRUE,TOTAL,UDH-02086
2113,PRINTER THERMAL,ZEBRA,ZD421,D6J222613628,ตึกผู้ป่วยนอก (OPD),1,ER,สังเกตอาการ,อุบัติเหตุและฉุกเฉิน,Active,โรงพยาบาลศูนย์อุดรธานี,อด 0033.1/380/2568 ลงวันที่ 26 สิงหาคม 2568,,,,2026-05-14 17:43:14,System,,,,,,COMPANY,,FALSE,TOTAL,UDH-02087
2114,PRINTER LASER,BROTHER,HL-L5210DN,E81695J5N769403,ตึกศัลยกรรม,6,ศัลยกรรมชาย,,ศัลยกรรม,Active,โรงพยาบาลศูนย์อุดรธานี,อด 0033.1/380/2568 ลงวันที่ 26 สิงหาคม 2568,,,,2026-05-14 17:43:14,System,,,,,,COMPANY,,TRUE,TOTAL,UDH-02088
1896,PRINTER THERMAL,ZEBRA,ZD421,D6J222614787,ตึกห้อง Lab เบอร์ 10,1,ห้อง LAB เบอร์ 10,,พยาธิวิทยา/ห้องปฏิบัติการ,Active,โรงพยาบาลศูนย์อุดรธานี,อด 0033.1/380/2568 ลงวันที่ 26 สิงหาคม 2568,,,,2026-05-14 17:43:14,System,,,,,,COMPANY,,FALSE,TOTAL,UDH-01885
1897,PRINTER THERMAL,ZEBRA,ZD421,D6J222700818,ตึกห้อง Lab เบอร์ 10,1,ห้อง LAB เบอร์ 10,,พยาธิวิทยา/ห้องปฏิบัติการ,Active,โรงพยาบาลศูนย์อุดรธานี,อด 0033.1/380/2568 ลงวันที่ 26 สิงหาคม 2568,,,,2026-05-14 17:43:14,System,,,,,,COMPANY,,FALSE,TOTAL,UDH-01886
2117,PRINTER INKJET A3,BROTHER,HL-T4000DW,E78945J5H865469,ตึกผู้ป่วยนอก (OPD),5,กลุ่มงานพัสดุ,ห้องหัวหน้า,บริหาร/ยุทธศาสตร์,Active,โรงพยาบาลศูนย์อุดรธานี,อด 0033.1/380/2568 ลงวันที่ 26 สิงหาคม 2568,,,,2026-05-14 17:43:14,System,,,,,,COMPANY,,TRUE,TOTAL,UDH-02090
2118,PRINTER THERMAL,TSC,TE200,TEA24330028,ตึกผู้ป่วยนอก (OPD),1,ER,โซนแดง,อุบัติเหตุและฉุกเฉิน,Active,โรงพยาบาลศูนย์อุดรธานี,อด 0033.1/380/2568 ลงวันที่ 26 สิงหาคม 2568,,,,2026-05-14 17:43:14,System,,,,,,COMPANY,,FALSE,TOTAL,UDH-02091
2119,PRINTER LASER,BROTHER,HL-L5210DN,E81695J5N769333,ตึกผู้ป่วยนอก (OPD),1,ER,จุดคัดกรอง,อุบัติเหตุและฉุกเฉิน,Active,โรงพยาบาลศูนย์อุดรธานี,อด 0033.1/380/2568 ลงวันที่ 26 สิงหาคม 2568,,,,2026-05-14 17:43:14,System,,,,,,COMPANY,,TRUE,TOTAL,UDH-02092
2120,PRINTER LASER,BROTHER,HL-L5210DN,E81695J5N769352,ตึกผู้ป่วยนอก (OPD),4,OPD จักษุ,จุดบริการ 15,จักษุวิทยา,Active,โรงพยาบาลศูนย์อุดรธานี,อด 0033.1/380/2568 ลงวันที่ 26 สิงหาคม 2568,,,,2026-05-14 17:43:14,System,,,,,,COMPANY,,TRUE,TOTAL,UDH-02093
2121,PRINTER LASER,BROTHER,HL-L5210DN,E81695J5N769494,ตึก 69 ปี,1,ธุรการ,เภสัชกรรม,บริหาร/ยุทธศาสตร์,Active,โรงพยาบาลศูนย์อุดรธานี,อด 0033.1/380/2568 ลงวันที่ 26 สิงหาคม 2568,,,,2026-05-14 17:43:14,System,,,,,,COMPANY,,TRUE,TOTAL,UDH-02094
2122,PRINTER THERMAL,TSC,TE200,TEA24330029,ตึก 69 ปี,6,หอผู้ป่วยกุมารเวช 2,,กุมารเวชกรรม,Active,โรงพยาบาลศูนย์อุดรธานี,อด 0033.1/380/2568 ลงวันที่ 26 สิงหาคม 2568,,,,2026-05-14 17:43:14,System,,,,,,COMPANY,,FALSE,TOTAL,UDH-02095
2123,PRINTER THERMAL,TSC,TE200,TEA24330010,ตึกสงฆ์เก่า,1,คลินิกวัณโรค,,คลินิกเฉพาะโรค,Active,โรงพยาบาลศูนย์อุดรธานี,อด 0033.1/380/2568 ลงวันที่ 26 สิงหาคม 2568,,,,2026-05-28 02:31:03,nikorn2527@gmail.com,,,2026-05-28,,,COMPANY,,FALSE,TOTAL,UDH-02096
1898,PRINTER THERMAL,ZEBRA,ZD421,D6J222700851,ตึกห้อง Lab เบอร์ 10,1,ห้อง LAB เบอร์ 10,,พยาธิวิทยา/ห้องปฏิบัติการ,Active,โรงพยาบาลศูนย์อุดรธานี,อด 0033.1/380/2568 ลงวันที่ 26 สิงหาคม 2568,,,,2026-05-14 17:43:14,System,,,,,,COMPANY,,FALSE,TOTAL,UDH-01887
2125,PRINTER THERMAL,TSC,TE200,TEA24330024,ตึกหลวงตาบัว,2,หอผู้ป่วยอายุรกรรมชาย,,อายุรกรรม,Active,โรงพยาบาลศูนย์อุดรธานี,อด 0033.1/380/2568 ลงวันที่ 26 สิงหาคม 2568,,,,2026-05-14 17:43:14,System,,,,,,COMPANY,,FALSE,TOTAL,UDH-02098
2126,PRINTER INKJET A4,EPSON,L3210,X8HR231144,ตึกผู้ป่วยนอก (OPD),3,EKG,สำนักงาน (N/A),ประสาทวิทยา,Active,โรงพยาบาลศูนย์อุดรธานี,อด 0033.1/380/2568 ลงวันที่ 26 สิงหาคม 2568,,,,2026-05-14 17:43:14,System,,,,,,COMPANY,,TRUE,TOTAL,UDH-02099
2127,PRINTER LASER,BROTHER,HL-L5210DN,E81695J5N772017,ตึก 69 ปี,2,ธุรการ,ออร์โธปิดิกส์,ออร์โธปิดิกส์,Active,โรงพยาบาลศูนย์อุดรธานี,อด 0033.1/380/2568 ลงวันที่ 26 สิงหาคม 2568,,,,2026-05-14 17:43:14,System,,,,,,COMPANY,,TRUE,TOTAL,UDH-02100
2128,PRINTER LASER,BROTHER,HL-L5210DN,E81695J5N769325,ตึกผู้ป่วยนอกเดิม,1,สำนักงานตรวจสอบสิทธิ์ (สสร.),,กลุ่มงานประกันสุขภาพ,Active,โรงพยาบาลศูนย์อุดรธานี,อด 0033.1/380/2568 ลงวันที่ 26 สิงหาคม 2568,,,,2026-05-14 17:43:14,System,,,,,,COMPANY,,TRUE,TOTAL,UDH-02101
2129,PRINTER THERMAL,ZEBRA,ZD421,D6J222614788,อาคารแพทย์แผนไทย,1,หอผู้ป่วยรวงผึ้ง,,จิตเวช,Active,โรงพยาบาลศูนย์อุดรธานี,อด 0033.1/380/2568 ลงวันที่ 26 สิงหาคม 2568,,,,2026-05-14 17:43:14,System,,,,,,COMPANY,,FALSE,TOTAL,UDH-02102
2130,PRINTER THERMAL,ZEBRA,ZD220t,D5J210702523,ตึกเชี่ยวชาญ,3,CVT Ward,,ศัลยกรรมหัวใจและทรวงอก,Active,โรงพยาบาลศูนย์อุดรธานี,อด 0033.1/380/2568 ลงวันที่ 26 สิงหาคม 2568,,,,2026-05-14 17:43:14,System,,,,,,COMPANY,,FALSE,TOTAL,UDH-02103
2131,PRINTER LASER,BROTHER,HL-L5210DN,E816(5J5N769236,ตึกผู้ป่วยนอก (OPD),2,การเงิน,,การเงิน,Active,โรงพยาบาลศูนย์อุดรธานี,อด 0033.1/380/2568 ลงวันที่ 26 สิงหาคม 2568,,,,2026-05-14 17:43:14,System,,,,,,COMPANY,,TRUE,TOTAL,UDH-02104
2132,PRINTER LASER,BROTHER,HL-L5210DN,E81695J5N769354,ตึกผู้ป่วยนอก (OPD),1,ER,โซนแดง,อุบัติเหตุและฉุกเฉิน,Active,โรงพยาบาลศูนย์อุดรธานี,อด 0033.1/380/2568 ลงวันที่ 26 สิงหาคม 2568,,,,2026-05-14 17:43:14,System,,,,,,COMPANY,,TRUE,TOTAL,UDH-02105
2133,PRINTER LASER,BROTHER,HL-L5210DN,E81695J5N769276,ตึกผู้ป่วยนอก (OPD),1,AE ward,,อุบัติเหตุและฉุกเฉิน,Active,โรงพยาบาลศูนย์อุดรธานี,อด 0033.1/380/2568 ลงวันที่ 26 สิงหาคม 2568,,,,2026-05-14 17:43:14,System,,,,,,COMPANY,,TRUE,TOTAL,UDH-02106
1899,PRINTER THERMAL,ZEBRA,ZD421,D6J222700922,ตึกห้อง Lab เบอร์ 10,1,ห้อง LAB เบอร์ 10,,พยาธิวิทยา/ห้องปฏิบัติการ,Retired,โรงพยาบาลศูนย์อุดรธานี,อด 0033.1/380/2568 ลงวันที่ 26 สิงหาคม 2568,,,,2026-05-14 17:43:14,System,,,,,,COMPANY,,FALSE,TOTAL,UDH-01888
2135,PRINTER LASER,BROTHER,HL-L5210DN,E81695J5N769566,ตึกผู้ป่วยนอกเดิม,1,สำนักงานตรวจสอบสิทธิ์ (สสร.),,กลุ่มงานประกันสุขภาพ,Active,โรงพยาบาลศูนย์อุดรธานี,อด 0033.1/380/2568 ลงวันที่ 26 สิงหาคม 2568,,,,2026-05-14 17:43:14,System,,,,,,COMPANY,,TRUE,TOTAL,UDH-02108
1900,PRINTER THERMAL,ZEBRA,ZD421,D6J222702160,ตึกห้อง Lab เบอร์ 10,1,ห้อง LAB เบอร์ 10,,พยาธิวิทยา/ห้องปฏิบัติการ,Active,โรงพยาบาลศูนย์อุดรธานี,อด 0033.1/380/2568 ลงวันที่ 26 สิงหาคม 2568,,,,2026-05-14 17:43:14,System,,,,,,COMPANY,,FALSE,TOTAL,UDH-01889
1901,PRINTER THERMAL,ZEBRA,ZD421,D6J222613740,ตึกห้อง Lab เบอร์ 10,1,ห้อง LAB เบอร์ 10,,พยาธิวิทยา/ห้องปฏิบัติการ,Active,โรงพยาบาลศูนย์อุดรธานี,อด 0033.1/380/2568 ลงวันที่ 26 สิงหาคม 2568,,,,2026-05-14 17:43:14,System,,,,,,COMPANY,,FALSE,TOTAL,UDH-01890
2218,PRINTER LASER,BROTHER,HL-L5210DN,E81695J5N769373,ตึกผู้ป่วยนอก (OPD),1,OPD ศัลยกรรม,ห้องตรวจ 11,ศัลยกรรม,Active,โรงพยาบาลศูนย์อุดรธานี,อด 0033.1/380/2568 ลงวันที่ 26 สิงหาคม 2568,,,,2026-05-14 17:43:14,System,,,,,,COMPANY,,TRUE,TOTAL,UDH-02189
1902,PRINTER THERMAL,ZEBRA,ZD421,D6J222613123,ตึกห้อง Lab เบอร์ 10,1,ห้อง LAB เบอร์ 10,,พยาธิวิทยา/ห้องปฏิบัติการ,Active,โรงพยาบาลศูนย์อุดรธานี,อด 0033.1/380/2568 ลงวันที่ 26 สิงหาคม 2568,,,,2026-05-14 17:43:14,System,,,,,,COMPANY,,FALSE,TOTAL,UDH-01891
1903,PRINTER THERMAL,ZEBRA,ZD421,D6J222613698,ตึกห้อง Lab เบอร์ 10,1,ห้อง LAB เบอร์ 10,,พยาธิวิทยา/ห้องปฏิบัติการ,Active,โรงพยาบาลศูนย์อุดรธานี,อด 0033.1/380/2568 ลงวันที่ 26 สิงหาคม 2568,,,,2026-05-14 17:43:14,System,,,,,,COMPANY,,FALSE,TOTAL,UDH-01892
1904,PRINTER THERMAL,ZEBRA,ZD421,D6J222614709,ตึกห้อง Lab เบอร์ 10,1,ห้อง LAB เบอร์ 10,,พยาธิวิทยา/ห้องปฏิบัติการ,Retired,โรงพยาบาลศูนย์อุดรธานี,อด 0033.1/380/2568 ลงวันที่ 26 สิงหาคม 2568,,,,2026-05-14 17:43:14,System,,,,,,COMPANY,,FALSE,TOTAL,UDH-01893
2142,PRINTER LASER,BROTHER,HL-L5210DN,E81695J5N769331,ตึกศัลยกรรม,5,ศัลยกรรมไฟ้ไหม้น้ำร้อนลวก Burn,,ศัลยกรรม,Active,โรงพยาบาลศูนย์อุดรธานี,อด 0033.1/380/2568 ลงวันที่ 26 สิงหาคม 2568,,,,2026-05-14 17:43:14,System,,,,,,COMPANY,,TRUE,TOTAL,UDH-02115
2143,PRINTER LASER,BROTHER,HL-L5210DN,E81695J5N769449,ตึกเชี่ยวชาญ,2,หน่วยเคมีบำบัดแบบไม่ค้างคืน,,มะเร็งวิทยา,Active,โรงพยาบาลศูนย์อุดรธานี,อด 0033.1/380/2568 ลงวันที่ 26 สิงหาคม 2568,,,,2026-05-14 17:43:14,System,,,,,,COMPANY,,TRUE,TOTAL,UDH-02116
2144,PRINTER LASER,BROTHER,HL-L5210DN,E81695J5N771962,ตึกผู้ป่วยนอก (OPD),3,EKG,ห้องบัตร EKG,เวชระเบียน,Active,โรงพยาบาลศูนย์อุดรธานี,อด 0033.1/380/2568 ลงวันที่ 26 สิงหาคม 2568,,,,2026-05-14 17:43:14,System,,,,,,COMPANY,,TRUE,TOTAL,UDH-02117
2145,PRINTER LASER,BROTHER,HL-L5210DN,E81695J5N771937,ตึกผู้ป่วยนอก (OPD),3,EKG,ห้องตรวจ,ประสาทวิทยา,Active,โรงพยาบาลศูนย์อุดรธานี,อด 0033.1/380/2568 ลงวันที่ 26 สิงหาคม 2568,,,,2026-05-14 17:43:14,System,,,,,,COMPANY,,TRUE,TOTAL,UDH-02118
692,PRINTER THERMAL,ZEBRA,ZD421,D6J222702220,ตึกผู้ป่วยนอก (OPD),1,OPD ศัลยกรรม,จุดบริการ 16,ศัลยกรรม,Active,โรงพยาบาลศูนย์อุดรธานี,อด 0033.1/380/2568 ลงวันที่ 26 สิงหาคม 2568,,,,2026-05-14 17:43:14,System,,,,,,COMPANY,,FALSE,TOTAL,UDH-00688
2147,PRINTER LASER,BROTHER,HL-L5210DN,E81695J5N769435,ตึกหลวงตาบัว,4,หอผู้ป่วยอายุรกรรมชาย,,อายุรกรรม,Active,โรงพยาบาลศูนย์อุดรธานี,อด 0033.1/380/2568 ลงวันที่ 26 สิงหาคม 2568,,,,2026-05-14 17:43:14,System,,,,,,COMPANY,,TRUE,TOTAL,UDH-02120
2148,PRINTER LASER,BROTHER,HL-L5210DN,E81695J5N769438,ตึกผู้ป่วยนอก (OPD),6,ธุรการ,,บริหาร/ยุทธศาสตร์,Active,โรงพยาบาลศูนย์อุดรธานี,อด 0033.1/380/2568 ลงวันที่ 26 สิงหาคม 2568,,,,2026-05-14 17:43:14,System,,,,,,COMPANY,,TRUE,TOTAL,UDH-02121
2149,PRINTER LASER,BROTHER,HL-L5210DN,E81695J5N769392,ตึกผู้ป่วยนอก (OPD),1,ER,โซนแดง,อุบัติเหตุและฉุกเฉิน,Active,โรงพยาบาลศูนย์อุดรธานี,อด 0033.1/380/2568 ลงวันที่ 26 สิงหาคม 2568,,,,2026-05-14 17:43:14,System,,,,,,COMPANY,,TRUE,TOTAL,UDH-02122
2150,PRINTER THERMAL,ZEBRA,ZD421,D6J22613118,ตึกสูตินรีเวช,4,หอผู้ป่วยเบาใจ,,สูตินรีเวชกรรม,Active,โรงพยาบาลศูนย์อุดรธานี,อด 0033.1/380/2568 ลงวันที่ 26 สิงหาคม 2568,,,,2026-05-14 17:43:14,System,,,,,,COMPANY,,FALSE,TOTAL,UDH-02123
2151,PRINTER INKJET A3,BROTHER,HL-T4000DW,E78945J5H865488,ตึกศูนย์แพทย์,2,ศูนย์คอมพิวเตอร์,,ศูนย์คอมพิวเตอร์,Active,ศูนย์แพทย์โรงพยาบาลศูนย์อุดรธานี,,,,,2026-07-03 16:11:39,nikorn2527@gmail.com,,,,,,COMPANY,,TRUE,BW_COLOR,MECUD-00018
2152,PRINTER LASER,BROTHER,HL-L5210DN,E81695J5N772049,ตึกศัลยกรรม,1,ศัลยกรรม 1 Trauma,,ศัลยกรรม,Active,โรงพยาบาลศูนย์อุดรธานี,อด 0033.1/380/2568 ลงวันที่ 26 สิงหาคม 2568,,,,2026-05-14 17:43:14,System,,,,,,COMPANY,,TRUE,TOTAL,UDH-02124
2153,PRINTER LASER,BROTHER,HL-L5210DN,E81695J5N771950,หลังโรงพยาบาลอุดรธานี,1,แผนกเวชกรรมฟื้นฟู,,เวชกรรมฟื้นฟู,Active,โรงพยาบาลศูนย์อุดรธานี,อด 0033.1/380/2568 ลงวันที่ 26 สิงหาคม 2568,,,,2026-05-14 17:43:14,System,,,,,,COMPANY,,TRUE,TOTAL,UDH-02125
2154,PRINTER LASER,BROTHER,HL-L5210DN,E81695J5N769582,ตึกผู้ป่วยนอก (OPD),1,แผนก Refer ศูนย์รับส่ง-ต่อ,,อุบัติเหตุและฉุกเฉิน,Active,โรงพยาบาลศูนย์อุดรธานี,อด 0033.1/380/2568 ลงวันที่ 26 สิงหาคม 2568,,,,2026-05-14 17:43:14,System,,,,,,COMPANY,,TRUE,TOTAL,UDH-02126
2155,PRINTER INKJET A3,BROTHER,HL-T4000DW,E78945J5H865506,ตึกผู้ป่วยนอกเดิม,2,โสตทัศนศึกษา,,โสตทัศนศึกษา / เวชนิทัศน์,Active,โรงพยาบาลศูนย์อุดรธานี,อด 0033.1/380/2568 ลงวันที่ 26 สิงหาคม 2568,,,,2026-05-14 17:43:14,System,,,,,,COMPANY,,TRUE,TOTAL,UDH-02127
2156,PRINTER INKJET A3,BROTHER,HL-T4000DW,E78945K5H390840,ตึกผู้ป่วยนอกเดิม,2,โสตทัศนศึกษา,,โสตทัศนศึกษา / เวชนิทัศน์,Active,โรงพยาบาลศูนย์อุดรธานี,อด 0033.1/380/2568 ลงวันที่ 26 สิงหาคม 2568,,,,2026-05-14 17:43:14,System,,,,,,COMPANY,,TRUE,TOTAL,UDH-02128
693,PRINTER THERMAL,ZEBRA,ZD421,D6J222614781,ตึกผู้ป่วยนอก (OPD),1,OPD ศัลยกรรม,จุดบริการ 17,ศัลยกรรม,Active,โรงพยาบาลศูนย์อุดรธานี,อด 0033.1/380/2568 ลงวันที่ 26 สิงหาคม 2568,,,,2026-05-14 17:43:14,System,,,,,,COMPANY,,FALSE,TOTAL,UDH-00689
2022,PRINTER LASER,OKI,ES5112,BW21000102C0,ตึกผู้ป่วยนอก (OPD),1,OPD ศัลยกรรม,จุดบริการ 17,ศัลยกรรม,Retired,โรงพยาบาลศูนย์อุดรธานี,อด 0033.1/380/2568 ลงวันที่ 26 สิงหาคม 2568,,,,2026-05-14 17:43:14,System,,,,,,COMPANY,,TRUE,TOTAL,UDH-02008
2159,PRINTER LASER,BROTHER,HL-L5210DN,E81695J5N769504,ตึกผู้ป่วยนอกเดิม,2,เวชระเบียนนอก,,เวชระเบียน,Active,โรงพยาบาลศูนย์อุดรธานี,อด 0033.1/380/2568 ลงวันที่ 26 สิงหาคม 2568,,,,2026-05-14 17:43:14,System,,,,,,COMPANY,,TRUE,TOTAL,UDH-02131
2160,PRINTER LASER,BROTHER,HL-L5210DN,E81695J5N772052,ตึกศัลยกรรม,6,ศัลยกรรมชาย,,ศัลยกรรม,Pending Repair,โรงพยาบาลศูนย์อุดรธานี,อด 0033.1/380/2568 ลงวันที่ 26 สิงหาคม 2568,,,,2026-06-12 13:43:14,nikorn2527@gmail.com,,,,,,COMPANY,,TRUE,TOTAL,UDH-02132
2161,PRINTER LASER,BROTHER,HL-L5210DN,E81695J5N769399,ตึกผู้ป่วยนอกเดิม,1,สำนักงานตรวจสอบสิทธิ์ (สสร.),,กลุ่มงานประกันสุขภาพ,Active,โรงพยาบาลศูนย์อุดรธานี,อด 0033.1/380/2568 ลงวันที่ 26 สิงหาคม 2568,,,,2026-05-14 17:43:14,System,,,,,,COMPANY,,TRUE,TOTAL,UDH-02133
2162,PRINTER LASER,BROTHER,HL-L5210DN,E81695J5N769595,ตึก 69 ปี,4,Joint Unit,ห้อง 1,ออร์โธปิดิกส์,Active,โรงพยาบาลศูนย์อุดรธานี,อด 0033.1/380/2568 ลงวันที่ 26 สิงหาคม 2568,,,,2026-05-14 17:43:14,System,,,,,,COMPANY,,TRUE,TOTAL,UDH-02134
2163,PRINTER LASER,BROTHER,HL-L5210DN,E81695J5N769500,ตึก 69 ปี,1,ธุรการ,เภสัชกรรม (ห้องหัวหน้า),บริหาร/ยุทธศาสตร์,Active,โรงพยาบาลศูนย์อุดรธานี,อด 0033.1/380/2568 ลงวันที่ 26 สิงหาคม 2568,,,,2026-08-06 11:58:40,nikorn2527@gmail.com,,,,,,COMPANY,,TRUE,TOTAL,UDH-02135
2164,PRINTER LASER,BROTHER,HL-L5210DN,E81695J5N772039,ตึกผู้ป่วยนอก (OPD),3,OPD สูตินรีเวช,ฝากครรภ์,สูตินรีเวชกรรม,Active,โรงพยาบาลศูนย์อุดรธานี,อด 0033.1/380/2568 ลงวันที่ 26 สิงหาคม 2568,,,,2026-05-14 17:43:14,System,,,,,,COMPANY,,TRUE,TOTAL,UDH-02136
1905,PRINTER THERMAL,ZEBRA,ZD421,D6J222700798,ตึกห้อง Lab เบอร์ 10,1,ห้อง LAB เบอร์ 10,,พยาธิวิทยา/ห้องปฏิบัติการ,Active,โรงพยาบาลศูนย์อุดรธานี,อด 0033.1/380/2568 ลงวันที่ 26 สิงหาคม 2568,,,,2026-05-14 17:43:14,System,,,,,,COMPANY,,FALSE,TOTAL,UDH-01894
2166,PRINTER LASER,BROTHER,HL-L5210DN,E81695J5N771934,อาคารเภสัชกรรม,1,CAPD ไตเทียม,ห้องหัวหน้า,อายุรกรรมโรคไต,Active,โรงพยาบาลศูนย์อุดรธานี,อด 0033.1/380/2568 ลงวันที่ 26 สิงหาคม 2568,,,,2026-05-14 17:43:14,System,,,,,,COMPANY,,TRUE,TOTAL,UDH-02138
1906,PRINTER THERMAL,ZEBRA,ZD421,D6J222614739,ตึกห้อง Lab เบอร์ 10,1,ห้อง LAB เบอร์ 10,,พยาธิวิทยา/ห้องปฏิบัติการ,Active,โรงพยาบาลศูนย์อุดรธานี,อด 0033.1/380/2568 ลงวันที่ 26 สิงหาคม 2568,,,,2026-05-14 17:43:14,System,,,,,,COMPANY,,FALSE,TOTAL,UDH-01895
2168,PRINTER LASER,BROTHER,HL-L5210DN,E81695J5N769264,ตึกผู้ป่วยนอก (OPD),5,กลุ่มงานทรัพยากรบุคคล,,บริหาร/ยุทธศาสตร์,Active,โรงพยาบาลศูนย์อุดรธานี,อด 0033.1/380/2568 ลงวันที่ 26 สิงหาคม 2568,,,,2026-05-14 17:43:14,System,,,,,,COMPANY,,TRUE,TOTAL,UDH-02140
2169,PRINTER LASER,BROTHER,HL-L5210DN,E81695J5N771931,ตึกผู้ป่วยนอก (OPD),5,ประกันสุขภาพ (Wellness),,ส่งเสริมสุขภาพและตรวจสุขภาพ,Active,โรงพยาบาลศูนย์อุดรธานี,อด 0033.1/380/2568 ลงวันที่ 26 สิงหาคม 2568,,,,2026-05-14 17:43:14,System,,,,,,COMPANY,,TRUE,TOTAL,UDH-02141
2170,PRINTER THERMAL,TSC,TE200,TEA24330023,ตึกหลวงตาบัว,4,หอผู้ป่วยอายุรกรรมชาย,,อายุรกรรม,Active,โรงพยาบาลศูนย์อุดรธานี,อด 0033.1/380/2568 ลงวันที่ 26 สิงหาคม 2568,,,,2026-05-14 17:43:14,System,,,,,,COMPANY,,FALSE,TOTAL,UDH-02142
1907,PRINTER THERMAL,HONEYWELL,PC42E-T,25058W05D1,ตึกห้อง Lab เบอร์ 10,1,ห้อง LAB เบอร์ 10,,พยาธิวิทยา/ห้องปฏิบัติการ,Active,โรงพยาบาลศูนย์อุดรธานี,อด 0033.1/380/2568 ลงวันที่ 26 สิงหาคม 2568,,,,2026-05-14 17:43:14,System,,,,,,COMPANY,,FALSE,TOTAL,UDH-01896
2172,PRINTER LASER,BROTHER,HL-L5210DN,E81695J5N769565,ตึกโภชนาการ,1,กลุ่มงานโภชนาศาสตร์,,บริหาร/ยุทธศาสตร์,Active,โรงพยาบาลศูนย์อุดรธานี,อด 0033.1/380/2568 ลงวันที่ 26 สิงหาคม 2568,,,,2026-05-14 17:43:14,System,,,,,,COMPANY,,TRUE,TOTAL,UDH-02144
2173,PRINTER LASER,BROTHER,HL-L5210DN,E81695J5N769405,อาคารคลังยา,1,ธุรการ,คลังยา,เภสัชกรรม,Active,โรงพยาบาลศูนย์อุดรธานี,อด 0033.1/380/2568 ลงวันที่ 26 สิงหาคม 2568,,,,2026-05-14 17:43:14,System,,,,,,COMPANY,,TRUE,TOTAL,UDH-02145
2174,PRINTER LASER,BROTHER,HL-L5210DN,E81695J5N772047,ตึก 69 ปี,1,ธุรการ,เภสัชกรรม,บริหาร/ยุทธศาสตร์,Active,โรงพยาบาลศูนย์อุดรธานี,อด 0033.1/380/2568 ลงวันที่ 26 สิงหาคม 2568,,,,2026-05-14 17:43:14,System,,,,,,COMPANY,,TRUE,TOTAL,UDH-02146
2175,PRINTER LASER,BROTHER,HL-L5210DN,E81695J5N769507,ตึกผู้ป่วยนอกเดิม,1,คลินิกเวชศาสตร์ครอบครัว,,เวชศาสตร์ป้องกันและชุมชน,Active,โรงพยาบาลศูนย์อุดรธานี,อด 0033.1/380/2568 ลงวันที่ 26 สิงหาคม 2568,,,,2026-05-14 17:43:14,System,,,,,,COMPANY,,TRUE,TOTAL,UDH-02147
1912,SCANNERS,CANON,DR-C230,JA431215,ตึกห้อง Lab เบอร์ 10,1,ห้อง LAB เบอร์ 10,,พยาธิวิทยา/ห้องปฏิบัติการ,Active,โรงพยาบาลศูนย์อุดรธานี,อด 0033.1/380/2568 ลงวันที่ 26 สิงหาคม 2568,,,,2026-05-14 17:43:14,System,,,,,,COMPANY,,FALSE,TOTAL,UDH-01901
2177,PRINTER THERMAL,ZEBRA,ZD421,D6J222613755,ตึกเชี่ยวชาญ,3,CVT Ward,,ศัลยกรรมหัวใจและทรวงอก,Active,โรงพยาบาลศูนย์อุดรธานี,อด 0033.1/380/2568 ลงวันที่ 26 สิงหาคม 2568,,,,2026-05-14 17:43:14,System,,,,,,COMPANY,,FALSE,TOTAL,UDH-02148
2178,PRINTER THERMAL,ZEBRA,ZD421,D6J222613124,ตึกหลวงตาบัว,6,หอผู้ป่วยกึ่งวิกฤตอายุรกรรม SICU,,อายุรกรรม,Active,โรงพยาบาลศูนย์อุดรธานี,อด 0033.1/380/2568 ลงวันที่ 26 สิงหาคม 2568,,,,2026-05-14 17:43:14,System,,,,,,COMPANY,,FALSE,TOTAL,UDH-02149
2179,PRINTER LASER,BROTHER,HL-L5210DN,E81695J5N769597,ตึกหลวงตาบัว,2,หอผู้ป่วยอายุรกรรมชาย,,อายุรกรรม,Active,โรงพยาบาลศูนย์อุดรธานี,อด 0033.1/380/2568 ลงวันที่ 26 สิงหาคม 2568,,,,2026-05-14 17:43:14,System,,,,,,COMPANY,,TRUE,TOTAL,UDH-02150
2180,PRINTER LASER,BROTHER,HL-L5210DN,E81695J5N771999,ตึกหลวงตาบัว,5,หอผู้ป่วยอายุรกรรมหญิง,,อายุรกรรม,Active,โรงพยาบาลศูนย์อุดรธานี,อด 0033.1/380/2568 ลงวันที่ 26 สิงหาคม 2568,,,,2026-05-14 17:43:14,System,,,,,,COMPANY,,TRUE,TOTAL,UDH-02151
2181,PRINTER LASER,BROTHER,HL-L5210DN,E81695J5N769505,ตึกหลวงตาบัว,6,หอผู้ป่วยกึ่งวิกฤตอายุรกรรม SICU,,อายุรกรรม,Active,โรงพยาบาลศูนย์อุดรธานี,อด 0033.1/380/2568 ลงวันที่ 26 สิงหาคม 2568,,,,2026-05-14 17:43:14,System,,,,,,COMPANY,,TRUE,TOTAL,UDH-02152
2182,PRINTER LASER,BROTHER,HL-L5210DN,E81695j5N769319,ตึกศัลยกรรม,4,ศัลยกรรมระบบปัสาวะ,,ศัลยกรรม,Active,โรงพยาบาลศูนย์อุดรธานี,อด 0033.1/380/2568 ลงวันที่ 26 สิงหาคม 2568,,,,2026-05-14 17:43:14,System,,,,,,COMPANY,,TRUE,TOTAL,UDH-02153
2183,PRINTER LASER,BROTHER,HL-L5210DN,E81695J5N769386,ตึกผู้ป่วยนอกเดิม,1,สำนักงานตรวจสอบสิทธิ์ (สสร.),,กลุ่มงานประกันสุขภาพ,Active,โรงพยาบาลศูนย์อุดรธานี,อด 0033.1/380/2568 ลงวันที่ 26 สิงหาคม 2568,,,,2026-05-14 17:43:14,System,,,,,,COMPANY,,TRUE,TOTAL,UDH-02154
1985,PRINTER THERMAL,TSC,TE200,TEA24330049,ตึกห้อง Lab เบอร์ 10,2,ห้อง LAB เบอร์ 10,,พยาธิวิทยา/ห้องปฏิบัติการ,Active,โรงพยาบาลศูนย์อุดรธานี,อด 0033.1/380/2568 ลงวันที่ 26 สิงหาคม 2568,,,,2026-05-14 17:43:14,System,,,,,,COMPANY,,FALSE,TOTAL,UDH-01974
2185,PRINTER LASER,BROTHER,HL-L5210DN,E81695J5N771993,ตึกผู้ป่วยนอกเดิม,1,ธุรการ,นภาคลินิก,คลินิก HIV / ARV,Inactive,โรงพยาบาลศูนย์อุดรธานี,อด 0033.1/380/2568 ลงวันที่ 26 สิงหาคม 2568,,,,2026-08-06 12:52:56,nikorn2527@gmail.com,,,,2026-08-06,,COMPANY,,TRUE,TOTAL,UDH-02156
2186,PRINTER LASER,BROTHER,HL-L5210DN,E81695J5N769592,ตึกผู้ป่วยนอก (OPD),5,กลุ่มงานพัฒนาทรัพยากรบุคคล (พรส),,บริหาร/ยุทธศาสตร์,Active,โรงพยาบาลศูนย์อุดรธานี,อด 0033.1/380/2568 ลงวันที่ 26 สิงหาคม 2568,,,,2026-05-14 17:43:14,System,,,,,,COMPANY,,TRUE,TOTAL,UDH-02157
2187,PRINTER LASER,BROTHER,HL-L5210DN,E81695J5N769581,ตึกผู้ป่วยนอก (OPD),5,กลุ่มงานพัฒนาทรัพยากรบุคคล (พรส),,บริหาร/ยุทธศาสตร์,Active,โรงพยาบาลศูนย์อุดรธานี,อด 0033.1/380/2568 ลงวันที่ 26 สิงหาคม 2568,,,,2026-07-03 12:57:02,nikorn2527@gmail.com,,,,,,COMPANY,,TRUE,TOTAL,UDH-02158
1991,PRINTER THERMAL,TSC,TE200,TEA24330022,ตึกห้อง Lab เบอร์ 10,1,ห้อง Lab เบอร์ 10 ,,พยาธิวิทยา/ห้องปฏิบัติการ,Active,โรงพยาบาลศูนย์อุดรธานี,อด 0033.1/380/2568 ลงวันที่ 26 สิงหาคม 2568,,,,2026-05-14 17:43:14,System,,,,,,COMPANY,,FALSE,TOTAL,UDH-01980
2189,PRINTER LASER,BROTHER,HL-L5210DN,E81695J5N769563,ตึกผู้ป่วยนอก (OPD),6,กลุ่มงานการเงิน,,การเงิน,Active,โรงพยาบาลศูนย์อุดรธานี,อด 0033.1/380/2568 ลงวันที่ 26 สิงหาคม 2568,,,,2026-05-14 17:43:14,System,,,,,,COMPANY,,TRUE,TOTAL,UDH-02160
2190,PRINTER THERMAL,TSC,TE200,TEA24330041,ตึก 69 ปี,7,หอผู้ป่วยกุมารเวช 1,,กุมารเวชกรรม,Active,โรงพยาบาลศูนย์อุดรธานี,อด 0033.1/380/2568 ลงวันที่ 26 สิงหาคม 2568,,,,2026-05-14 17:43:14,System,,,,,,COMPANY,,FALSE,TOTAL,UDH-02161
2191,PRINTER LASER,BROTHER,HL-L5210DN,E81695J5N772032,ตึกคลังพัสดุ (ใหม่),2,พยาธิกายวิภาค,,พยาธิวิทยา/ห้องปฏิบัติการ,Active,โรงพยาบาลศูนย์อุดรธานี,อด 0033.1/380/2568 ลงวันที่ 26 สิงหาคม 2568,,,,2026-05-14 17:43:14,System,,,,,,COMPANY,,TRUE,TOTAL,UDH-02162
2192,PRINTER LASER,BROTHER,HL-L5210DN,E81695J5N769447,ตึก 69 ปี,1,ธุรการ,เภสัชกรรม,บริหาร/ยุทธศาสตร์,Active,โรงพยาบาลศูนย์อุดรธานี,อด 0033.1/380/2568 ลงวันที่ 26 สิงหาคม 2568,,,,2026-05-14 17:43:14,System,,,,,,COMPANY,,TRUE,TOTAL,UDH-02163
2193,PRINTER LASER,BROTHER,HL-L5210DN,E81695J5N772048,ตึก 69 ปี,7,หอผู้ป่วยกุมารเวช 1,,กุมารเวชกรรม,Active,โรงพยาบาลศูนย์อุดรธานี,อด 0033.1/380/2568 ลงวันที่ 26 สิงหาคม 2568,,,,2026-05-14 17:43:14,System,,,,,,COMPANY,,TRUE,TOTAL,UDH-02164
2194,PRINTER LASER,BROTHER,HL-L5210DN,E81695J5N769596,ตึกผู้ป่วยนอกเดิม,2,เวชระเบียนใน,,เวชระเบียน,Active,โรงพยาบาลศูนย์อุดรธานี,อด 0033.1/380/2568 ลงวันที่ 26 สิงหาคม 2568,,,,2026-05-14 17:43:14,System,,,,,,COMPANY,,TRUE,TOTAL,UDH-02165
2195,PRINTER LASER,BROTHER,HL-L5210DN,E81695J5N769482,ตึกคลังพัสดุ (ใหม่),2,พยาธิกายวิภาค,,พยาธิวิทยา/ห้องปฏิบัติการ,Active,โรงพยาบาลศูนย์อุดรธานี,อด 0033.1/380/2568 ลงวันที่ 26 สิงหาคม 2568,,,,2026-05-14 17:43:14,System,,,,,,COMPANY,,TRUE,TOTAL,UDH-02166
2196,PRINTER LASER,BROTHER,HL-L5210DN,E81695J5N772002,ตึกศัลยกรรม,6,ศัลยกรรมชาย,,ศัลยกรรม,Active,โรงพยาบาลศูนย์อุดรธานี,อด 0033.1/380/2568 ลงวันที่ 26 สิงหาคม 2568,,,,2026-05-14 17:43:14,System,,,,,,COMPANY,,TRUE,TOTAL,UDH-02167
2197,PRINTER LASER,BROTHER,HL-L5210DN,E81695J5N771958,ตึกผู้ป่วยนอกเดิม,1,นภาคลินิก,,คลินิก HIV / ARV,Active,โรงพยาบาลศูนย์อุดรธานี,อด 0033.1/380/2568 ลงวันที่ 26 สิงหาคม 2568,,,,2026-07-09 15:23:47,nikorn2527@gmail.com,,,2026-07-07,,,COMPANY,,TRUE,TOTAL,UDH-02168
2198,PRINTER LASER,BROTHER,HL-L5210DN,E81695J5N772027,ตึก 69 ปี,1,ธุรการ,เภสัชกรรม,บริหาร/ยุทธศาสตร์,Active,โรงพยาบาลศูนย์อุดรธานี,อด 0033.1/380/2568 ลงวันที่ 26 สิงหาคม 2568,,,,2026-05-14 17:43:14,System,,,,,,COMPANY,,TRUE,TOTAL,UDH-02169
2199,PRINTER LASER,BROTHER,HL-L5210DN,E81695J5N771963,ตึกผู้ป่วยนอก (OPD),4,ทันตกรรม,,ทันตกรรม,Active,โรงพยาบาลศูนย์อุดรธานี,อด 0033.1/380/2568 ลงวันที่ 26 สิงหาคม 2568,,,,2026-05-14 17:43:14,System,,,,,,COMPANY,,TRUE,TOTAL,UDH-02170
2146,PRINTER THERMAL,ZEBRA,ZD421,D6J222613680,ตึกผู้ป่วยนอก (OPD),1,OPD ศัลยกรรม,จุดบริการ 17,ศัลยกรรม,Active,โรงพยาบาลศูนย์อุดรธานี,อด 0033.1/380/2568 ลงวันที่ 26 สิงหาคม 2568,,,,2026-05-14 17:43:14,System,,,,,,COMPANY,,FALSE,TOTAL,UDH-02119
1997,PRINTER THERMAL,TSC,TE200,TEA24290018,ตึกห้อง Lab เบอร์ 10,1,ห้อง LAB เบอร์ 10,,พยาธิวิทยา/ห้องปฏิบัติการ,Active,โรงพยาบาลศูนย์อุดรธานี,อด 0033.1/380/2568 ลงวันที่ 26 สิงหาคม 2568,,,,2026-05-14 17:43:14,System,,,,,,COMPANY,,FALSE,TOTAL,UDH-01986
2202,PRINTER LASER,BROTHER,HL-L5210DN,E81695J5N769508,ตึกผู้ป่วยนอก (OPD),6,ธุรการ,,บริหาร/ยุทธศาสตร์,Active,โรงพยาบาลศูนย์อุดรธานี,อด 0033.1/380/2568 ลงวันที่ 26 สิงหาคม 2568,,,,2026-05-14 17:43:14,System,,,,,,COMPANY,,TRUE,TOTAL,UDH-02173
2203,PRINTER LASER,BROTHER,HL-L5210DN,E81695J5N769328,ตึกศัลยกรรม,5,ศัลยกรรมไฟ้ไหม้น้ำร้อนลวก Burn,,ศัลยกรรม,Active,โรงพยาบาลศูนย์อุดรธานี,อด 0033.1/380/2568 ลงวันที่ 26 สิงหาคม 2568,,,,2026-05-14 17:43:14,System,,,,,,COMPANY,,TRUE,TOTAL,UDH-02174
2204,PRINTER LASER,BROTHER,HL-L5210DN,E81695J5N769487,อาคารคลังยา,1,ธุรการ,คลังยา,เวชกรรมฟื้นฟู,Active,โรงพยาบาลศูนย์อุดรธานี,อด 0033.1/380/2568 ลงวันที่ 26 สิงหาคม 2568,,,,2026-05-14 17:43:14,System,,,,,,COMPANY,,TRUE,TOTAL,UDH-02175
2205,PRINTER THERMAL,TSC,TE200,TEA24330017,หลังโรงพยาบาลอุดรธานี,1,แผนกเวชกรรมฟื้นฟู,,เวชกรรมฟื้นฟู,Active,โรงพยาบาลศูนย์อุดรธานี,อด 0033.1/380/2568 ลงวันที่ 26 สิงหาคม 2568,,,,2026-05-14 17:43:14,System,,,,,,COMPANY,,FALSE,TOTAL,UDH-02176
2206,PRINTER THERMAL,TSC,TE200,TEA24330012,ตึก 69 ปี,5,หอผู้ป่วยออร์โธปิดิกส์พิเศษ,,ออร์โธปิดิกส์,Active,โรงพยาบาลศูนย์อุดรธานี,อด 0033.1/380/2568 ลงวันที่ 26 สิงหาคม 2568,,,,2026-05-26 04:00:35,nikorn2527@gmail.com,,,,,,COMPANY,,FALSE,TOTAL,UDH-02177
2207,PRINTER LASER,BROTHER,HL-L5210DN,E81695J5N769249,ตึกผู้ป่วยนอก (OPD),6,กลุ่มงานการเงิน,,การเงิน,Active,โรงพยาบาลศูนย์อุดรธานี,อด 0033.1/380/2568 ลงวันที่ 26 สิงหาคม 2568,,,,2026-05-14 17:43:14,System,,,,,,COMPANY,,TRUE,TOTAL,UDH-02178
2208,PRINTER THERMAL,HONEYWELL,PC42E-T,24339W09A7,ตึกเชี่ยวชาญ,6,CVT ICU,,ศัลยกรรมหัวใจและทรวงอก,Active,โรงพยาบาลศูนย์อุดรธานี,อด 0033.1/380/2568 ลงวันที่ 26 สิงหาคม 2568,,,,2026-05-14 17:43:14,System,,,,,,COMPANY,,FALSE,TOTAL,UDH-02179
2009,PRINTER THERMAL,HONEYWELL,PC42E-T,25058W07F5,ตึกห้อง Lab เบอร์ 10,1,ห้อง LAB เบอร์ 10,,พยาธิวิทยา/ห้องปฏิบัติการ,Active,โรงพยาบาลศูนย์อุดรธานี,อด 0033.1/380/2568 ลงวันที่ 26 สิงหาคม 2568,,,,2026-05-14 17:43:14,System,,,,,,COMPANY,,FALSE,TOTAL,UDH-01997
2210,PRINTER LASER,BROTHER,HL-L5210DN,E81695J5N769271,ตึกศัลยกรรม,3,ศัลยกรรมหญิง,,ศัลยกรรม,Active,โรงพยาบาลศูนย์อุดรธานี,อด 0033.1/380/2568 ลงวันที่ 26 สิงหาคม 2568,,,,2026-05-14 17:43:14,System,,,,,,COMPANY,,TRUE,TOTAL,UDH-02181
2211,PRINTER THERMAL,BROTHER,ZD421,D6J222700899,ตึกผู้ป่วยนอกเดิม,2,ศูนย์บริการข้าราชการ รัฐวิสาหกิจและประกันชีวิต,,ศูนย์สิทธิ์เบิกได้,Active,โรงพยาบาลศูนย์อุดรธานี,อด 0033.1/380/2568 ลงวันที่ 26 สิงหาคม 2568,,,,2026-05-14 17:43:14,System,,,,,,COMPANY,,FALSE,TOTAL,UDH-02182
2090,PRINTER THERMAL,TSC,TE200,TEA24330006,ตึกห้อง Lab เบอร์ 10,1,ห้อง Lab เบอร์ 10,,พยาธิวิทยา/ห้องปฏิบัติการ,Active,โรงพยาบาลศูนย์อุดรธานี,อด 0033.1/380/2568 ลงวันที่ 26 สิงหาคม 2568,,,,2026-05-14 17:43:14,System,,,,,,COMPANY,,FALSE,TOTAL,UDH-02064
2213,PRINTER THERMAL,ZEBRA,ZD421,D6J222614720,ตึกคลังพัสดุ (ใหม่),1,ธนาคารเลือด,,พยาธิวิทยา/ห้องปฏิบัติการ,Active,โรงพยาบาลศูนย์อุดรธานี,อด 0033.1/380/2568 ลงวันที่ 26 สิงหาคม 2568,,,,2026-05-14 17:43:14,System,,,,,,COMPANY,,FALSE,TOTAL,UDH-02184
2124,PRINTER THERMAL,TSC,TE200,TEA24330005,ตึกห้อง Lab เบอร์ 10,1,ห้อง Lab เบอร์ 10,,พยาธิวิทยา/ห้องปฏิบัติการ,Active,โรงพยาบาลศูนย์อุดรธานี,อด 0033.1/380/2568 ลงวันที่ 26 สิงหาคม 2568,,,,2026-05-26 00:24:44,nikorn2527@gmail.com,,,2026-05-26,,,COMPANY,,FALSE,TOTAL,UDH-02097
694,PRINTER THERMAL,ZEBRA,ZD421,D6J222700880,ตึกผู้ป่วยนอก (OPD),1,OPD ศัลยกรรม,จุดบริการ 18,ศัลยกรรม,Active,โรงพยาบาลศูนย์อุดรธานี,อด 0033.1/380/2568 ลงวันที่ 26 สิงหาคม 2568,,,,2026-05-14 17:43:14,System,,,,,,COMPANY,,FALSE,TOTAL,UDH-00690
2216,PRINTER LASER,BROTHER,HL-L5210DN,E81695J5N769268,ตึกผู้ป่วยนอก (OPD),1,ER,จุดคัดกรอง,อุบัติเหตุและฉุกเฉิน,Active,โรงพยาบาลศูนย์อุดรธานี,อด 0033.1/380/2568 ลงวันที่ 26 สิงหาคม 2568,,,,2026-05-14 17:43:14,System,,,,,,COMPANY,,TRUE,TOTAL,UDH-02187
2217,PRINTER LASER,BROTHER,HL-L5210DN,E81695J5N769583,ตึกผู้ป่วยนอก (OPD),1,ER,จุดคัดกรอง,อุบัติเหตุและฉุกเฉิน,Active,โรงพยาบาลศูนย์อุดรธานี,อด 0033.1/380/2568 ลงวันที่ 26 สิงหาคม 2568,,,,2026-05-14 17:43:14,System,,,,,,COMPANY,,TRUE,TOTAL,UDH-02188
2215,PRINTER LASER,BROTHER,HL-L5210DN,E81695J5N769450,ตึกผู้ป่วยนอก (OPD),1,OPD ศัลยกรรม,จุดบริการ 18,ศัลยกรรม,Active,โรงพยาบาลศูนย์อุดรธานี,อด 0033.1/380/2568 ลงวันที่ 26 สิงหาคม 2568,,,,2026-05-14 17:43:14,System,,,,,,COMPANY,,TRUE,TOTAL,UDH-02186
2167,PRINTER LASER,BROTHER,HL-L5210DN,E81695J5N772050,ตึกห้อง Lab เบอร์ 10,1,ห้อง Lab เบอร์ 10,,พยาธิวิทยา/ห้องปฏิบัติการ,Active,โรงพยาบาลศูนย์อุดรธานี,อด 0033.1/380/2568 ลงวันที่ 26 สิงหาคม 2568,,,,2026-05-14 17:43:14,System,,,,,,COMPANY,,TRUE,TOTAL,UDH-02139
2220,PRINTER LASER,BROTHER,HL-L5210DN,E81695J5N769263,ตึกสงฆ์เก่า,2,แผนกอาชีวะเวชกรรม,,เวชศาสตร์ป้องกันและชุมชน,Active,โรงพยาบาลศูนย์อุดรธานี,อด 0033.1/380/2568 ลงวันที่ 26 สิงหาคม 2568,,,,2026-05-14 17:43:14,System,,,,,,COMPANY,,TRUE,TOTAL,UDH-02191
2221,PRINTER LASER,BROTHER,HL-L5210DN,E81695J5N771948,ตึกผู้ป่วยนอก (OPD),6,สำนักงานอำนวยการ,ห้องรองผู้อำนวยการ,บริหาร/ยุทธศาสตร์,Active,โรงพยาบาลศูนย์อุดรธานี,อด 0033.1/380/2568 ลงวันที่ 26 สิงหาคม 2568,,,,2026-05-14 17:43:14,System,,,,,,COMPANY,,TRUE,TOTAL,UDH-02192
2222,PRINTER INKJET AIO,EPSON,L5290,X8H2029213,ตึกศัลยกรรม,5,ศัลยกรรมไฟ้ไหม้น้ำร้อนลวก Burn,,ศัลยกรรม,Active,โรงพยาบาลศูนย์อุดรธานี,อด 0033.1/380/2568 ลงวันที่ 26 สิงหาคม 2568,,,,2026-05-14 17:43:14,System,เครื่องหน่วยงาน,,,,,DEPT,,TRUE,TOTAL,UDH-02193
2223,PRINTER THERMAL,ZEBRA,ZD421,D6J222700801,ตึกศัลยกรรม,3,ศัลยกรรมหญิง,,ศัลยกรรม,Active,โรงพยาบาลศูนย์อุดรธานี,อด 0033.1/380/2568 ลงวันที่ 26 สิงหาคม 2568,,,,2026-05-14 17:43:14,System,,,,,,COMPANY,,FALSE,TOTAL,UDH-02194
2200,PRINTER THERMAL,ZEBRA,ZD421,D6J222613715,ตึกผู้ป่วยนอก (OPD),1,OPD ศัลยกรรม,จุดบริการ 19,ศัลยกรรม,Active,โรงพยาบาลศูนย์อุดรธานี,อด 0033.1/380/2568 ลงวันที่ 26 สิงหาคม 2568,,,,2026-05-14 17:43:14,System,,,,,,COMPANY,,FALSE,TOTAL,UDH-02171
2225,PRINTER LASER,BROTHER,HL-L5210DN,E81695J5N769262,ตึกผู้ป่วยนอก (OPD),6,งานสารบรรณ,,บริหาร/ยุทธศาสตร์,Active,โรงพยาบาลศูนย์อุดรธานี,อด 0033.1/380/2568 ลงวันที่ 26 สิงหาคม 2568,,,,2026-05-14 17:43:14,System,,,,,,COMPANY,,TRUE,TOTAL,UDH-02196
2226,PRINTER LASER,BROTHER,HL-L5210DN,E81695J5N772054,ตึกศัลยกรรม,1,ศัลยกรรม 1 Trauma,,ศัลยกรรม,Active,โรงพยาบาลศูนย์อุดรธานี,อด 0033.1/380/2568 ลงวันที่ 26 สิงหาคม 2568,,,,2026-05-14 17:43:14,System,,,,,,COMPANY,,TRUE,TOTAL,UDH-02197
2227,PRINTER INKJET A3,BROTHER,HL-T4000DW,E78945J5H865457,ตึกเชี่ยวชาญ,1,แผนก X-ray,,รังสีวิทยา,Active,โรงพยาบาลศูนย์อุดรธานี,อด 0033.1/380/2568 ลงวันที่ 26 สิงหาคม 2568,,,,2026-05-14 17:43:14,System,,,,,,COMPANY,,TRUE,TOTAL,UDH-02198
2228,BARCODE SCANNERS,ZEBRA,DS2208,22150010551698,ตึกหลวงตาบัว,2,หอผู้ป่วยอายุรกรรมชาย,,อายุรกรรม,Active,โรงพยาบาลศูนย์อุดรธานี,อด 0033.1/380/2568 ลงวันที่ 26 สิงหาคม 2568,,,,2026-05-14 17:43:14,System,,,,,,COMPANY,,FALSE,TOTAL,UDH-02199
2229,PRINTER LASER,BROTHER,HL-L5210DN,E81695J5N769407,ตึกหลวงตาบัว,2,หอผู้ป่วยอายุรกรรมชาย,,อายุรกรรม,Active,โรงพยาบาลศูนย์อุดรธานี,อด 0033.1/380/2568 ลงวันที่ 26 สิงหาคม 2568,,,,2026-05-14 17:43:14,System,,,,,,COMPANY,,TRUE,TOTAL,UDH-02200
2230,PRINTER LASER,BROTHER,HL-L5210DN,E81695J5N769589,ตึกคลังพัสดุ (ใหม่),1,ร้านค้าสวัสดิการ,,บริหาร/ยุทธศาสตร์,Active,โรงพยาบาลศูนย์อุดรธานี,อด 0033.1/380/2568 ลงวันที่ 26 สิงหาคม 2568,,,,2026-05-14 17:43:14,System,,,,,,COMPANY,,TRUE,TOTAL,UDH-02201
2231,PRINTER INKJET,EPSON,M3170,X5TT014767,ตึกศูนย์แพทย์,1,ธุรการศูนย์แพทย์,,,Active,ศูนย์แพทย์โรงพยาบาลศูนย์อุดรธานี,,,,,2026-07-03 16:41:53,nikorn2527@gmail.com,,,,,,COMPANY,,TRUE,TOTAL,MECUD-00020
2232,PRINTER INKJET AIO,EPSON,L5290,X8H2029053,ตึกศัลยกรรม,5,ศัลยกรรมไฟ้ไหม้น้ำร้อนลวก Burn,,ศัลยกรรม,Active,โรงพยาบาลศูนย์อุดรธานี,,,,,2026-06-03 01:21:06,nikorn2527@gmail.com,เครื่องหน่วยงาน,,2026-06-01,,,DEPT,,TRUE,TOTAL,UDH-02202
2233,PRINTER THERMAL,HONEYWELL,PC42E-T,25188W02CC,ตึกผู้ป่วยนอกเดิม,1,คลินิกเบาหวาน NCD,จุดบริการ2,อายุรกรรม,Active,โรงพยาบาลศูนย์อุดรธานี,อด 0033.1/380/2568 ลงวันที่ 26 สิงหาคม 2568,,0C:23:69:FA:4B:9F,,2026-06-10 20:51:14,nikorn2527@gmail.com,,,2026-06-11,,,COMPANY,,FALSE,TOTAL,UDH-02203
2234,PRINTER THERMAL,HONEYWELL,PC42E-T,25136W0432,ตึกห้อง Lab เบอร์ 10,1,ห้อง Lab เบอร์ 10,,พยาธิวิทยา/ห้องปฏิบัติการ,Active,โรงพยาบาลศูนย์อุดรธานี,อด 0033.1/380/2568 ลงวันที่ 26 สิงหาคม 2568,,,,2026-06-18 09:48:46,nikorn2527@gmail.com,,,2026-06-12,,,COMPANY,,FALSE,TOTAL,UDH-02204
2235,PRINTER THERMAL,HONEYWELL,PC42E-T,24339W08C7,ตึกผู้ป่วยนอก (OPD),1,ER,โซนชมพู,อุบัติเหตุและฉุกเฉิน,Active,โรงพยาบาลศูนย์อุดรธานี,อด 0033.1/380/2568 ลงวันที่ 26 สิงหาคม 2568,,,,2026-06-24 11:14:34,nikorn2527@gmail.com,,,2026-06-24,,,COMPANY,,FALSE,TOTAL,UDH-02205
1866,BARCODE SCANNERS,ZEBRA,DS2208,S22149010553958,ตึกห้อง Lab เบอร์ 10,1,ห้อง LAB ส่วนกลาง,,พยาธิวิทยา/ห้องปฏิบัติการ,Active,โรงพยาบาลศูนย์อุดรธานี,อด 0033.1/380/2568 ลงวันที่ 26 สิงหาคม 2568,,,,2026-05-14 17:43:14,System,,,,,,COMPANY,,FALSE,TOTAL,UDH-01855
2237,PRINTER INKJET A3,BROTHER,HL-T4000DW,E78945J5H865481,ตึกผู้ป่วยนอกเดิม,1,ศูนย์เทคโนโยยีการเจริญพันธุ์,,สูตินรีเวชกรรม,Active,โรงพยาบาลศูนย์อุดรธานี,อด 0033.1/380/2568 ลงวันที่ 26 สิงหาคม 2568,,94:DD:F8:8B:97:EF,,2026-07-02 14:19:59,nikorn2527@gmail.com,,,2026-07-02,,,COMPANY,,TRUE,TOTAL,UDH-02207
2238,PRINTER THERMAL,TSC,TE200,TEA24330013,ตึกผู้ป่วยนอก (OPD),3,OPD สูตินรีเวช,ฝากครรภ์ เบอร์ 3,สูตินรีเวชกรรม,Active,โรงพยาบาลศูนย์อุดรธานี,อด 0033.1/380/2568 ลงวันที่ 26 สิงหาคม 2568,,,,2026-07-03 15:10:22,nikorn2527@gmail.com,,,2026-07-03,,,COMPANY,,FALSE,TOTAL,UDH-02208
2239,PRINTER INKJET,EPSON,M1120,X5J9016491,อาคารจ่ายกลาง,1,งานจ่ายกลาง,,,Active,โรงพยาบาลนครพนม,,,,,2026-07-03 15:23:34,nikorn2527@gmail.com,,,,,,COMPANY,,TRUE,TOTAL,NKP-00001
2240,PRINTER INKJET,EPSON,M1120,X5J9015323,อาคารเฉลิมพระเกียรติ 9 ชั้น,1,ห้องจ่ายยาผู้ป่วยใน,,,Active,โรงพยาบาลนครพนม,,,,,2026-07-03 15:25:20,nikorn2527@gmail.com,,,,,,COMPANY,,TRUE,TOTAL,NKP-00002
2241,PRINTER INKJET,EPSON,M1120,X5J9015303,อาคารเฉลิมพระเกียรติ 9 ชั้น,1,ห้องจ่ายยาผู้ป่วยใน,,,Active,โรงพยาบาลนครพนม,,,,,2026-07-03 15:25:20,nikorn2527@gmail.com,,,,,,COMPANY,,TRUE,TOTAL,NKP-00003
2242,PRINTER INKJET,EPSON,M1120,X5J9015296,อาคารเฉลิมพระเกียรติ 9 ชั้น,3,อายุรกรรมชาย,,,Active,โรงพยาบาลนครพนม,,,,,2026-07-03 15:25:20,nikorn2527@gmail.com,,,,,,COMPANY,,TRUE,TOTAL,NKP-00004
2243,PRINTER INKJET,EPSON,M1120,X5J9013595,อาคารเฉลิมพระเกียรติ 9 ชั้น,5,พิเศษรับขวัญ,,,Active,โรงพยาบาลนครพนม,,,,,2026-07-03 15:25:20,nikorn2527@gmail.com,,,,,,COMPANY,,TRUE,TOTAL,NKP-00005
2244,PRINTER INKJET,EPSON,M1120,X5J9013507,อาคารซ่อมบำรุง และ งานพัสดุ,2,พัสดุ,,,Active,โรงพยาบาลนครพนม,,,,,2026-07-03 15:25:20,nikorn2527@gmail.com,,,,,,COMPANY,,TRUE,TOTAL,NKP-00006
2245,PRINTER INKJET,EPSON,M1120,X5J9015314,อาคารผลิตยาและคลังยา,1,งานผลิตยา,,,Active,โรงพยาบาลนครพนม,,,,,2026-07-03 15:25:20,nikorn2527@gmail.com,,,,,,COMPANY,,TRUE,TOTAL,NKP-00007
2246,PRINTER INKJET,EPSON,M1120,X5J9013653,อาคารผลิตยาและคลังยา,2,จัดซื้อ,,,Active,โรงพยาบาลนครพนม,,,,,2026-07-03 15:25:20,nikorn2527@gmail.com,,,,,,COMPANY,,TRUE,TOTAL,NKP-00008
2247,PRINTER INKJET,EPSON,M1120,X5J9013518,อาคารผู้ป่วย 58 ปี,1,ห้องคลอด,,,Active,โรงพยาบาลนครพนม,,,,,2026-07-03 15:25:20,nikorn2527@gmail.com,,,,,,COMPANY,,TRUE,TOTAL,NKP-00009
2248,PRINTER INKJET,EPSON,M1120,X5J9013525,อาคารผู้ป่วย 58 ปี,1,ห้องคลอด,,,Active,โรงพยาบาลนครพนม,,,,,2026-07-03 15:25:20,nikorn2527@gmail.com,,,,,,COMPANY,,TRUE,TOTAL,NKP-00010
2249,PRINTER INKJET,EPSON,M1120,X5J9013573,อาคารผู้ป่วย 58 ปี,3,เด็ก2,,,Active,โรงพยาบาลนครพนม,,,,,2026-07-03 15:25:20,nikorn2527@gmail.com,,,,,,COMPANY,,TRUE,TOTAL,NKP-00011
2250,PRINTER INKJET,EPSON,M1120,X5J9013482,อาคารผู้ป่วย 67 ปี,2,หอผู้ป่วยศัลยกรรมกระดูก,,,Active,โรงพยาบาลนครพนม,,,,,2026-07-03 15:25:20,nikorn2527@gmail.com,,,,,,COMPANY,,TRUE,TOTAL,NKP-00012
2251,PRINTER INKJET,EPSON,M1120,X5J9013977,อาคารผู้ป่วย 67 ปี,4,หอผู้ป่วยศัลยกรรมหญิง,,,Active,โรงพยาบาลนครพนม,,,,,2026-07-03 15:25:20,nikorn2527@gmail.com,,,,,,COMPANY,,TRUE,TOTAL,NKP-00013
2252,PRINTER INKJET,EPSON,M1120,X5J9013933,อาคารผู้ป่วยนอก,1,ห้องตรวจผู้ป่วยนอกชั้น 1 เบอร์ 10,,,Active,โรงพยาบาลนครพนม,,,,,2026-07-03 15:25:20,nikorn2527@gmail.com,,,,,,COMPANY,,TRUE,TOTAL,NKP-00014
2253,PRINTER INKJET,EPSON,M1120,X5J9015324,อาคารผู้ป่วยนอก,1,ห้องตรวจผู้ป่วยนอกชั้น 1 เบอร์ 11,,,Active,โรงพยาบาลนครพนม,,,,,2026-07-03 15:25:20,nikorn2527@gmail.com,,,,,,COMPANY,,TRUE,TOTAL,NKP-00015
2254,PRINTER INKJET,EPSON,M1120,X5J9015294,อาคารผู้ป่วยนอก,1,หน้าห้องตรวจผู้ป่วยนอก เบอร์ 12,,,Active,โรงพยาบาลนครพนม,,,,,2026-07-03 15:25:20,nikorn2527@gmail.com,,,,,,COMPANY,,TRUE,TOTAL,NKP-00016
2255,PRINTER INKJET,EPSON,M1120,X5J9015325,อาคารผู้ป่วยนอก,1,ห้องตรวจผู้ป่วยนอกชั้น 1 เบอร์ 13,,,Active,โรงพยาบาลนครพนม,,,,,2026-07-03 15:25:20,nikorn2527@gmail.com,,,,,,COMPANY,,TRUE,TOTAL,NKP-00017
2256,PRINTER INKJET,EPSON,M1120,X5J9013519,อาคารผู้ป่วยนอก,1,ห้องตรวจผู้ป่วยนอกชั้น 1 เบอร์ 14,,,Active,โรงพยาบาลนครพนม,,,,,2026-07-03 15:25:20,nikorn2527@gmail.com,,,,,,COMPANY,,TRUE,TOTAL,NKP-00018
2257,PRINTER INKJET,EPSON,M1120,X5J9015321,อาคารผู้ป่วยนอก,1,หน้าห้องตรวจเบอร์ 10,,,Active,โรงพยาบาลนครพนม,,,,,2026-07-03 15:25:20,nikorn2527@gmail.com,,,,,,COMPANY,,TRUE,TOTAL,NKP-00019
2258,PRINTER INKJET,EPSON,M1120,X5J9016499,อาคารผู้ป่วยนอก,1,หน้าห้องตรวจเบอร์ 11,,,Active,โรงพยาบาลนครพนม,,,,,2026-07-03 15:25:20,nikorn2527@gmail.com,,,,,,COMPANY,,TRUE,TOTAL,NKP-00020
2259,PRINTER INKJET,EPSON,M1120,X5J9015322,อาคารผู้ป่วยนอก,1,หน้าห้องตรวจเบอร์ 14,,,Active,โรงพยาบาลนครพนม,,,,,2026-07-03 15:25:20,nikorn2527@gmail.com,,,,,,COMPANY,,TRUE,TOTAL,NKP-00021
2260,PRINTER INKJET,EPSON,M1120,X5J9013954,อาคารผู้ป่วยนอก,1,หน้าห้องตรวจผู้ป่วยนอก เบอร์ 12,,,In Repair,โรงพยาบาลนครพนม,,,,,2026-07-03 15:42:28,nikorn2527@gmail.com,เครื่องส่งซ่อม,,,,,COMPANY,,TRUE,TOTAL,NKP-00022
2261,PRINTER INKJET,EPSON,M1120,X5J9013506,อาคารผู้ป่วยนอก,1,หน้าห้องฉีดยาทำแผล,,,Active,โรงพยาบาลนครพนม,,,,,2026-07-03 15:25:20,nikorn2527@gmail.com,,,,,,COMPANY,,TRUE,TOTAL,NKP-00023
2262,PRINTER INKJET,EPSON,M1120,X5J9015246,อาคารผู้ป่วยนอก,1,ห้องบัตร,,,Active,โรงพยาบาลนครพนม,,,,,2026-07-03 15:25:20,nikorn2527@gmail.com,,,,,,COMPANY,,TRUE,TOTAL,NKP-00024
2263,PRINTER INKJET,EPSON,M1120,X5J9015312,อาคารผู้ป่วยนอก,1,ห้องบัตรER,,,Active,โรงพยาบาลนครพนม,,,,,2026-07-03 15:25:20,nikorn2527@gmail.com,,,,,,COMPANY,,TRUE,TOTAL,NKP-00025
2264,PRINTER INKJET,EPSON,M1120,X5J9015297,อาคารผู้ป่วยนอก,1,ห้องบัตร,,,Active,โรงพยาบาลนครพนม,,,,,2026-07-03 15:25:20,nikorn2527@gmail.com,,,,,,COMPANY,,TRUE,TOTAL,NKP-00026
2265,PRINTER INKJET,EPSON,M1120,X5J9016511,อาคารผู้ป่วยนอก,1,ประชาสัมพันธ์,,,Active,โรงพยาบาลนครพนม,,,,,2026-07-03 15:25:20,nikorn2527@gmail.com,,,,,,COMPANY,,TRUE,TOTAL,NKP-00027
2266,PRINTER INKJET,EPSON,M1120,X5J9016502,อาคารผู้ป่วยนอก,1,ตรวจสอบสิทธิ์,,,Active,โรงพยาบาลนครพนม,,,,,2026-07-03 15:25:20,nikorn2527@gmail.com,,,,,,COMPANY,,TRUE,TOTAL,NKP-00028
2267,PRINTER INKJET,EPSON,M1120,X5J9015302,อาคารผู้ป่วยนอก,1,ER (พยาบาล),,,Active,โรงพยาบาลนครพนม,,,,,2026-07-03 15:25:20,nikorn2527@gmail.com,,,,,,COMPANY,,TRUE,TOTAL,NKP-00029
2268,PRINTER INKJET,EPSON,M1120,X5J9015328,อาคารผู้ป่วยนอก,1,หน้าห้องตรวจเบอร์ 13,,,Active,โรงพยาบาลนครพนม,,,,,2026-07-03 15:25:20,nikorn2527@gmail.com,,,,,,COMPANY,,TRUE,TOTAL,NKP-00030
2269,PRINTER INKJET,EPSON,M1120,X5J9013516,อาคารผู้ป่วยนอก,1,ห้องจ่ายยา,,เภสัชกรรม,Active,โรงพยาบาลนครพนม,,,,,2026-07-03 15:25:20,nikorn2527@gmail.com,,,,,,COMPANY,,TRUE,TOTAL,NKP-00031
2270,PRINTER INKJET,EPSON,M1120,X5J9013621,อาคารผู้ป่วยนอก,1,ห้องตรวจเบอร์ 9,,,Active,โรงพยาบาลนครพนม,,,,,2026-07-03 15:25:20,nikorn2527@gmail.com,,,,,,COMPANY,,TRUE,TOTAL,NKP-00032
2271,PRINTER INKJET,EPSON,M1120,X5J9016497,อาคารผู้ป่วยนอก,1,การเงิน,,การเงิน,Active,โรงพยาบาลนครพนม,,,,,2026-07-03 15:25:20,nikorn2527@gmail.com,,,,,,COMPANY,,TRUE,TOTAL,NKP-00033
2272,PRINTER INKJET,EPSON,M1120,X5J9013485,อาคารผู้ป่วยนอก,1,ห้องตรวจผู้ป่วยนอกชั้น 1 เบอร์ 12,,,Active,โรงพยาบาลนครพนม,,,,,2026-07-03 15:25:20,nikorn2527@gmail.com,,,,,,COMPANY,,TRUE,TOTAL,NKP-00034
2273,PRINTER INKJET,EPSON,WF-M5899,XCDH000227,อาคารผู้ป่วยนอก,1,ER (พยาบาล),,,Active,โรงพยาบาลนครพนม,,,,,2026-07-03 15:25:20,nikorn2527@gmail.com,,,,,,COMPANY,,TRUE,TOTAL,NKP-00035
2274,PRINTER INKJET,EPSON,M1120,X5J9015320,อาคารผู้ป่วยนอก,2,ศูนย์ตรวจสุขภาพ,,,Active,โรงพยาบาลนครพนม,,,,,2026-07-03 15:25:20,nikorn2527@gmail.com,,,,,,COMPANY,,TRUE,TOTAL,NKP-00036
2275,PRINTER INKJET,EPSON,M1120,X5J9013495,อาคารผู้ป่วยนอก,2,ศูนย์ตรวจสุขภาพ,,,Active,โรงพยาบาลนครพนม,,,,,2026-07-03 15:25:20,nikorn2527@gmail.com,,,,,,COMPANY,,TRUE,TOTAL,NKP-00037
2276,PRINTER INKJET,EPSON,M1120,X5J9015278,อาคารผู้ป่วยนอก,2,ศูนย์ตรวจสุขภาพ,,,Active,โรงพยาบาลนครพนม,,,,,2026-07-03 15:25:20,nikorn2527@gmail.com,,,,,,COMPANY,,TRUE,TOTAL,NKP-00038
2277,PRINTER INKJET,EPSON,M1120,X5J9015256,อาคารผู้ป่วยนอก,2,ห้องตรวจเบาหวาน ความดันเบอร์3,,,Active,โรงพยาบาลนครพนม,,,,,2026-07-03 15:25:20,nikorn2527@gmail.com,,,,,,COMPANY,,TRUE,TOTAL,NKP-00039
2278,PRINTER INKJET,EPSON,M1120,X5J9015283,อาคารผู้ป่วยนอก,2,ห้องตรวจเบาหวาน ความดันเบอร์4,,,Active,โรงพยาบาลนครพนม,,,,,2026-07-03 15:25:20,nikorn2527@gmail.com,,,,,,COMPANY,,TRUE,TOTAL,NKP-00040
2279,PRINTER INKJET,EPSON,M1120,X5J9015306,อาคารผู้ป่วยนอก,2,ห้องตรวจเบาหวาน ความดันเบอร์5,,,Active,โรงพยาบาลนครพนม,,,,,2026-07-03 15:25:20,nikorn2527@gmail.com,,,,,,COMPANY,,TRUE,TOTAL,NKP-00041
2280,PRINTER INKJET,EPSON,M1120,X5J9013589,อาคารผู้ป่วยนอก,2,ห้องตรวจเบาหวาน ความดันเบอร์6,,,Active,โรงพยาบาลนครพนม,,,,,2026-07-03 15:25:20,nikorn2527@gmail.com,,,,,,COMPANY,,TRUE,TOTAL,NKP-00042
2281,PRINTER INKJET,EPSON,M1120,X5J9013572,อาคารผู้ป่วยนอก,2,ห้องตรวจเบาหวาน ความดันเบอร์7,,,Active,โรงพยาบาลนครพนม,,,,,2026-07-03 15:25:20,nikorn2527@gmail.com,,,,,,COMPANY,,TRUE,TOTAL,NKP-00043
2282,PRINTER INKJET,EPSON,M1120,X5J9015309,อาคารผู้ป่วยนอก,2,ARV,,,Active,โรงพยาบาลนครพนม,,,,,2026-07-03 15:25:20,nikorn2527@gmail.com,,,,,,COMPANY,,TRUE,TOTAL,NKP-00044
2283,PRINTER INKJET,EPSON,M1120,X5J9016501,อาคารผู้ป่วยนอก,2,หน้าห้องตรวจเบาหวาน เบอร์ 5,,,Active,โรงพยาบาลนครพนม,,,,,2026-07-03 15:25:20,nikorn2527@gmail.com,,,,,,COMPANY,,TRUE,TOTAL,NKP-00045
2284,PRINTER INKJET,EPSON,M1120,X5J9013501,อาคารผู้ป่วยนอก,2,หน้าห้องตรวจเบอร์ 11,,,Active,โรงพยาบาลนครพนม,,,,,2026-07-03 15:25:20,nikorn2527@gmail.com,,,,,,COMPANY,,TRUE,TOTAL,NKP-00046
2285,PRINTER INKJET,EPSON,M1120,X5J9016514,อาคารผู้ป่วยนอก,2,หน้าห้องตรวจเบอร์ 14,,,Active,โรงพยาบาลนครพนม,,,,,2026-07-03 15:25:20,nikorn2527@gmail.com,,,,,,COMPANY,,TRUE,TOTAL,NKP-00047
2286,PRINTER INKJET,EPSON,M1120,X5J9013577,อาคารผู้ป่วยนอก,2,ห้องตรวจจิตเวช,,,Active,โรงพยาบาลนครพนม,,,,,2026-07-03 15:25:20,nikorn2527@gmail.com,,,,,,COMPANY,,TRUE,TOTAL,NKP-00048
2287,PRINTER INKJET,EPSON,M1120,X5J9015313,อาคารผู้ป่วยนอก,2,หน้าห้องตรวจเบอร์ 13,,,Active,โรงพยาบาลนครพนม,,,,,2026-07-03 15:25:20,nikorn2527@gmail.com,,,,,,COMPANY,,TRUE,TOTAL,NKP-00049
2288,PRINTER INKJET,EPSON,M1120,X5J9013663,อาคารผู้ป่วยนอก,2,หน้าห้องตรวจเบอร์ 16,,,Active,โรงพยาบาลนครพนม,,,,,2026-07-03 15:25:20,nikorn2527@gmail.com,,,,,,COMPANY,,TRUE,TOTAL,NKP-00050
2289,PRINTER INKJET,EPSON,M1120,X5J9015310,อาคารผู้ป่วยนอก,2,ห้องตรวจเบอร์13,,,Active,โรงพยาบาลนครพนม,,,,,2026-07-03 15:25:20,nikorn2527@gmail.com,,,,,,COMPANY,,TRUE,TOTAL,NKP-00051
2290,PRINTER INKJET,EPSON,M1120,X5J9013691,อาคารผู้ป่วยนอก,2,ห้องตรวจเบอร์14,,,Active,โรงพยาบาลนครพนม,,,,,2026-07-03 15:25:20,nikorn2527@gmail.com,,,,,,COMPANY,,TRUE,TOTAL,NKP-00052
2291,PRINTER INKJET,EPSON,M1120,X5J9013497,อาคารผู้ป่วยนอก,2,ห้องตรวจเบอร์15,,,Active,โรงพยาบาลนครพนม,,,,,2026-07-03 15:25:20,nikorn2527@gmail.com,,,,,,COMPANY,,TRUE,TOTAL,NKP-00053
2292,PRINTER INKJET,EPSON,M1120,X5J9013978,อาคารผู้ป่วยนอก,2,ห้องตรวจเบอร์16,,,Active,โรงพยาบาลนครพนม,,,,,2026-07-03 15:25:20,nikorn2527@gmail.com,,,,,,COMPANY,,TRUE,TOTAL,NKP-00054
2293,PRINTER INKJET,EPSON,M1120,X5J9016495,อาคารผู้ป่วยนอก,2,สังคมสงเคราะห์,,สังคมสงเคราะห์,Active,โรงพยาบาลนครพนม,,,,,2026-07-03 15:25:20,nikorn2527@gmail.com,,,,,,COMPANY,,TRUE,TOTAL,NKP-00055
2294,PRINTER INKJET,EPSON,M1120,X5J9015305,อาคารผู้ป่วยนอก,2,ห้องตรวจสูตินารีเวช,,,Active,โรงพยาบาลนครพนม,,,,,2026-07-03 15:25:20,nikorn2527@gmail.com,,,,,,COMPANY,,TRUE,TOTAL,NKP-00056
2295,PRINTER INKJET,EPSON,M1120,X5J9015290,อาคารผู้ป่วยนอก,2,ห้องตรวจสูตินารีเวช,,,Active,โรงพยาบาลนครพนม,,,,,2026-07-03 15:25:20,nikorn2527@gmail.com,,,,,,COMPANY,,TRUE,TOTAL,NKP-00057
2296,PRINTER INKJET,EPSON,M1120,X5J9013681,อาคารผู้ป่วยนอก,2,งานฝากครรภ์,,,Active,โรงพยาบาลนครพนม,,,,,2026-07-03 15:25:20,nikorn2527@gmail.com,,,,,,COMPANY,,TRUE,TOTAL,NKP-00058
2297,PRINTER INKJET,EPSON,M1120,X5J9013490,อาคารผู้ป่วยนอก,2,คลีนิคกุมารเวชกรรม,,,Active,โรงพยาบาลนครพนม,,,,,2026-07-03 15:25:20,nikorn2527@gmail.com,,,,,,COMPANY,,TRUE,TOTAL,NKP-00059
2298,PRINTER INKJET,EPSON,M1120,X5J9013607,อาคารผู้ป่วยนอก,2,คลีนิคกุมารเวชกรรม,,,Active,โรงพยาบาลนครพนม,,,,,2026-07-03 15:25:20,nikorn2527@gmail.com,,,,,,COMPANY,,TRUE,TOTAL,NKP-00060
2299,PRINTER INKJET,EPSON,M1120,X5J9013481,อาคารผู้ป่วยนอก,2,คลีนิคกุมารเวชกรรม,,,Active,โรงพยาบาลนครพนม,,,,,2026-07-03 15:25:20,nikorn2527@gmail.com,,,,,,COMPANY,,TRUE,TOTAL,NKP-00061
2300,PRINTER INKJET,EPSON,M1120,X5J9013534,อาคารผู้ป่วยนอก,2,คลีนิคกุมารเวชกรรม,,,Active,โรงพยาบาลนครพนม,,,,,2026-07-03 15:25:20,nikorn2527@gmail.com,,,,,,COMPANY,,TRUE,TOTAL,NKP-00062
2301,PRINTER INKJET,EPSON,M1120,X5J9015326,อาคารผู้ป่วยนอก,2,เวชระบียน,,,Active,โรงพยาบาลนครพนม,,,,,2026-07-03 15:25:20,nikorn2527@gmail.com,,,,,,COMPANY,,TRUE,TOTAL,NKP-00063
2302,PRINTER INKJET,EPSON,M1120,X5J9013509,อาคารผู้ป่วยนอก,2,ศูนย์จัดเก็บรายได้,,,Active,โรงพยาบาลนครพนม,,,,,2026-07-03 15:25:20,nikorn2527@gmail.com,,,,,,COMPANY,,TRUE,TOTAL,NKP-00064
2303,PRINTER INKJET,EPSON,M1120,X5J9013582,อาคารผู้ป่วยนอก,2,ศูนย์จัดเก็บรายได้,,,Active,โรงพยาบาลนครพนม,,,,,2026-07-03 15:25:20,nikorn2527@gmail.com,,,,,,COMPANY,,TRUE,TOTAL,NKP-00065
2304,PRINTER INKJET,EPSON,M1120,X5J9013510,อาคารผู้ป่วยนอก,2,ศูนย์จัดเก็บรายได้,,,Active,โรงพยาบาลนครพนม,,,,,2026-07-03 15:25:20,nikorn2527@gmail.com,,,,,,COMPANY,,TRUE,TOTAL,NKP-00066
2305,PRINTER INKJET,EPSON,M1120,X5J9013679,อาคารผู้ป่วยนอก,2,คลินิคทางเดินหายใจ,,,Active,โรงพยาบาลนครพนม,,,,,2026-07-03 15:25:20,nikorn2527@gmail.com,,,,,,COMPANY,,TRUE,TOTAL,NKP-00067
2306,PRINTER INKJET,EPSON,M1120,X5J9015311,อาคารผู้ป่วยนอก,2,ห้องตรวจ หูคอจมูก,,,Active,โรงพยาบาลนครพนม,,,,,2026-07-03 15:25:20,nikorn2527@gmail.com,,,,,,COMPANY,,TRUE,TOTAL,NKP-00068
2307,PRINTER INKJET,EPSON,M1120,X5J9013586,อาคารผู้ป่วยนอก,2,ห้องตรวจตา,,,Active,โรงพยาบาลนครพนม,,,,,2026-07-03 15:25:20,nikorn2527@gmail.com,,,,,,COMPANY,,TRUE,TOTAL,NKP-00069
2308,PRINTER INKJET,EPSON,M1120,X5J9013932,อาคารผู้ป่วยนอก,2,ห้องตรวจตา,,,Active,โรงพยาบาลนครพนม,,,,,2026-07-03 15:25:20,nikorn2527@gmail.com,,,,,,COMPANY,,TRUE,TOTAL,NKP-00070
2309,PRINTER INKJET,EPSON,M1120,X5J9013652,อาคารผู้ป่วยนอก,3,เวชกรรมสังคม,,,Active,โรงพยาบาลนครพนม,,,,,2026-07-03 15:25:20,nikorn2527@gmail.com,,,,,,COMPANY,,TRUE,TOTAL,NKP-00071
2310,PRINTER INKJET,EPSON,M1120,X5J9013593,อาคารผู้ป่วยนอก,3,เวชกรรมสังคม,,,Active,โรงพยาบาลนครพนม,,,,,2026-07-03 15:25:20,nikorn2527@gmail.com,,,,,,COMPANY,,TRUE,TOTAL,NKP-00072
2311,PRINTER INKJET,EPSON,M1120,X5J9013571,อาคารผู้ป่วยนอก,3,องค์กรการแพทย์,,,Active,โรงพยาบาลนครพนม,,,,,2026-07-03 15:25:20,nikorn2527@gmail.com,,,,,,COMPANY,,TRUE,TOTAL,NKP-00073
2312,PRINTER INKJET,EPSON,M1120,X5J9013527,อาคารผู้ป่วยนอก,3,ห้องสมุด,,,Active,โรงพยาบาลนครพนม,,,,,2026-07-03 15:25:20,nikorn2527@gmail.com,,,,,,COMPANY,,TRUE,TOTAL,NKP-00074
2313,PRINTER INKJET,EPSON,M1120,X5J9013530,อาคารผู้ป่วยนอก,3,เวชกรรมสังคม,,,Active,โรงพยาบาลนครพนม,,,,,2026-07-03 15:25:20,nikorn2527@gmail.com,,,,,,COMPANY,,TRUE,TOTAL,NKP-00075
2314,PRINTER INKJET,EPSON,M1120,X5J9015301,อาคารผู้ป่วยนอก,4,พัฒนาระบบบริการ,,,Active,โรงพยาบาลนครพนม,,,,,2026-07-03 15:25:20,nikorn2527@gmail.com,,,,,,COMPANY,,TRUE,TOTAL,NKP-00076
2315,PRINTER INKJET,EPSON,M1120,X5J9013960,อาคารผู้ป่วยนอก,4,งาน IC,,,Active,โรงพยาบาลนครพนม,,,,,2026-07-03 15:25:20,nikorn2527@gmail.com,,,,,,COMPANY,,TRUE,TOTAL,NKP-00077
2316,PRINTER INKJET,EPSON,M1120,X5J9013584,อาคารผู้ป่วยนอก,4,กลุ่มการพยาบาล,,เวชศาสตร์ป้องกันและชุมชน,Active,โรงพยาบาลนครพนม,,,,,2026-07-03 15:25:20,nikorn2527@gmail.com,,,,,,COMPANY,,TRUE,TOTAL,NKP-00078
2317,PRINTER INKJET,EPSON,M1120,X5J9013574,อาคารผู้ป่วยนอก,4,กลุ่มการพยาบาล,,เวชศาสตร์ป้องกันและชุมชน,Active,โรงพยาบาลนครพนม,,,,,2026-07-03 15:25:20,nikorn2527@gmail.com,,,,,,COMPANY,,TRUE,TOTAL,NKP-00079
2318,PRINTER INKJET,EPSON,M1120,X5J9015261,อาคารผู้ป่วยนอก,4,งานนิติกร,,,Active,โรงพยาบาลนครพนม,,,,,2026-07-03 15:25:20,nikorn2527@gmail.com,,,,,,COMPANY,,TRUE,TOTAL,NKP-00080
2319,PRINTER INKJET,EPSON,M1120,X5J9013661,อาคารผู้ป่วยนอก,4,งานบัญชี,,,Active,โรงพยาบาลนครพนม,,,,,2026-07-03 15:25:20,nikorn2527@gmail.com,,,,,,COMPANY,,TRUE,TOTAL,NKP-00081
2320,PRINTER INKJET,EPSON,M1120,X5J9015299,อาคารผู้ป่วยนอก,4,งานบัญชี,,,Active,โรงพยาบาลนครพนม,,,,,2026-07-03 15:25:20,nikorn2527@gmail.com,,,,,,COMPANY,,TRUE,TOTAL,NKP-00082
2321,PRINTER INKJET,EPSON,M1120,X5J9013508,อาคารผู้ป่วยนอก,4,งานบัญชี,,,Active,โรงพยาบาลนครพนม,,,,,2026-07-03 15:25:20,nikorn2527@gmail.com,,,,,,COMPANY,,TRUE,TOTAL,NKP-00083
2322,PRINTER INKJET,EPSON,M1120,X5J9015316,อาคารผู้ป่วยนอก,4,งานบัญชี,,,Active,โรงพยาบาลนครพนม,,,,,2026-07-03 15:25:20,nikorn2527@gmail.com,,,,,,COMPANY,,TRUE,TOTAL,NKP-00084
2323,PRINTER INKJET,EPSON,M1120,X5J9013480,อาคารผู้ป่วยนอก,4,การเงิน,,การเงิน,Active,โรงพยาบาลนครพนม,,,,,2026-07-03 15:25:20,nikorn2527@gmail.com,,,,,,COMPANY,,TRUE,TOTAL,NKP-00085
2324,PRINTER INKJET,EPSON,M1120,X5J9013576,อาคารผู้ป่วยนอก,4,การเงิน,,การเงิน,Active,โรงพยาบาลนครพนม,,,,,2026-07-03 15:25:20,nikorn2527@gmail.com,,,,,,COMPANY,,TRUE,TOTAL,NKP-00086
2325,PRINTER INKJET,EPSON,WF-M5899,XCDH000552,อาคารผู้ป่วยนอก,4,งานธุรการ,,,Active,โรงพยาบาลนครพนม,,,,,2026-07-03 15:25:20,nikorn2527@gmail.com,,,,,,COMPANY,,TRUE,TOTAL,NKP-00087
2326,PRINTER INKJET,EPSON,M3170,X5TT015711,อาคารผู้ป่วยนอก,4,ศูนย์คอมฯ,,,Active,โรงพยาบาลนครพนม,,,,,2026-07-03 15:25:20,nikorn2527@gmail.com,รับกลับ,,,,,COMPANY,,TRUE,TOTAL,NKP-00088
2327,PRINTER INKJET,EPSON,M3170,X5TT005795,อาคารผู้ป่วยนอก,4,ศูนย์คอมฯ,,,Active,โรงพยาบาลนครพนม,,,,,2026-07-03 15:25:20,nikorn2527@gmail.com,รับกลับ,,,,,COMPANY,,TRUE,TOTAL,NKP-00089
2328,PRINTER INKJET,EPSON,M1120,X5J9013551,อาคารโภชนาการ,1,งานโภชนาการ,,,Active,โรงพยาบาลนครพนม,,,,,2026-07-03 15:25:20,nikorn2527@gmail.com,,,,,,COMPANY,,TRUE,TOTAL,NKP-00090
2329,PRINTER INKJET,EPSON,M1120,X5J9013677,อาคารโภชนาการ,1,งานโภชนาการ,,,Active,โรงพยาบาลนครพนม,,,,,2026-07-03 15:25:20,nikorn2527@gmail.com,,,,,,COMPANY,,TRUE,TOTAL,NKP-00091
2330,PRINTER INKJET,EPSON,M1120,X5J9015319,อาคารโภชนาการ,1,งานโภชนาการ,,,Active,โรงพยาบาลนครพนม,,,,,2026-07-03 15:25:20,nikorn2527@gmail.com,,,,,,COMPANY,,TRUE,TOTAL,NKP-00092
2331,PRINTER INKJET,EPSON,M1120,X5J9013515,อาคารศูนย์ดูแลต่อเนื่อง (LTC),1,ศูนย์ดูแลต่อเนื่อง,,,Active,โรงพยาบาลนครพนม,,,,,2026-07-03 15:25:20,nikorn2527@gmail.com,,,,,,COMPANY,,TRUE,TOTAL,NKP-00093
2332,PRINTER INKJET,EPSON,M1120,X5J9013512,อาคารศูนย์สุขภาพชุมชน (PCU),1,ศูนย์สุขภาพชุมชน,,,Active,โรงพยาบาลนครพนม,,,,,2026-07-03 15:25:20,nikorn2527@gmail.com,,,,,,COMPANY,,TRUE,TOTAL,NKP-00094
2333,PRINTER INKJET,EPSON,M2140,X5JU002419,อาคารศูนย์สุขภาพชุมชน (PCU),1,แพทย์แผนไทยและการแพทย์ทางเลือก,,,Active,โรงพยาบาลนครพนม,,,,,2026-07-03 15:25:20,nikorn2527@gmail.com,,,,,,COMPANY,,TRUE,TOTAL,NKP-00095
2334,PRINTER INKJET,EPSON,M1120,X5J9014604,อาคารศูนย์หัวใจและหลอดเลือดสมอง,3,ห้อง CCU,,,Active,โรงพยาบาลนครพนม,,,,,2026-07-03 15:25:20,nikorn2527@gmail.com,,,,,,COMPANY,,TRUE,TOTAL,NKP-00096
2335,PRINTER INKJET,EPSON,M1120,X5J9013964,อาคารศูนย์หัวใจและหลอดเลือดสมอง,5,คลินิคทางเดินหายใจ,,,Active,โรงพยาบาลนครพนม,,,,,2026-07-03 15:25:20,nikorn2527@gmail.com,,,,,,COMPANY,,TRUE,TOTAL,NKP-00097
2336,PRINTER INKJET,EPSON,M1120,X5J9015270,อาคารศูนย์หัวใจและหลอดเลือดสมอง,9,กายภาพบำบัด,,เวชกรรมฟื้นฟู,Active,โรงพยาบาลนครพนม,,,,,2026-07-03 15:25:20,nikorn2527@gmail.com,,,,,,COMPANY,,TRUE,TOTAL,NKP-00098
2337,PRINTER INKJET,EPSON,M1120,X5J9013528,อาคารศูนย์หัวใจและหลอดเลือดสมอง,11,พยาธิ(ห้องเพาะเชื้อ),,,Active,โรงพยาบาลนครพนม,,,,,2026-07-03 15:25:20,nikorn2527@gmail.com,,,,,,COMPANY,,TRUE,TOTAL,NKP-00099
2338,PRINTER INKJET,EPSON,M1120,X5J9013483,อาคารศูนย์หัวใจและหลอดเลือดสมอง,11,พยาธิ(ห้องเพาะเชื้อ),,,Active,โรงพยาบาลนครพนม,,,,,2026-07-03 15:25:20,nikorn2527@gmail.com,,,,,,COMPANY,,TRUE,TOTAL,NKP-00100
2339,PRINTER INKJET,EPSON,M1120,X5J9014616,อาคารศูนย์หัวใจและหลอดเลือดสมอง,11,พยาธิ(ห้องสำนักงาน),,,Active,โรงพยาบาลนครพนม,,,,,2026-07-03 15:25:20,nikorn2527@gmail.com,,,,,,COMPANY,,TRUE,TOTAL,NKP-00101
2340,PRINTER INKJET,EPSON,M1120,X5J9013958,อาคารเอกซเรย์ ( ห้องผ่าตัด และ วิสัญญี),2,ICUเด็ก,,,Active,โรงพยาบาลนครพนม,,,,,2026-07-03 15:25:20,nikorn2527@gmail.com,,,,,,COMPANY,,TRUE,TOTAL,NKP-00102
2341,PRINTER INKJET,EPSON,M1120,X5J9013669,อาคารเอกซเรย์ ( ห้องผ่าตัด และ วิสัญญี),3,วิสัญญี,,,Active,โรงพยาบาลนครพนม,,,,,2026-07-03 15:25:20,nikorn2527@gmail.com,,,,,,COMPANY,,TRUE,TOTAL,NKP-00103
2342,PRINTER INKJET,EPSON,M1120,X5J9015293,อาคารเอกซเรย์ ( ห้องผ่าตัด และ วิสัญญี),3,วิสัญญี,,,Active,โรงพยาบาลนครพนม,,,,,2026-07-03 15:25:20,nikorn2527@gmail.com,,,,,,COMPANY,,TRUE,TOTAL,NKP-00104
2343,PRINTER INKJET,EPSON,M1120,X5J9014220,อาคารผู้ป่วยนอก,1,ER (พยาบาล),,,Active,โรงพยาบาลนครพนม,,,,,2026-07-03 15:33:00,nikorn2527@gmail.com,,,,,,COMPANY,,TRUE,TOTAL,NKP-00105
2344,PRINTER INKJET,EPSON,M1120,X5J9014229,อาคารผู้ป่วยนอก,1,ER จุดคัดกรอง,,,Active,โรงพยาบาลนครพนม,,,,,2026-07-03 15:33:00,nikorn2527@gmail.com,,,,,,COMPANY,,TRUE,TOTAL,NKP-00106
2345,PRINTER INKJET,EPSON,M1120,X5J9014241,อาคารผู้ป่วยนอก,1,IT,,,Active,โรงพยาบาลนครพนม,,,,,2026-07-03 15:33:00,nikorn2527@gmail.com,,,,,,COMPANY,,TRUE,TOTAL,NKP-00107
2346,PRINTER INKJET,EPSON,M1120,X5J9014233,อาคารผู้ป่วยนอก,1,ศูนย์จัดเก็บรายได้,,,Active,โรงพยาบาลนครพนม,,,,,2026-07-03 15:33:00,nikorn2527@gmail.com,,,,,,COMPANY,,TRUE,TOTAL,NKP-00108
2347,PRINTER INKJET,EPSON,M1120,X5J9014212,อาคารผู้ป่วยนอก,1,หน้าห้องตรวจเบอร์ 10,,,Active,โรงพยาบาลนครพนม,,,,,2026-07-03 15:33:00,nikorn2527@gmail.com,,,,,,COMPANY,,TRUE,TOTAL,NKP-00109
2348,PRINTER INKJET,EPSON,M1120,X5J9014217,อาคารผู้ป่วยนอก,1,หน้าห้องตรวจเบอร์ 11,,,Active,โรงพยาบาลนครพนม,,,,,2026-07-03 15:33:00,nikorn2527@gmail.com,,,,,,COMPANY,,TRUE,TOTAL,NKP-00110
2349,PRINTER INKJET,EPSON,M1120,X5J9014232,อาคารผู้ป่วยนอก,1,หน้าห้องตรวจเบอร์ 12,,,Active,โรงพยาบาลนครพนม,,,,,2026-07-03 15:33:00,nikorn2527@gmail.com,,,,,,COMPANY,,TRUE,TOTAL,NKP-00111
2350,PRINTER INKJET,EPSON,M1120,X5J9014245,อาคารผู้ป่วยนอก,1,หน้าห้องตรวจเบอร์ 13,,,Active,โรงพยาบาลนครพนม,,,,,2026-07-03 15:33:00,nikorn2527@gmail.com,,,,,,COMPANY,,TRUE,TOTAL,NKP-00112
2351,PRINTER INKJET,EPSON,M1120,X5J9014231,อาคารผู้ป่วยนอก,1,ห้องตรวจผู้ป่วยนอกชั้น 1 เบอร์ 9,,,Active,โรงพยาบาลนครพนม,,,,,2026-07-03 15:33:00,nikorn2527@gmail.com,,,,,,COMPANY,,TRUE,TOTAL,NKP-00113
2352,PRINTER INKJET,EPSON,M1120,X5J9014221,อาคารผู้ป่วยนอก,2,ศูนย์ตรวจสุขภาพ ห้องตรวจ 1,,,Active,โรงพยาบาลนครพนม,,,,,2026-07-03 15:33:00,nikorn2527@gmail.com,,,,,,COMPANY,,TRUE,TOTAL,NKP-00114
1867,BARCODE SCANNERS,ZEBRA,DS2208,S22149010552837,ตึกห้อง Lab เบอร์ 10,1,ห้อง LAB ส่วนกลาง,,พยาธิวิทยา/ห้องปฏิบัติการ,Active,โรงพยาบาลศูนย์อุดรธานี,อด 0033.1/380/2568 ลงวันที่ 26 สิงหาคม 2568,,,,2026-05-14 17:43:14,System,,,,,,COMPANY,,FALSE,TOTAL,UDH-01856
1908,PRINTER THERMAL,ZEBRA,ZD421,D6J222702226,ตึกห้อง Lab เบอร์ 10,1,ห้อง LAB ส่วนกลาง,,พยาธิวิทยา/ห้องปฏิบัติการ,Active,โรงพยาบาลศูนย์อุดรธานี,อด 0033.1/380/2568 ลงวันที่ 26 สิงหาคม 2568,,,,2026-05-14 17:43:14,System,,,,,,COMPANY,,FALSE,TOTAL,UDH-01897
2355,PRINTER LASER,BROTHER,HL-L5210DN,E81695B6N896997,ตึกผู้ป่วยนอก (OPD),2,X-Ray Interrention,ห้องตรวจมวลกระดูก,รังสีวิทยา,Active,โรงพยาบาลศูนย์อุดรธานี,อด 0033.1/380/2568 ลงวันที่ 26 สิงหาคม 2568,,,,2026-07-08 09:21:17,nikorn2527@gmail.com,,,2026-07-06,,,COMPANY,,TRUE,TOTAL,UDH-02209
2356,PRINTER THERMAL,TSC,TE200,TEA24330025,ตึกศัลยกรรม,6,ศัลยกรรมชาย,,ศัลยกรรม,Active,โรงพยาบาลศูนย์อุดรธานี,อด 0033.1/380/2568 ลงวันที่ 26 สิงหาคม 2568,,,,2026-07-08 09:21:01,nikorn2527@gmail.com,ติดตั้งใหม่ 6/7/2026,,2026-07-06,,,COMPANY,,FALSE,TOTAL,UDH-02210
2357,PRINTER LASER,BROTHER,HL-L5210DN,E81695B6N895766,ตึกผู้ป่วยนอก (OPD),6,งานสารบรรณ,,บริหาร/ยุทธศาสตร์,Active,โรงพยาบาลศูนย์อุดรธานี,อด 0033.1/380/2568 ลงวันที่ 26 สิงหาคม 2568,,94:DD:F8:E5:4B:B3,,2026-07-08 09:17:38,nikorn2527@gmail.com,,,2026-07-08,,,COMPANY,,TRUE,TOTAL,UDH-02211
2358,PRINTER LASER,BROTHER,HL-L5210DN,E81695B6N896809,ตึกผู้ป่วยนอก (OPD),4,คลินิกโรคเลือด-และข้อ,จุดบริการที่ 1,อายุรกรรม,Active,โรงพยาบาลศูนย์อุดรธานี,อด 0033.1/380/2568 ลงวันที่ 26 สิงหาคม 2568,,94:DD:F8:E5:4D:1B,,2026-07-09 14:07:44,nikorn2527@gmail.com,,,2026-07-09,,,COMPANY,,TRUE,TOTAL,UDH-02212
2359,PRINTER LASER,BROTHER,HL-L5210DN,E81695B6N895663,ตึกผู้ป่วยนอก (OPD),4,คลินิกโรคเลือด-และข้อ,จุดบริการที่ 2,อายุรกรรม,Active,โรงพยาบาลศูนย์อุดรธานี,อด 0033.1/380/2568 ลงวันที่ 26 สิงหาคม 2568,,94:DD:F8:E5:4B:C6,,2026-07-09 14:09:54,nikorn2527@gmail.com,,,2026-07-09,,,COMPANY,,TRUE,TOTAL,UDH-02213
2360,PRINTER LASER,BROTHER,HL-L5210DN,E81695B6N895793,ตึกเชี่ยวชาญ,2,คลินิกเฉพาะทางมะเร็ง,,มะเร็งวิทยา,Active,โรงพยาบาลศูนย์อุดรธานี,อด 0033.1/380/2568 ลงวันที่ 26 สิงหาคม 2568,,94:DD:F8:E5:4B:7F,,2026-07-09 14:12:26,nikorn2527@gmail.com,,,2026-07-09,,,COMPANY,,TRUE,TOTAL,UDH-02214
2361,PRINTER LASER,BROTHER,HL-L5210DN,E81695B6N895772,ตึกผู้ป่วยนอกเดิม,1,นภาคลินิก,,คลินิก HIV / ARV,Active,โรงพยาบาลศูนย์อุดรธานี,อด 0033.1/380/2568 ลงวันที่ 26 สิงหาคม 2568,,94:DD:FE:5B:AD,,2026-07-14 00:27:34,nikorn2527@gmail.com,,,2026-07-13,,,COMPANY,,TRUE,TOTAL,UDH-02215
2362,PRINTER LASER,BROTHER,HL-L5210DN,E1695B6N899389,ตึกเชี่ยวชาญ,1,X-RAY,ติดต่อ-สอบถาม,X-RAY,Active,โรงพยาบาลศูนย์อุดรธานี,อด 0033.1/380/2568 ลงวันที่ 26 สิงหาคม 2568,,,,2026-07-21 13:27:27,bie3110greedisgood@gmail.con,,,2026-07-21,,,COMPANY,,TRUE,TOTAL,UDH-02216
2363,PRINTER LASER,BROTHER,HL-L5210DN,E81695B6N899407,ตึกผู้ป่วยนอก (OPD),5,ห้องบัตร,,เวชระเบียน,Active,โรงพยาบาลศูนย์อุดรธานี,อด 0033.1/380/2568 ลงวันที่ 26 สิงหาคม 2568,,94:DD:F8:E5:4F:B0,,2026-07-24 12:51:46,nikorn2527@gmail.com,,,2026-07-23,,,COMPANY,,TRUE,TOTAL,UDH-02217
2364,PRINTER INKJET A4,EPSON,L3210,X8HR288991,ตึกผู้ป่วยนอก (OPD),4,OPD จักษุ,ห้องธุรการ,จักษุวิทยา,Active,โรงพยาบาลศูนย์อุดรธานี,,,,,2026-07-27 08:57:38,nikorn2527@gmail.com,,,2026-06-23,,,DEPT,,TRUE,TOTAL,UDH-02218
2365,PRINTER LASER,BROTHER,HL-L5210DN,E81695B6N896620,ตึกผู้ป่วยนอก (OPD),2,ห้องจ่ายยา,,เภสัชกรรม,Active,โรงพยาบาลศูนย์อุดรธานี,อด 0033.1/380/2568 ลงวันที่ 26 สิงหาคม 2568,,94:DD:F8:E5:4B:DB,,2026-07-27 10:42:37,nikorn2527@gmail.com,,,2026-07-27,,,COMPANY,,TRUE,TOTAL,UDH-02219
2366,PRINTER LASER,BROTHER,HL-L5210DN,E81695B6N895724,ตึกผู้ป่วยนอก (OPD),1,OPD ศัลยกรรม,จุดบริการ 12,ศัลยกรรม,Active,โรงพยาบาลศูนย์อุดรธานี,,,,,2026-07-29 16:09:01,bie3110greedisgood@gmail.com,,,2026-07-29,,,LEASED,,TRUE,TOTAL,UDH-02220
2367,PRINTER LASER,BROTHER,HL-L5210DN,E81695B6N899409,ตึกผู้ป่วยนอก (OPD),1,OPD ศัลยกรรม,จุดบริการ 14,ศัลยกรรม,Active,โรงพยาบาลศูนย์อุดรธานี,,,,,2026-07-29 16:13:14,bie3110greedisgood@gmail.com,,,2026-07-29,,,LEASED,,TRUE,TOTAL,UDH-02221
2368,PRINTER LASER,BROTHER,HL-L5210DN,E81695B6N896636,ตึกผู้ป่วยนอก (OPD),1,Refer,ศูนย์รับส่ง-ต่อ,,Active,โรงพยาบาลศูนย์อุดรธานี,อด 0033.1/380/2568 ลงวันที่ 26 สิงหาคม 2568,,,94DDF8E54BCD,2026-07-30 09:58:17,bie3110greedisgood@gmail.com,,,2026-07-30,,,LEASED,,TRUE,TOTAL,UDH-02222
2369,PRINTER THERMAL,HONEYWELL,PC42E-T,25188W0100,ตึกผู้ป่วยนอก (OPD),1,ER,โซนเหลือง,อุบัติเหตุและฉุกเฉิน,Active,โรงพยาบาลศูนย์อุดรธานี,อด 0033.1/380/2568 ลงวันที่ 26 สิงหาคม 2568,,,,2026-08-04 8:20:59,nikorn2527@gmail.com,,,2026-08-03,,,COMPANY,,FALSE,TOTAL,UDH-02223
2370,PRINTER LASER,BROTHER,HL-L5210DN,E81695B6N895725,ตึก 69 ปี,1,ห้องจ่ายยา,,เภสัชกรรม,Active,โรงพยาบาลศูนย์อุดรธานี,อด 0033.1/380/2568 ลงวันที่ 26 สิงหาคม 2568,,,,2026-08-04 11:43:31,nikorn2527@gmail.com,,,2026-08-03,,,COMPANY,,TRUE,TOTAL,UDH-02224
2371,PRINTER LASER AIO,CANON,GM4070,KMKX03556,ตึกผู้ป่วยนอก (OPD),5,กลุ่มงานพัสดุ,ห้องรองฯ,บริหาร/ยุทธศาสตร์,Active,โรงพยาบาลศูนย์อุดรธานี,อด 0033.1/380/2568 ลงวันที่ 26 สิงหาคม 2568,,,,2026-08-04 13:56:49,nikorn2527@gmail.com,,,2026-08-04,,,COMPANY,,TRUE,TOTAL,UDH-02225
2372,PRINTER LASER,BROTHER,HL-L5210DN,E81695B6N896820,ตึกเชี่ยวชาญ,5,ห้องผ่าตัด (OR),ดมยา (OR),ห้องผ่าตัด (OR),Active,โรงพยาบาลศูนย์อุดรธานี,,,,,2026-08-04 15:27:27,bie3110greedisgood@gmail.com,,,2026-08-04,,,COMPANY,,TRUE,TOTAL,UDH-02226
2373,PRINTER THERMAL,HONEYWELL,PC42E-T,25136W0436,ตึกเชี่ยวชาญ,4,ห้องผ่าตัด (UDSC),ห้องพักฟื้น,ห้องผ่าตัด (OR),Active,โรงพยาบาลศูนย์อุดรธานี,อด 0033.1/380/2568 ลงวันที่ 26 สิงหาคม 2568,,,,2026-08-04 15:35:17,bie3110greedisgood@gmail.com,,,2026-08-04,,,COMPANY,,FALSE,TOTAL,UDH-02227
2374,PRINTER LASER,BROTHER,HL-L5210DN,E81695B6N899395,ตึกผู้ป่วยนอก (OPD),2,เวชกรรมฟื้นฟู,จุดบริการ 1,เวชกรรมฟื้นฟู,Active,โรงพยาบาลศูนย์อุดรธานี,อด 0033.1/380/2568 ลงวันที่ 26 สิงหาคม 2568,,,,2026-08-04 15:51:11,nikorn2527@gmail.com,,,2026-08-04,,,COMPANY,,TRUE,TOTAL,UDH-02228
2375,PRINTER LASER,BROTHER,HL-L5210DN,E81695B6N896778,ตึกผู้ป่วยนอก (OPD),2,OPD อายุรกรรม,ห้องตรวจ 12,อายุรกรรม,Active,โรงพยาบาลศูนย์อุดรธานี,อด 0033.1/380/2568 ลงวันที่ 26 สิงหาคม 2568,,94:DD:F8:E5:4D:30,,2026-08-05 8:17:24,nikorn2527@gmail.com,,,2026-08-05,,,COMPANY,,TRUE,TOTAL,UDH-02229
2376,PRINTER LASER,BROTHER,HL-L5210DN,E81695B6N899390,ตึกผู้ป่วยนอก (OPD),2,OPD อายุรกรรม,ห้องตรวจ 16,อายุรกรรม,Active,โรงพยาบาลศูนย์อุดรธานี,อด 0033.1/380/2568 ลงวันที่ 26 สิงหาคม 2568,,94:DD:FE:54:F3:8,,2026-08-05 9:10:41,nikorn2527@gmail.com,,,2026-08-05,,,COMPANY,,TRUE,TOTAL,UDH-02230
2377,PRINTER LASER,BROTHER,HL-L5210DN,E81695B6N895782,ตึก 69 ปี,1,ห้องจ่ายยา,,เภสัชกรรม,Active,โรงพยาบาลศูนย์อุดรธานี,อด 0033.1/380/2568 ลงวันที่ 26 สิงหาคม 2568,,94:DD:F8:E5:4B:87,,2026-08-05 12:18:08,nikorn2527@gmail.com,,,2026-08-05,,,COMPANY,,TRUE,TOTAL,UDH-02231
2378,PRINTER LASER,BROTHER,HL-L5210DN,E81695B6N896795,ตึกผู้ป่วยนอก (OPD),2,ห้องจ่ายยา,,PHA-002,Active,โรงพยาบาลศูนย์อุดรธานี,อด 0033.1/380/2568 ลงวันที่ 26 สิงหาคม 2568,,,,2026-08-11 15:14:11,nikorn2527@gmail.com,,,2026-08-07,,,COMPANY,,TRUE,TOTAL,UDH-02233